Object,Time Step,Vehicle_ID,Latitude,Longitude,Speed_kmh,Traffic_Density,Road_Type,Weather,Data_Type,Urgency_Level,MEC_Server_ID,Server_Load_Percent,Latency_ms
User_16,1,16,7,1,70.0,0.695,Urban,Rain,Text,5.0,5.0,13.67,28.52
User_18,1,18,7,1,45.83,0.125,Highway,Rain,Text,1.0,5.0,13.67,15.25
User_20,1,20,7,1,108.65,0.444,Highway,Rain,Video,4.0,5.0,13.67,21.92
User_48,1,48,7,1,71.47,0.427,Highway,Rain,Sensor,1.0,5.0,13.67,20.55
User_54,1,54,7,1,64.99,0.911,Urban,Clear,Text,2.0,5.0,13.67,26.61
User_55,1,55,7,1,51.32,0.763,Highway,Clear,Emergency,1.0,5.0,13.67,19.98
User_57,1,57,7,1,31.74,0.384,Highway,Fog,Sensor,2.0,5.0,13.67,23.71
User_70,1,70,7,1,115.47,0.865,Urban,Rain,Text,5.0,5.0,13.67,32.44
User_75,1,75,7,1,49.72,0.868,Urban,Fog,Sensor,2.0,5.0,13.67,35.51
User_82,1,82,7,1,48.26,0.696,Highway,Fog,Sensor,4.0,5.0,13.67,28.89
User_83,1,83,7,1,54.61,0.318,Highway,Clear,Sensor,3.0,5.0,13.67,13.41
User_97,1,97,7,1,56.03,0.415,Urban,Rain,Video,5.0,5.0,13.67,23.91
User_132,1,132,7,1,52.6,0.283,Urban,Clear,Text,2.0,5.0,13.67,16.82
User_133,1,133,7,1,75.25,0.17,Rural,Fog,Text,4.0,5.0,13.67,23.81
User_134,1,134,7,1,79.48,0.886,Rural,Fog,Emergency,5.0,5.0,13.67,34.67
User_152,1,152,7,1,83.66,0.353,Rural,Clear,Emergency,1.0,5.0,13.67,16.8
User_158,1,158,7,1,48.99,0.538,Urban,Clear,Text,5.0,5.0,13.67,20.54
User_194,1,194,7,1,82.91,0.868,Highway,Clear,Video,3.0,5.0,13.67,22.51
User_202,1,202,7,1,28.73,0.574,Rural,Fog,Video,1.0,5.0,13.67,28.47
User_7,2,7,2,0,79.49,0.528,Urban,Rain,Emergency,3.0,1.0,95.5,31.3
User_8,2,8,5,3,69.55,0.416,Rural,Clear,Emergency,3.0,6.0,100.0,22.33
User_9,2,9,6,2,50.68,0.364,Rural,Fog,Sensor,5.0,6.0,100.0,25.98
User_10,2,10,6,2,34.78,0.818,Highway,Rain,Sensor,3.0,6.0,100.0,25.31
User_11,2,11,7,3,27.75,0.342,Highway,Fog,Sensor,5.0,6.0,100.0,27.96
User_12,2,12,4,0,63.73,0.264,Highway,Clear,Emergency,5.0,3.0,100.0,17.87
User_13,2,13,6,0,87.76,0.333,Rural,Clear,Video,4.0,3.0,100.0,16.63
User_14,2,14,0,0,49.69,0.198,Highway,Rain,Sensor,5.0,1.0,95.5,16.46
User_15,2,15,4,0,75.0,0.652,Rural,Fog,Text,4.0,3.0,100.0,36.03
User_16,2,16,7,1,70.0,0.695,Urban,Rain,Text,5.0,5.0,25.67,28.52
User_17,2,17,7,3,31.04,0.159,Highway,Fog,Video,1.0,6.0,100.0,25.32
User_18,2,18,7,1,45.83,0.125,Highway,Rain,Text,1.0,5.0,25.67,15.25
User_19,2,19,0,0,61.96,0.876,Rural,Clear,Emergency,4.0,1.0,95.5,24.0
User_20,2,20,7,1,108.65,0.444,Highway,Rain,Video,4.0,5.0,25.67,21.92
User_21,2,21,1,1,30.68,0.813,Rural,Clear,Video,5.0,1.0,95.5,27.12
User_22,2,22,3,1,51.05,0.741,Urban,Rain,Text,5.0,4.0,100.0,38.65
User_23,2,23,2,0,123.01,0.855,Highway,Rain,Sensor,4.0,1.0,95.5,33.52
User_24,2,24,3,1,32.93,0.578,Rural,Clear,Sensor,3.0,1.0,95.5,28.66
User_25,2,25,0,2,25.85,0.754,Urban,Clear,Video,3.0,2.0,69.5,23.09
User_26,2,26,1,3,68.26,0.809,Urban,Clear,Sensor,3.0,2.0,69.5,30.18
User_27,2,27,5,3,108.56,0.615,Urban,Rain,Video,1.0,6.0,100.0,33.48
User_28,2,28,4,0,57.64,0.179,Highway,Rain,Emergency,1.0,6.0,100.0,26.41
User_29,2,29,3,3,25.02,0.251,Highway,Fog,Emergency,4.0,4.0,100.0,26.52
User_30,2,30,1,1,62.26,0.239,Highway,Clear,Emergency,3.0,1.0,95.5,17.45
User_31,2,31,4,0,22.76,0.703,Urban,Clear,Emergency,5.0,3.0,100.0,27.23
User_32,2,32,0,2,140.0,0.74,Rural,Rain,Emergency,5.0,2.0,69.5,29.3
User_33,2,33,1,1,126.43,0.208,Highway,Clear,Video,4.0,1.0,95.5,18.91
User_34,2,34,4,0,44.89,0.249,Highway,Fog,Emergency,3.0,3.0,100.0,27.08
User_35,2,35,5,1,59.59,0.659,Urban,Clear,Text,4.0,3.0,100.0,27.67
User_36,2,36,6,0,66.84,0.229,Urban,Fog,Video,4.0,3.0,100.0,26.44
User_37,2,37,3,3,28.87,0.607,Rural,Rain,Emergency,5.0,4.0,100.0,28.97
User_38,2,38,0,2,48.47,0.884,Urban,Rain,Emergency,5.0,2.0,69.5,30.71
User_39,2,39,3,1,46.09,0.139,Rural,Rain,Sensor,2.0,1.0,95.5,27.47
User_40,2,40,3,1,68.6,0.588,Rural,Clear,Sensor,5.0,4.0,100.0,29.88
User_41,2,41,2,2,57.05,0.503,Rural,Clear,Text,5.0,4.0,100.0,23.26
User_42,2,42,7,3,75.42,0.555,Urban,Rain,Video,3.0,6.0,100.0,31.59
User_43,2,43,4,0,74.4,0.481,Highway,Rain,Video,3.0,3.0,100.0,26.45
User_44,2,44,5,3,109.22,0.505,Highway,Fog,Emergency,4.0,6.0,100.0,32.85
User_45,2,45,3,3,33.74,0.308,Rural,Rain,Emergency,2.0,2.0,69.5,29.63
User_46,2,46,6,2,61.02,0.356,Rural,Rain,Video,5.0,6.0,100.0,21.17
User_47,2,47,1,1,15.19,0.223,Urban,Clear,Emergency,4.0,1.0,95.5,19.8
User_48,2,48,7,1,71.47,0.427,Highway,Rain,Sensor,1.0,5.0,25.67,20.55
User_49,2,49,0,0,79.85,0.629,Rural,Clear,Text,4.0,1.0,95.5,20.83
User_50,2,50,5,3,51.69,0.327,Highway,Clear,Sensor,5.0,6.0,100.0,18.46
User_51,2,51,4,2,60.88,0.825,Rural,Rain,Emergency,5.0,6.0,100.0,33.2
User_52,2,52,6,2,39.63,0.206,Rural,Fog,Text,1.0,6.0,100.0,23.28
User_53,2,53,0,2,69.79,0.196,Urban,Fog,Video,4.0,2.0,69.5,26.03
User_54,2,54,7,1,64.99,0.911,Urban,Clear,Text,2.0,5.0,25.67,26.61
User_55,2,55,7,1,51.32,0.763,Highway,Clear,Emergency,1.0,5.0,25.67,19.98
User_56,2,56,5,1,64.52,0.363,Urban,Clear,Emergency,3.0,3.0,100.0,23.38
User_57,2,57,7,1,31.74,0.384,Highway,Fog,Sensor,2.0,5.0,25.67,23.71
User_58,2,58,0,2,140.0,0.628,Urban,Fog,Video,3.0,2.0,69.5,34.62
User_59,2,59,1,1,33.99,0.425,Highway,Clear,Emergency,2.0,1.0,95.5,19.39
User_60,2,60,3,1,17.38,0.044,Highway,Clear,Sensor,4.0,4.0,100.0,18.18
User_61,2,61,4,2,40.82,0.495,Rural,Rain,Video,2.0,6.0,100.0,27.65
User_62,2,62,4,2,65.5,0.162,Highway,Clear,Sensor,4.0,6.0,100.0,16.39
User_63,2,63,1,3,105.98,0.682,Rural,Clear,Emergency,1.0,2.0,69.5,27.41
User_64,2,64,4,0,21.17,0.92,Highway,Clear,Video,5.0,3.0,100.0,26.44
User_65,2,65,3,3,50.01,0.685,Rural,Rain,Emergency,4.0,4.0,100.0,30.78
User_66,2,66,3,3,136.61,0.664,Rural,Rain,Sensor,3.0,2.0,69.5,38.06
User_67,2,67,3,3,52.99,0.357,Highway,Clear,Text,1.0,2.0,69.5,23.94
User_68,2,68,5,3,23.01,0.513,Highway,Fog,Text,3.0,6.0,100.0,30.39
User_69,2,69,5,3,66.11,0.477,Urban,Fog,Sensor,4.0,6.0,100.0,35.14
User_70,2,70,7,1,115.47,0.865,Urban,Rain,Text,5.0,5.0,25.67,32.44
User_71,2,71,7,3,62.24,0.383,Urban,Fog,Sensor,5.0,6.0,100.0,33.61
User_72,2,72,5,3,19.4,0.609,Highway,Clear,Sensor,2.0,6.0,100.0,21.72
User_73,2,73,6,2,62.24,0.717,Highway,Fog,Text,5.0,6.0,100.0,29.62
User_74,2,74,0,0,104.16,0.012,Rural,Fog,Emergency,4.0,1.0,95.5,22.3
User_75,2,75,7,1,49.72,0.868,Urban,Fog,Sensor,2.0,5.0,25.67,35.51
User_76,2,76,1,1,74.63,0.211,Highway,Clear,Emergency,3.0,1.0,95.5,17.4
User_77,2,77,3,1,29.0,0.526,Urban,Rain,Video,2.0,1.0,95.5,34.76
User_78,2,78,7,3,45.74,0.11,Urban,Fog,Emergency,3.0,6.0,100.0,29.02
User_79,2,79,6,0,36.94,0.299,Highway,Fog,Text,4.0,3.0,100.0,22.59
User_80,2,80,1,3,99.36,0.286,Urban,Rain,Text,5.0,4.0,100.0,23.27
User_81,2,81,3,1,48.24,0.126,Urban,Clear,Emergency,3.0,1.0,95.5,24.34
User_82,2,82,7,1,48.26,0.696,Highway,Fog,Sensor,4.0,5.0,25.67,28.89
User_83,2,83,7,1,54.61,0.318,Highway,Clear,Sensor,3.0,5.0,25.67,13.41
User_84,2,84,5,1,52.28,0.136,Rural,Fog,Text,3.0,6.0,100.0,27.61
User_85,2,85,6,0,28.7,0.548,Highway,Clear,Emergency,1.0,5.0,25.67,21.08
User_86,2,86,6,0,12.41,0.941,Highway,Clear,Emergency,1.0,5.0,25.67,26.49
User_87,2,87,0,2,45.0,0.715,Rural,Fog,Text,1.0,2.0,69.5,31.08
User_88,2,88,3,1,75.49,0.578,Highway,Fog,Text,1.0,1.0,95.5,37.93
User_89,2,89,6,2,40.52,0.545,Highway,Rain,Sensor,1.0,6.0,100.0,21.39
User_90,2,90,4,0,67.21,0.237,Rural,Rain,Emergency,4.0,3.0,100.0,24.57
User_91,2,91,5,1,56.28,0.415,Highway,Clear,Video,5.0,3.0,100.0,19.91
User_92,2,92,4,2,88.84,0.809,Highway,Rain,Emergency,1.0,6.0,100.0,31.8
User_93,2,93,1,3,93.03,0.21,Highway,Fog,Text,4.0,4.0,100.0,22.94
User_94,2,94,0,2,64.44,0.774,Highway,Fog,Sensor,5.0,2.0,69.5,30.54
User_95,2,95,5,3,27.92,0.12,Highway,Fog,Emergency,5.0,6.0,100.0,24.64
User_96,2,96,6,2,28.55,0.405,Urban,Rain,Text,5.0,6.0,100.0,22.93
User_97,2,97,7,1,56.03,0.415,Urban,Rain,Video,5.0,5.0,25.67,23.91
User_98,2,98,5,1,42.1,0.503,Rural,Clear,Video,3.0,6.0,100.0,22.81
User_99,2,99,0,0,31.34,0.633,Rural,Clear,Sensor,5.0,1.0,95.5,19.44
User_100,2,100,0,2,63.4,0.926,Highway,Clear,Video,3.0,2.0,69.5,22.79
User_101,2,101,4,0,54.2,0.85,Urban,Clear,Sensor,4.0,3.0,100.0,30.38
User_102,2,102,1,1,19.14,0.378,Highway,Clear,Video,3.0,1.0,95.5,18.24
User_103,2,103,3,1,69.93,0.6,Urban,Fog,Text,4.0,4.0,100.0,42.1
User_104,2,104,2,0,57.03,0.259,Highway,Fog,Video,4.0,1.0,95.5,27.6
User_105,2,105,4,0,31.72,0.762,Highway,Fog,Emergency,5.0,3.0,100.0,34.38
User_106,2,106,1,3,50.27,0.453,Urban,Clear,Sensor,2.0,2.0,69.5,24.3
User_107,2,107,3,3,73.73,0.338,Highway,Clear,Emergency,1.0,2.0,69.5,24.28
User_108,2,108,2,2,45.4,0.802,Urban,Fog,Video,5.0,4.0,100.0,39.39
User_109,2,109,0,0,54.94,0.875,Rural,Clear,Emergency,4.0,1.0,95.5,23.77
User_110,2,110,7,3,86.05,0.402,Highway,Rain,Sensor,5.0,6.0,100.0,25.61
User_111,2,111,5,1,43.99,0.862,Highway,Fog,Text,3.0,6.0,100.0,36.25
User_112,2,112,3,3,65.07,0.697,Urban,Rain,Text,5.0,4.0,100.0,33.41
User_113,2,113,6,2,51.91,0.609,Highway,Rain,Sensor,4.0,6.0,100.0,22.69
User_114,2,114,3,1,55.09,0.486,Urban,Fog,Text,3.0,1.0,95.5,39.94
User_115,2,115,1,3,19.84,0.332,Highway,Clear,Video,4.0,4.0,100.0,12.58
User_116,2,116,4,2,74.66,0.42,Highway,Clear,Emergency,4.0,6.0,100.0,20.54
User_117,2,117,6,2,41.84,0.246,Highway,Fog,Emergency,2.0,6.0,100.0,21.95
User_118,2,118,3,3,77.6,0.448,Urban,Clear,Sensor,5.0,4.0,100.0,25.05
User_119,2,119,5,3,49.34,0.623,Urban,Clear,Emergency,4.0,6.0,100.0,26.83
User_120,2,120,1,1,108.23,0.693,Urban,Rain,Sensor,2.0,1.0,95.5,34.64
User_121,2,121,4,0,49.54,0.651,Highway,Rain,Emergency,1.0,6.0,100.0,33.25
User_122,2,122,2,2,62.3,0.558,Rural,Rain,Emergency,2.0,2.0,69.5,29.24
User_123,2,123,6,2,47.43,0.468,Highway,Fog,Emergency,1.0,5.0,25.67,30.44
User_124,2,124,0,2,87.97,0.583,Rural,Fog,Video,4.0,2.0,69.5,30.38
User_125,2,125,3,1,35.19,0.692,Highway,Fog,Emergency,5.0,4.0,100.0,38.44
User_126,2,126,4,0,45.26,0.292,Highway,Fog,Text,5.0,3.0,100.0,27.74
User_127,2,127,2,0,123.18,0.644,Urban,Fog,Video,4.0,1.0,95.5,39.36
User_128,2,128,2,0,56.79,0.237,Rural,Rain,Sensor,3.0,1.0,95.5,24.26
User_129,2,129,4,2,77.3,0.265,Rural,Fog,Video,4.0,6.0,100.0,30.29
User_130,2,130,4,0,58.24,0.912,Urban,Rain,Emergency,1.0,5.0,25.67,41.43
User_131,2,131,7,3,31.28,0.86,Rural,Rain,Sensor,4.0,6.0,100.0,32.84
User_132,2,132,7,1,52.6,0.283,Urban,Clear,Text,2.0,5.0,25.67,16.82
User_133,2,133,7,1,75.25,0.17,Rural,Fog,Text,4.0,5.0,25.67,23.81
User_134,2,134,7,1,79.48,0.886,Rural,Fog,Emergency,5.0,5.0,25.67,34.67
User_135,2,135,5,1,67.97,0.515,Urban,Rain,Video,3.0,6.0,100.0,30.76
User_136,2,136,1,1,49.83,0.172,Highway,Rain,Emergency,3.0,1.0,95.5,21.07
User_137,2,137,6,0,101.02,0.543,Urban,Fog,Emergency,4.0,3.0,100.0,32.18
User_138,2,138,2,2,28.64,0.68,Highway,Rain,Emergency,5.0,4.0,100.0,28.06
User_139,2,139,6,0,100.44,0.591,Urban,Fog,Video,1.0,5.0,25.67,37.88
User_140,2,140,5,3,87.72,0.483,Highway,Fog,Text,4.0,6.0,100.0,31.88
User_141,2,141,2,0,42.28,0.609,Urban,Clear,Sensor,1.0,1.0,95.5,26.4
User_142,2,142,3,3,73.87,0.663,Urban,Fog,Emergency,1.0,2.0,69.5,43.16
User_143,2,143,2,2,66.12,0.953,Urban,Clear,Video,4.0,4.0,100.0,32.28
User_144,2,144,1,3,134.95,0.611,Rural,Clear,Emergency,5.0,4.0,100.0,22.21
User_145,2,145,6,0,38.11,0.811,Urban,Rain,Emergency,5.0,3.0,100.0,29.31
User_146,2,146,2,2,98.56,0.3,Urban,Clear,Text,4.0,2.0,69.5,23.46
User_147,2,147,6,2,49.37,0.311,Highway,Rain,Sensor,5.0,6.0,100.0,18.15
User_148,2,148,2,2,63.85,0.869,Urban,Rain,Video,3.0,2.0,69.5,35.95
User_149,2,149,6,0,127.56,0.655,Highway,Rain,Sensor,5.0,3.0,100.0,25.65
User_150,2,150,0,0,140.0,0.367,Rural,Clear,Video,2.0,1.0,95.5,18.7
User_151,2,151,1,3,78.45,0.682,Rural,Rain,Emergency,1.0,2.0,69.5,31.58
User_152,2,152,7,1,83.66,0.353,Rural,Clear,Emergency,1.0,5.0,25.67,16.8
User_153,2,153,0,2,67.47,0.396,Rural,Fog,Emergency,5.0,2.0,69.5,26.96
User_154,2,154,7,3,46.38,0.066,Urban,Rain,Sensor,4.0,6.0,100.0,23.38
User_155,2,155,6,2,109.28,0.302,Urban,Rain,Sensor,5.0,6.0,100.0,23.81
User_156,2,156,5,3,46.21,0.289,Highway,Clear,Emergency,1.0,5.0,25.67,22.72
User_157,2,157,4,2,43.83,0.078,Urban,Clear,Text,2.0,6.0,100.0,18.48
User_158,2,158,7,1,48.99,0.538,Urban,Clear,Text,5.0,5.0,25.67,20.54
User_159,2,159,1,3,79.31,0.695,Highway,Rain,Video,4.0,2.0,69.5,29.8
User_160,2,160,5,1,93.88,0.336,Urban,Rain,Sensor,1.0,6.0,100.0,28.86
User_161,2,161,2,2,46.66,0.455,Rural,Rain,Emergency,3.0,2.0,69.5,27.22
User_162,2,162,4,2,123.87,0.804,Urban,Rain,Video,4.0,6.0,100.0,36.78
User_163,2,163,3,1,24.45,0.07,Highway,Fog,Text,4.0,1.0,95.5,28.78
User_164,2,164,5,3,22.87,0.665,Highway,Fog,Text,3.0,6.0,100.0,32.66
User_165,2,165,4,0,84.27,0.682,Rural,Rain,Text,1.0,5.0,25.67,36.76
User_166,2,166,6,2,64.8,0.727,Urban,Rain,Video,3.0,6.0,100.0,28.85
User_167,2,167,4,0,70.6,0.466,Highway,Rain,Video,3.0,6.0,100.0,31.11
User_168,2,168,1,1,61.26,0.736,Highway,Rain,Emergency,5.0,1.0,95.5,29.88
User_169,2,169,1,3,13.65,0.432,Rural,Clear,Video,1.0,2.0,69.5,20.89
User_170,2,170,6,0,32.37,0.404,Rural,Fog,Video,1.0,5.0,25.67,31.03
User_171,2,171,4,2,35.0,0.714,Rural,Rain,Emergency,2.0,6.0,100.0,30.76
User_172,2,172,3,3,80.27,0.445,Highway,Fog,Video,4.0,2.0,69.5,36.08
User_173,2,173,5,1,27.89,0.622,Urban,Fog,Video,2.0,6.0,100.0,36.17
User_174,2,174,5,1,55.85,0.034,Highway,Fog,Text,5.0,3.0,100.0,24.19
User_175,2,175,1,3,20.34,0.737,Rural,Fog,Video,2.0,2.0,69.5,35.67
User_176,2,176,4,2,69.05,0.759,Rural,Fog,Text,1.0,5.0,25.67,42.46
User_177,2,177,5,1,46.51,0.633,Urban,Clear,Sensor,2.0,3.0,100.0,26.89
User_178,2,178,1,1,37.73,0.456,Highway,Rain,Video,2.0,1.0,95.5,24.97
User_179,2,179,4,0,94.34,0.573,Highway,Rain,Video,5.0,3.0,100.0,28.43
User_180,2,180,1,3,92.4,0.697,Rural,Clear,Text,1.0,2.0,69.5,27.23
User_181,2,181,4,0,75.8,0.321,Rural,Fog,Text,2.0,6.0,100.0,36.09
User_182,2,182,5,3,44.65,0.565,Rural,Fog,Emergency,4.0,6.0,100.0,33.81
User_183,2,183,4,0,52.1,0.654,Highway,Clear,Emergency,2.0,6.0,100.0,28.37
User_184,2,184,1,3,58.97,0.297,Rural,Fog,Text,4.0,2.0,69.5,30.22
User_185,2,185,7,3,30.49,0.591,Rural,Clear,Video,2.0,6.0,100.0,23.78
User_186,2,186,5,1,21.07,0.322,Highway,Fog,Sensor,5.0,3.0,100.0,27.46
User_187,2,187,1,3,28.55,0.482,Highway,Rain,Video,1.0,2.0,69.5,25.09
User_188,2,188,4,2,39.94,0.797,Rural,Fog,Sensor,1.0,5.0,25.67,42.15
User_189,2,189,3,3,24.82,0.072,Highway,Clear,Sensor,1.0,2.0,69.5,18.82
User_190,2,190,3,3,56.08,0.798,Rural,Fog,Text,1.0,2.0,69.5,42.65
User_191,2,191,4,0,34.65,0.335,Rural,Fog,Sensor,1.0,5.0,25.67,35.06
User_192,2,192,3,3,42.05,0.472,Rural,Clear,Emergency,5.0,4.0,100.0,22.34
User_193,2,193,3,1,140.0,0.674,Urban,Clear,Text,4.0,1.0,95.5,35.31
User_194,2,194,7,1,82.91,0.868,Highway,Clear,Video,3.0,5.0,25.67,22.51
User_195,2,195,7,3,93.83,0.436,Highway,Clear,Sensor,3.0,6.0,100.0,21.35
User_196,2,196,0,2,77.21,0.63,Rural,Clear,Text,3.0,2.0,69.5,20.77
User_197,2,197,2,2,46.81,0.463,Rural,Clear,Video,3.0,2.0,69.5,22.35
User_198,2,198,4,2,44.05,0.894,Urban,Rain,Video,2.0,6.0,100.0,35.73
User_199,2,199,4,2,76.37,0.385,Rural,Fog,Sensor,3.0,6.0,100.0,32.07
User_200,2,200,1,1,33.48,0.825,Rural,Clear,Emergency,2.0,1.0,95.5,27.38
User_201,2,201,4,0,47.9,0.309,Urban,Fog,Text,4.0,3.0,100.0,32.07
User_202,2,202,7,1,28.73,0.574,Rural,Fog,Video,1.0,5.0,25.67,28.47
User_203,2,203,0,0,50.3,0.455,Urban,Clear,Video,3.0,1.0,95.5,19.33
User_204,2,204,1,3,49.21,0.287,Highway,Clear,Text,1.0,2.0,69.5,17.78
User_205,2,205,6,0,17.43,0.942,Highway,Rain,Text,5.0,3.0,100.0,26.65
User_206,2,206,6,2,63.02,0.44,Urban,Fog,Sensor,2.0,6.0,100.0,29.49
User_7,3,7,2,0,79.49,0.528,Urban,Rain,Emergency,3.0,1.0,95.5,31.3
User_8,3,8,5,3,69.55,0.416,Rural,Clear,Emergency,3.0,6.0,100.0,22.33
User_9,3,9,6,2,50.68,0.364,Rural,Fog,Sensor,5.0,6.0,100.0,25.98
User_10,3,10,6,2,34.78,0.818,Highway,Rain,Sensor,3.0,6.0,100.0,25.31
User_11,3,11,7,3,27.75,0.342,Highway,Fog,Sensor,5.0,6.0,100.0,27.96
User_12,3,12,4,0,63.73,0.264,Highway,Clear,Emergency,5.0,3.0,100.0,17.87
User_13,3,13,6,0,87.76,0.333,Rural,Clear,Video,4.0,3.0,100.0,16.63
User_14,3,14,0,0,49.69,0.198,Highway,Rain,Sensor,5.0,1.0,95.5,16.46
User_15,3,15,4,0,75.0,0.652,Rural,Fog,Text,4.0,3.0,100.0,36.03
User_16,3,16,7,1,70.0,0.695,Urban,Rain,Text,5.0,5.0,25.67,28.52
User_17,3,17,7,3,31.04,0.159,Highway,Fog,Video,1.0,6.0,100.0,25.32
User_18,3,18,7,1,45.83,0.125,Highway,Rain,Text,1.0,5.0,25.67,15.25
User_19,3,19,0,0,61.96,0.876,Rural,Clear,Emergency,4.0,1.0,95.5,24.0
User_20,3,20,7,1,108.65,0.444,Highway,Rain,Video,4.0,5.0,25.67,21.92
User_21,3,21,1,1,30.68,0.813,Rural,Clear,Video,5.0,1.0,95.5,27.12
User_22,3,22,3,1,51.05,0.741,Urban,Rain,Text,5.0,4.0,100.0,38.65
User_23,3,23,2,0,123.01,0.855,Highway,Rain,Sensor,4.0,1.0,95.5,33.52
User_24,3,24,3,1,32.93,0.578,Rural,Clear,Sensor,3.0,1.0,95.5,28.66
User_25,3,25,0,2,25.85,0.754,Urban,Clear,Video,3.0,2.0,69.5,23.09
User_26,3,26,1,3,68.26,0.809,Urban,Clear,Sensor,3.0,2.0,69.5,30.18
User_27,3,27,5,3,108.56,0.615,Urban,Rain,Video,1.0,6.0,100.0,33.48
User_28,3,28,4,0,57.64,0.179,Highway,Rain,Emergency,1.0,6.0,100.0,26.41
User_29,3,29,3,3,25.02,0.251,Highway,Fog,Emergency,4.0,4.0,100.0,26.52
User_30,3,30,1,1,62.26,0.239,Highway,Clear,Emergency,3.0,1.0,95.5,17.45
User_31,3,31,4,0,22.76,0.703,Urban,Clear,Emergency,5.0,3.0,100.0,27.23
User_32,3,32,0,2,140.0,0.74,Rural,Rain,Emergency,5.0,2.0,69.5,29.3
User_33,3,33,1,1,126.43,0.208,Highway,Clear,Video,4.0,1.0,95.5,18.91
User_34,3,34,4,0,44.89,0.249,Highway,Fog,Emergency,3.0,3.0,100.0,27.08
User_35,3,35,5,1,59.59,0.659,Urban,Clear,Text,4.0,3.0,100.0,27.67
User_36,3,36,6,0,66.84,0.229,Urban,Fog,Video,4.0,3.0,100.0,26.44
User_37,3,37,3,3,28.87,0.607,Rural,Rain,Emergency,5.0,4.0,100.0,28.97
User_38,3,38,0,2,48.47,0.884,Urban,Rain,Emergency,5.0,2.0,69.5,30.71
User_39,3,39,3,1,46.09,0.139,Rural,Rain,Sensor,2.0,1.0,95.5,27.47
User_40,3,40,3,1,68.6,0.588,Rural,Clear,Sensor,5.0,4.0,100.0,29.88
User_41,3,41,2,2,57.05,0.503,Rural,Clear,Text,5.0,4.0,100.0,23.26
User_42,3,42,7,3,75.42,0.555,Urban,Rain,Video,3.0,6.0,100.0,31.59
User_43,3,43,4,0,74.4,0.481,Highway,Rain,Video,3.0,3.0,100.0,26.45
User_44,3,44,5,3,109.22,0.505,Highway,Fog,Emergency,4.0,6.0,100.0,32.85
User_45,3,45,3,3,33.74,0.308,Rural,Rain,Emergency,2.0,2.0,69.5,29.63
User_46,3,46,6,2,61.02,0.356,Rural,Rain,Video,5.0,6.0,100.0,21.17
User_47,3,47,1,1,15.19,0.223,Urban,Clear,Emergency,4.0,1.0,95.5,19.8
User_48,3,48,7,1,71.47,0.427,Highway,Rain,Sensor,1.0,5.0,25.67,20.55
User_49,3,49,0,0,79.85,0.629,Rural,Clear,Text,4.0,1.0,95.5,20.83
User_50,3,50,5,3,51.69,0.327,Highway,Clear,Sensor,5.0,6.0,100.0,18.46
User_51,3,51,4,2,60.88,0.825,Rural,Rain,Emergency,5.0,6.0,100.0,33.2
User_52,3,52,6,2,39.63,0.206,Rural,Fog,Text,1.0,6.0,100.0,23.28
User_53,3,53,0,2,69.79,0.196,Urban,Fog,Video,4.0,2.0,69.5,26.03
User_54,3,54,7,1,64.99,0.911,Urban,Clear,Text,2.0,5.0,25.67,26.61
User_55,3,55,7,1,51.32,0.763,Highway,Clear,Emergency,1.0,5.0,25.67,19.98
User_56,3,56,5,1,64.52,0.363,Urban,Clear,Emergency,3.0,3.0,100.0,23.38
User_57,3,57,7,1,31.74,0.384,Highway,Fog,Sensor,2.0,5.0,25.67,23.71
User_58,3,58,0,2,140.0,0.628,Urban,Fog,Video,3.0,2.0,69.5,34.62
User_59,3,59,1,1,33.99,0.425,Highway,Clear,Emergency,2.0,1.0,95.5,19.39
User_60,3,60,3,1,17.38,0.044,Highway,Clear,Sensor,4.0,4.0,100.0,18.18
User_61,3,61,4,2,40.82,0.495,Rural,Rain,Video,2.0,6.0,100.0,27.65
User_62,3,62,4,2,65.5,0.162,Highway,Clear,Sensor,4.0,6.0,100.0,16.39
User_63,3,63,1,3,105.98,0.682,Rural,Clear,Emergency,1.0,2.0,69.5,27.41
User_64,3,64,4,0,21.17,0.92,Highway,Clear,Video,5.0,3.0,100.0,26.44
User_65,3,65,3,3,50.01,0.685,Rural,Rain,Emergency,4.0,4.0,100.0,30.78
User_66,3,66,3,3,136.61,0.664,Rural,Rain,Sensor,3.0,2.0,69.5,38.06
User_67,3,67,3,3,52.99,0.357,Highway,Clear,Text,1.0,2.0,69.5,23.94
User_68,3,68,5,3,23.01,0.513,Highway,Fog,Text,3.0,6.0,100.0,30.39
User_69,3,69,5,3,66.11,0.477,Urban,Fog,Sensor,4.0,6.0,100.0,35.14
User_70,3,70,7,1,115.47,0.865,Urban,Rain,Text,5.0,5.0,25.67,32.44
User_71,3,71,7,3,62.24,0.383,Urban,Fog,Sensor,5.0,6.0,100.0,33.61
User_72,3,72,5,3,19.4,0.609,Highway,Clear,Sensor,2.0,6.0,100.0,21.72
User_73,3,73,6,2,62.24,0.717,Highway,Fog,Text,5.0,6.0,100.0,29.62
User_74,3,74,0,0,104.16,0.012,Rural,Fog,Emergency,4.0,1.0,95.5,22.3
User_75,3,75,7,1,49.72,0.868,Urban,Fog,Sensor,2.0,5.0,25.67,35.51
User_76,3,76,1,1,74.63,0.211,Highway,Clear,Emergency,3.0,1.0,95.5,17.4
User_77,3,77,3,1,29.0,0.526,Urban,Rain,Video,2.0,1.0,95.5,34.76
User_78,3,78,7,3,45.74,0.11,Urban,Fog,Emergency,3.0,6.0,100.0,29.02
User_79,3,79,6,0,36.94,0.299,Highway,Fog,Text,4.0,3.0,100.0,22.59
User_80,3,80,1,3,99.36,0.286,Urban,Rain,Text,5.0,4.0,100.0,23.27
User_81,3,81,3,1,48.24,0.126,Urban,Clear,Emergency,3.0,1.0,95.5,24.34
User_82,3,82,7,1,48.26,0.696,Highway,Fog,Sensor,4.0,5.0,25.67,28.89
User_83,3,83,7,1,54.61,0.318,Highway,Clear,Sensor,3.0,5.0,25.67,13.41
User_84,3,84,5,1,52.28,0.136,Rural,Fog,Text,3.0,6.0,100.0,27.61
User_85,3,85,6,0,28.7,0.548,Highway,Clear,Emergency,1.0,5.0,25.67,21.08
User_86,3,86,6,0,12.41,0.941,Highway,Clear,Emergency,1.0,5.0,25.67,26.49
User_87,3,87,0,2,45.0,0.715,Rural,Fog,Text,1.0,2.0,69.5,31.08
User_88,3,88,3,1,75.49,0.578,Highway,Fog,Text,1.0,1.0,95.5,37.93
User_89,3,89,6,2,40.52,0.545,Highway,Rain,Sensor,1.0,6.0,100.0,21.39
User_90,3,90,4,0,67.21,0.237,Rural,Rain,Emergency,4.0,3.0,100.0,24.57
User_91,3,91,5,1,56.28,0.415,Highway,Clear,Video,5.0,3.0,100.0,19.91
User_92,3,92,4,2,88.84,0.809,Highway,Rain,Emergency,1.0,6.0,100.0,31.8
User_93,3,93,1,3,93.03,0.21,Highway,Fog,Text,4.0,4.0,100.0,22.94
User_94,3,94,0,2,64.44,0.774,Highway,Fog,Sensor,5.0,2.0,69.5,30.54
User_95,3,95,5,3,27.92,0.12,Highway,Fog,Emergency,5.0,6.0,100.0,24.64
User_96,3,96,6,2,28.55,0.405,Urban,Rain,Text,5.0,6.0,100.0,22.93
User_97,3,97,7,1,56.03,0.415,Urban,Rain,Video,5.0,5.0,25.67,23.91
User_98,3,98,5,1,42.1,0.503,Rural,Clear,Video,3.0,6.0,100.0,22.81
User_99,3,99,0,0,31.34,0.633,Rural,Clear,Sensor,5.0,1.0,95.5,19.44
User_100,3,100,0,2,63.4,0.926,Highway,Clear,Video,3.0,2.0,69.5,22.79
User_101,3,101,4,0,54.2,0.85,Urban,Clear,Sensor,4.0,3.0,100.0,30.38
User_102,3,102,1,1,19.14,0.378,Highway,Clear,Video,3.0,1.0,95.5,18.24
User_103,3,103,3,1,69.93,0.6,Urban,Fog,Text,4.0,4.0,100.0,42.1
User_104,3,104,2,0,57.03,0.259,Highway,Fog,Video,4.0,1.0,95.5,27.6
User_105,3,105,4,0,31.72,0.762,Highway,Fog,Emergency,5.0,3.0,100.0,34.38
User_106,3,106,1,3,50.27,0.453,Urban,Clear,Sensor,2.0,2.0,69.5,24.3
User_107,3,107,3,3,73.73,0.338,Highway,Clear,Emergency,1.0,2.0,69.5,24.28
User_108,3,108,2,2,45.4,0.802,Urban,Fog,Video,5.0,4.0,100.0,39.39
User_109,3,109,0,0,54.94,0.875,Rural,Clear,Emergency,4.0,1.0,95.5,23.77
User_110,3,110,7,3,86.05,0.402,Highway,Rain,Sensor,5.0,6.0,100.0,25.61
User_111,3,111,5,1,43.99,0.862,Highway,Fog,Text,3.0,6.0,100.0,36.25
User_112,3,112,3,3,65.07,0.697,Urban,Rain,Text,5.0,4.0,100.0,33.41
User_113,3,113,6,2,51.91,0.609,Highway,Rain,Sensor,4.0,6.0,100.0,22.69
User_114,3,114,3,1,55.09,0.486,Urban,Fog,Text,3.0,1.0,95.5,39.94
User_115,3,115,1,3,19.84,0.332,Highway,Clear,Video,4.0,4.0,100.0,12.58
User_116,3,116,4,2,74.66,0.42,Highway,Clear,Emergency,4.0,6.0,100.0,20.54
User_117,3,117,6,2,41.84,0.246,Highway,Fog,Emergency,2.0,6.0,100.0,21.95
User_118,3,118,3,3,77.6,0.448,Urban,Clear,Sensor,5.0,4.0,100.0,25.05
User_119,3,119,5,3,49.34,0.623,Urban,Clear,Emergency,4.0,6.0,100.0,26.83
User_120,3,120,1,1,108.23,0.693,Urban,Rain,Sensor,2.0,1.0,95.5,34.64
User_121,3,121,4,0,49.54,0.651,Highway,Rain,Emergency,1.0,6.0,100.0,33.25
User_122,3,122,2,2,62.3,0.558,Rural,Rain,Emergency,2.0,2.0,69.5,29.24
User_123,3,123,6,2,47.43,0.468,Highway,Fog,Emergency,1.0,5.0,25.67,30.44
User_124,3,124,0,2,87.97,0.583,Rural,Fog,Video,4.0,2.0,69.5,30.38
User_125,3,125,3,1,35.19,0.692,Highway,Fog,Emergency,5.0,4.0,100.0,38.44
User_126,3,126,4,0,45.26,0.292,Highway,Fog,Text,5.0,3.0,100.0,27.74
User_127,3,127,2,0,123.18,0.644,Urban,Fog,Video,4.0,1.0,95.5,39.36
User_128,3,128,2,0,56.79,0.237,Rural,Rain,Sensor,3.0,1.0,95.5,24.26
User_129,3,129,4,2,77.3,0.265,Rural,Fog,Video,4.0,6.0,100.0,30.29
User_130,3,130,4,0,58.24,0.912,Urban,Rain,Emergency,1.0,5.0,25.67,41.43
User_131,3,131,7,3,31.28,0.86,Rural,Rain,Sensor,4.0,6.0,100.0,32.84
User_132,3,132,7,1,52.6,0.283,Urban,Clear,Text,2.0,5.0,25.67,16.82
User_133,3,133,7,1,75.25,0.17,Rural,Fog,Text,4.0,5.0,25.67,23.81
User_134,3,134,7,1,79.48,0.886,Rural,Fog,Emergency,5.0,5.0,25.67,34.67
User_135,3,135,5,1,67.97,0.515,Urban,Rain,Video,3.0,6.0,100.0,30.76
User_136,3,136,1,1,49.83,0.172,Highway,Rain,Emergency,3.0,1.0,95.5,21.07
User_137,3,137,6,0,101.02,0.543,Urban,Fog,Emergency,4.0,3.0,100.0,32.18
User_138,3,138,2,2,28.64,0.68,Highway,Rain,Emergency,5.0,4.0,100.0,28.06
User_139,3,139,6,0,100.44,0.591,Urban,Fog,Video,1.0,5.0,25.67,37.88
User_140,3,140,5,3,87.72,0.483,Highway,Fog,Text,4.0,6.0,100.0,31.88
User_141,3,141,2,0,42.28,0.609,Urban,Clear,Sensor,1.0,1.0,95.5,26.4
User_142,3,142,3,3,73.87,0.663,Urban,Fog,Emergency,1.0,2.0,69.5,43.16
User_143,3,143,2,2,66.12,0.953,Urban,Clear,Video,4.0,4.0,100.0,32.28
User_144,3,144,1,3,134.95,0.611,Rural,Clear,Emergency,5.0,4.0,100.0,22.21
User_145,3,145,6,0,38.11,0.811,Urban,Rain,Emergency,5.0,3.0,100.0,29.31
User_146,3,146,2,2,98.56,0.3,Urban,Clear,Text,4.0,2.0,69.5,23.46
User_147,3,147,6,2,49.37,0.311,Highway,Rain,Sensor,5.0,6.0,100.0,18.15
User_148,3,148,2,2,63.85,0.869,Urban,Rain,Video,3.0,2.0,69.5,35.95
User_149,3,149,6,0,127.56,0.655,Highway,Rain,Sensor,5.0,3.0,100.0,25.65
User_150,3,150,0,0,140.0,0.367,Rural,Clear,Video,2.0,1.0,95.5,18.7
User_151,3,151,1,3,78.45,0.682,Rural,Rain,Emergency,1.0,2.0,69.5,31.58
User_152,3,152,7,1,83.66,0.353,Rural,Clear,Emergency,1.0,5.0,25.67,16.8
User_153,3,153,0,2,67.47,0.396,Rural,Fog,Emergency,5.0,2.0,69.5,26.96
User_154,3,154,7,3,46.38,0.066,Urban,Rain,Sensor,4.0,6.0,100.0,23.38
User_155,3,155,6,2,109.28,0.302,Urban,Rain,Sensor,5.0,6.0,100.0,23.81
User_156,3,156,5,3,46.21,0.289,Highway,Clear,Emergency,1.0,5.0,25.67,22.72
User_157,3,157,4,2,43.83,0.078,Urban,Clear,Text,2.0,6.0,100.0,18.48
User_158,3,158,7,1,48.99,0.538,Urban,Clear,Text,5.0,5.0,25.67,20.54
User_159,3,159,1,3,79.31,0.695,Highway,Rain,Video,4.0,2.0,69.5,29.8
User_160,3,160,5,1,93.88,0.336,Urban,Rain,Sensor,1.0,6.0,100.0,28.86
User_161,3,161,2,2,46.66,0.455,Rural,Rain,Emergency,3.0,2.0,69.5,27.22
User_162,3,162,4,2,123.87,0.804,Urban,Rain,Video,4.0,6.0,100.0,36.78
User_163,3,163,3,1,24.45,0.07,Highway,Fog,Text,4.0,1.0,95.5,28.78
User_164,3,164,5,3,22.87,0.665,Highway,Fog,Text,3.0,6.0,100.0,32.66
User_165,3,165,4,0,84.27,0.682,Rural,Rain,Text,1.0,5.0,25.67,36.76
User_166,3,166,6,2,64.8,0.727,Urban,Rain,Video,3.0,6.0,100.0,28.85
User_167,3,167,4,0,70.6,0.466,Highway,Rain,Video,3.0,6.0,100.0,31.11
User_168,3,168,1,1,61.26,0.736,Highway,Rain,Emergency,5.0,1.0,95.5,29.88
User_169,3,169,1,3,13.65,0.432,Rural,Clear,Video,1.0,2.0,69.5,20.89
User_170,3,170,6,0,32.37,0.404,Rural,Fog,Video,1.0,5.0,25.67,31.03
User_171,3,171,4,2,35.0,0.714,Rural,Rain,Emergency,2.0,6.0,100.0,30.76
User_172,3,172,3,3,80.27,0.445,Highway,Fog,Video,4.0,2.0,69.5,36.08
User_173,3,173,5,1,27.89,0.622,Urban,Fog,Video,2.0,6.0,100.0,36.17
User_174,3,174,5,1,55.85,0.034,Highway,Fog,Text,5.0,3.0,100.0,24.19
User_175,3,175,1,3,20.34,0.737,Rural,Fog,Video,2.0,2.0,69.5,35.67
User_176,3,176,4,2,69.05,0.759,Rural,Fog,Text,1.0,5.0,25.67,42.46
User_177,3,177,5,1,46.51,0.633,Urban,Clear,Sensor,2.0,3.0,100.0,26.89
User_178,3,178,1,1,37.73,0.456,Highway,Rain,Video,2.0,1.0,95.5,24.97
User_179,3,179,4,0,94.34,0.573,Highway,Rain,Video,5.0,3.0,100.0,28.43
User_180,3,180,1,3,92.4,0.697,Rural,Clear,Text,1.0,2.0,69.5,27.23
User_181,3,181,4,0,75.8,0.321,Rural,Fog,Text,2.0,6.0,100.0,36.09
User_182,3,182,5,3,44.65,0.565,Rural,Fog,Emergency,4.0,6.0,100.0,33.81
User_183,3,183,4,0,52.1,0.654,Highway,Clear,Emergency,2.0,6.0,100.0,28.37
User_184,3,184,1,3,58.97,0.297,Rural,Fog,Text,4.0,2.0,69.5,30.22
User_185,3,185,7,3,30.49,0.591,Rural,Clear,Video,2.0,6.0,100.0,23.78
User_186,3,186,5,1,21.07,0.322,Highway,Fog,Sensor,5.0,3.0,100.0,27.46
User_187,3,187,1,3,28.55,0.482,Highway,Rain,Video,1.0,2.0,69.5,25.09
User_188,3,188,4,2,39.94,0.797,Rural,Fog,Sensor,1.0,5.0,25.67,42.15
User_189,3,189,3,3,24.82,0.072,Highway,Clear,Sensor,1.0,2.0,69.5,18.82
User_190,3,190,3,3,56.08,0.798,Rural,Fog,Text,1.0,2.0,69.5,42.65
User_191,3,191,4,0,34.65,0.335,Rural,Fog,Sensor,1.0,5.0,25.67,35.06
User_192,3,192,3,3,42.05,0.472,Rural,Clear,Emergency,5.0,4.0,100.0,22.34
User_193,3,193,3,1,140.0,0.674,Urban,Clear,Text,4.0,1.0,95.5,35.31
User_194,3,194,7,1,82.91,0.868,Highway,Clear,Video,3.0,5.0,25.67,22.51
User_195,3,195,7,3,93.83,0.436,Highway,Clear,Sensor,3.0,6.0,100.0,21.35
User_196,3,196,0,2,77.21,0.63,Rural,Clear,Text,3.0,2.0,69.5,20.77
User_197,3,197,2,2,46.81,0.463,Rural,Clear,Video,3.0,2.0,69.5,22.35
User_198,3,198,4,2,44.05,0.894,Urban,Rain,Video,2.0,6.0,100.0,35.73
User_199,3,199,4,2,76.37,0.385,Rural,Fog,Sensor,3.0,6.0,100.0,32.07
User_200,3,200,1,1,33.48,0.825,Rural,Clear,Emergency,2.0,1.0,95.5,27.38
User_201,3,201,4,0,47.9,0.309,Urban,Fog,Text,4.0,3.0,100.0,32.07
User_202,3,202,7,1,28.73,0.574,Rural,Fog,Video,1.0,5.0,25.67,28.47
User_203,3,203,0,0,50.3,0.455,Urban,Clear,Video,3.0,1.0,95.5,19.33
User_204,3,204,1,3,49.21,0.287,Highway,Clear,Text,1.0,2.0,69.5,17.78
User_205,3,205,6,0,17.43,0.942,Highway,Rain,Text,5.0,3.0,100.0,26.65
User_206,3,206,6,2,63.02,0.44,Urban,Fog,Sensor,2.0,6.0,100.0,29.49
User_7,4,7,2,0,79.49,0.528,Urban,Rain,Emergency,3.0,1.0,95.5,31.3
User_8,4,8,5,3,69.55,0.416,Rural,Clear,Emergency,3.0,6.0,100.0,22.33
User_9,4,9,6,2,50.68,0.364,Rural,Fog,Sensor,5.0,6.0,100.0,25.98
User_10,4,10,6,2,34.78,0.818,Highway,Rain,Sensor,3.0,6.0,100.0,25.31
User_11,4,11,7,3,27.75,0.342,Highway,Fog,Sensor,5.0,6.0,100.0,27.96
User_12,4,12,4,0,63.73,0.264,Highway,Clear,Emergency,5.0,3.0,100.0,17.87
User_13,4,13,6,0,87.76,0.333,Rural,Clear,Video,4.0,3.0,100.0,16.63
User_14,4,14,0,0,49.69,0.198,Highway,Rain,Sensor,5.0,1.0,95.5,16.46
User_15,4,15,4,0,75.0,0.652,Rural,Fog,Text,4.0,3.0,100.0,36.03
User_16,4,16,7,1,70.0,0.695,Urban,Rain,Text,5.0,5.0,25.67,28.52
User_17,4,17,7,3,31.04,0.159,Highway,Fog,Video,1.0,6.0,100.0,25.32
User_18,4,18,7,1,45.83,0.125,Highway,Rain,Text,1.0,5.0,25.67,15.25
User_19,4,19,0,0,61.96,0.876,Rural,Clear,Emergency,4.0,1.0,95.5,24.0
User_20,4,20,7,1,108.65,0.444,Highway,Rain,Video,4.0,5.0,25.67,21.92
User_21,4,21,1,1,30.68,0.813,Rural,Clear,Video,5.0,1.0,95.5,27.12
User_22,4,22,3,1,51.05,0.741,Urban,Rain,Text,5.0,4.0,100.0,38.65
User_23,4,23,2,0,123.01,0.855,Highway,Rain,Sensor,4.0,1.0,95.5,33.52
User_24,4,24,3,1,32.93,0.578,Rural,Clear,Sensor,3.0,1.0,95.5,28.66
User_25,4,25,0,2,25.85,0.754,Urban,Clear,Video,3.0,2.0,69.5,23.09
User_26,4,26,1,3,68.26,0.809,Urban,Clear,Sensor,3.0,2.0,69.5,30.18
User_27,4,27,5,3,108.56,0.615,Urban,Rain,Video,1.0,6.0,100.0,33.48
User_28,4,28,4,0,57.64,0.179,Highway,Rain,Emergency,1.0,6.0,100.0,26.41
User_29,4,29,3,3,25.02,0.251,Highway,Fog,Emergency,4.0,4.0,100.0,26.52
User_30,4,30,1,1,62.26,0.239,Highway,Clear,Emergency,3.0,1.0,95.5,17.45
User_31,4,31,4,0,22.76,0.703,Urban,Clear,Emergency,5.0,3.0,100.0,27.23
User_32,4,32,0,2,140.0,0.74,Rural,Rain,Emergency,5.0,2.0,69.5,29.3
User_33,4,33,1,1,126.43,0.208,Highway,Clear,Video,4.0,1.0,95.5,18.91
User_34,4,34,4,0,44.89,0.249,Highway,Fog,Emergency,3.0,3.0,100.0,27.08
User_35,4,35,5,1,59.59,0.659,Urban,Clear,Text,4.0,3.0,100.0,27.67
User_36,4,36,6,0,66.84,0.229,Urban,Fog,Video,4.0,3.0,100.0,26.44
User_37,4,37,3,3,28.87,0.607,Rural,Rain,Emergency,5.0,4.0,100.0,28.97
User_38,4,38,0,2,48.47,0.884,Urban,Rain,Emergency,5.0,2.0,69.5,30.71
User_39,4,39,3,1,46.09,0.139,Rural,Rain,Sensor,2.0,1.0,95.5,27.47
User_40,4,40,3,1,68.6,0.588,Rural,Clear,Sensor,5.0,4.0,100.0,29.88
User_41,4,41,2,2,57.05,0.503,Rural,Clear,Text,5.0,4.0,100.0,23.26
User_42,4,42,7,3,75.42,0.555,Urban,Rain,Video,3.0,6.0,100.0,31.59
User_43,4,43,4,0,74.4,0.481,Highway,Rain,Video,3.0,3.0,100.0,26.45
User_44,4,44,5,3,109.22,0.505,Highway,Fog,Emergency,4.0,6.0,100.0,32.85
User_45,4,45,3,3,33.74,0.308,Rural,Rain,Emergency,2.0,2.0,69.5,29.63
User_46,4,46,6,2,61.02,0.356,Rural,Rain,Video,5.0,6.0,100.0,21.17
User_47,4,47,1,1,15.19,0.223,Urban,Clear,Emergency,4.0,1.0,95.5,19.8
User_48,4,48,7,1,71.47,0.427,Highway,Rain,Sensor,1.0,5.0,25.67,20.55
User_49,4,49,0,0,79.85,0.629,Rural,Clear,Text,4.0,1.0,95.5,20.83
User_50,4,50,5,3,51.69,0.327,Highway,Clear,Sensor,5.0,6.0,100.0,18.46
User_51,4,51,4,2,60.88,0.825,Rural,Rain,Emergency,5.0,6.0,100.0,33.2
User_52,4,52,6,2,39.63,0.206,Rural,Fog,Text,1.0,6.0,100.0,23.28
User_53,4,53,0,2,69.79,0.196,Urban,Fog,Video,4.0,2.0,69.5,26.03
User_54,4,54,7,1,64.99,0.911,Urban,Clear,Text,2.0,5.0,25.67,26.61
User_55,4,55,7,1,51.32,0.763,Highway,Clear,Emergency,1.0,5.0,25.67,19.98
User_56,4,56,5,1,64.52,0.363,Urban,Clear,Emergency,3.0,3.0,100.0,23.38
User_57,4,57,7,1,31.74,0.384,Highway,Fog,Sensor,2.0,5.0,25.67,23.71
User_58,4,58,0,2,140.0,0.628,Urban,Fog,Video,3.0,2.0,69.5,34.62
User_59,4,59,1,1,33.99,0.425,Highway,Clear,Emergency,2.0,1.0,95.5,19.39
User_60,4,60,3,1,17.38,0.044,Highway,Clear,Sensor,4.0,4.0,100.0,18.18
User_61,4,61,4,2,40.82,0.495,Rural,Rain,Video,2.0,6.0,100.0,27.65
User_62,4,62,4,2,65.5,0.162,Highway,Clear,Sensor,4.0,6.0,100.0,16.39
User_63,4,63,1,3,105.98,0.682,Rural,Clear,Emergency,1.0,2.0,69.5,27.41
User_64,4,64,4,0,21.17,0.92,Highway,Clear,Video,5.0,3.0,100.0,26.44
User_65,4,65,3,3,50.01,0.685,Rural,Rain,Emergency,4.0,4.0,100.0,30.78
User_66,4,66,3,3,136.61,0.664,Rural,Rain,Sensor,3.0,2.0,69.5,38.06
User_67,4,67,3,3,52.99,0.357,Highway,Clear,Text,1.0,2.0,69.5,23.94
User_68,4,68,5,3,23.01,0.513,Highway,Fog,Text,3.0,6.0,100.0,30.39
User_69,4,69,5,3,66.11,0.477,Urban,Fog,Sensor,4.0,6.0,100.0,35.14
User_70,4,70,7,1,115.47,0.865,Urban,Rain,Text,5.0,5.0,25.67,32.44
User_71,4,71,7,3,62.24,0.383,Urban,Fog,Sensor,5.0,6.0,100.0,33.61
User_72,4,72,5,3,19.4,0.609,Highway,Clear,Sensor,2.0,6.0,100.0,21.72
User_73,4,73,6,2,62.24,0.717,Highway,Fog,Text,5.0,6.0,100.0,29.62
User_74,4,74,0,0,104.16,0.012,Rural,Fog,Emergency,4.0,1.0,95.5,22.3
User_75,4,75,7,1,49.72,0.868,Urban,Fog,Sensor,2.0,5.0,25.67,35.51
User_76,4,76,1,1,74.63,0.211,Highway,Clear,Emergency,3.0,1.0,95.5,17.4
User_77,4,77,3,1,29.0,0.526,Urban,Rain,Video,2.0,1.0,95.5,34.76
User_78,4,78,7,3,45.74,0.11,Urban,Fog,Emergency,3.0,6.0,100.0,29.02
User_79,4,79,6,0,36.94,0.299,Highway,Fog,Text,4.0,3.0,100.0,22.59
User_80,4,80,1,3,99.36,0.286,Urban,Rain,Text,5.0,4.0,100.0,23.27
User_81,4,81,3,1,48.24,0.126,Urban,Clear,Emergency,3.0,1.0,95.5,24.34
User_82,4,82,7,1,48.26,0.696,Highway,Fog,Sensor,4.0,5.0,25.67,28.89
User_83,4,83,7,1,54.61,0.318,Highway,Clear,Sensor,3.0,5.0,25.67,13.41
User_84,4,84,5,1,52.28,0.136,Rural,Fog,Text,3.0,6.0,100.0,27.61
User_85,4,85,6,0,28.7,0.548,Highway,Clear,Emergency,1.0,5.0,25.67,21.08
User_86,4,86,6,0,12.41,0.941,Highway,Clear,Emergency,1.0,5.0,25.67,26.49
User_87,4,87,0,2,45.0,0.715,Rural,Fog,Text,1.0,2.0,69.5,31.08
User_88,4,88,3,1,75.49,0.578,Highway,Fog,Text,1.0,1.0,95.5,37.93
User_89,4,89,6,2,40.52,0.545,Highway,Rain,Sensor,1.0,6.0,100.0,21.39
User_90,4,90,4,0,67.21,0.237,Rural,Rain,Emergency,4.0,3.0,100.0,24.57
User_91,4,91,5,1,56.28,0.415,Highway,Clear,Video,5.0,3.0,100.0,19.91
User_92,4,92,4,2,88.84,0.809,Highway,Rain,Emergency,1.0,6.0,100.0,31.8
User_93,4,93,1,3,93.03,0.21,Highway,Fog,Text,4.0,4.0,100.0,22.94
User_94,4,94,0,2,64.44,0.774,Highway,Fog,Sensor,5.0,2.0,69.5,30.54
User_95,4,95,5,3,27.92,0.12,Highway,Fog,Emergency,5.0,6.0,100.0,24.64
User_96,4,96,6,2,28.55,0.405,Urban,Rain,Text,5.0,6.0,100.0,22.93
User_97,4,97,7,1,56.03,0.415,Urban,Rain,Video,5.0,5.0,25.67,23.91
User_98,4,98,5,1,42.1,0.503,Rural,Clear,Video,3.0,6.0,100.0,22.81
User_99,4,99,0,0,31.34,0.633,Rural,Clear,Sensor,5.0,1.0,95.5,19.44
User_100,4,100,0,2,63.4,0.926,Highway,Clear,Video,3.0,2.0,69.5,22.79
User_101,4,101,4,0,54.2,0.85,Urban,Clear,Sensor,4.0,3.0,100.0,30.38
User_102,4,102,1,1,19.14,0.378,Highway,Clear,Video,3.0,1.0,95.5,18.24
User_103,4,103,3,1,69.93,0.6,Urban,Fog,Text,4.0,4.0,100.0,42.1
User_104,4,104,2,0,57.03,0.259,Highway,Fog,Video,4.0,1.0,95.5,27.6
User_105,4,105,4,0,31.72,0.762,Highway,Fog,Emergency,5.0,3.0,100.0,34.38
User_106,4,106,1,3,50.27,0.453,Urban,Clear,Sensor,2.0,2.0,69.5,24.3
User_107,4,107,3,3,73.73,0.338,Highway,Clear,Emergency,1.0,2.0,69.5,24.28
User_108,4,108,2,2,45.4,0.802,Urban,Fog,Video,5.0,4.0,100.0,39.39
User_109,4,109,0,0,54.94,0.875,Rural,Clear,Emergency,4.0,1.0,95.5,23.77
User_110,4,110,7,3,86.05,0.402,Highway,Rain,Sensor,5.0,6.0,100.0,25.61
User_111,4,111,5,1,43.99,0.862,Highway,Fog,Text,3.0,6.0,100.0,36.25
User_112,4,112,3,3,65.07,0.697,Urban,Rain,Text,5.0,4.0,100.0,33.41
User_113,4,113,6,2,51.91,0.609,Highway,Rain,Sensor,4.0,6.0,100.0,22.69
User_114,4,114,3,1,55.09,0.486,Urban,Fog,Text,3.0,1.0,95.5,39.94
User_115,4,115,1,3,19.84,0.332,Highway,Clear,Video,4.0,4.0,100.0,12.58
User_116,4,116,4,2,74.66,0.42,Highway,Clear,Emergency,4.0,6.0,100.0,20.54
User_117,4,117,6,2,41.84,0.246,Highway,Fog,Emergency,2.0,6.0,100.0,21.95
User_118,4,118,3,3,77.6,0.448,Urban,Clear,Sensor,5.0,4.0,100.0,25.05
User_119,4,119,5,3,49.34,0.623,Urban,Clear,Emergency,4.0,6.0,100.0,26.83
User_120,4,120,1,1,108.23,0.693,Urban,Rain,Sensor,2.0,1.0,95.5,34.64
User_121,4,121,4,0,49.54,0.651,Highway,Rain,Emergency,1.0,6.0,100.0,33.25
User_122,4,122,2,2,62.3,0.558,Rural,Rain,Emergency,2.0,2.0,69.5,29.24
User_123,4,123,6,2,47.43,0.468,Highway,Fog,Emergency,1.0,5.0,25.67,30.44
User_124,4,124,0,2,87.97,0.583,Rural,Fog,Video,4.0,2.0,69.5,30.38
User_125,4,125,3,1,35.19,0.692,Highway,Fog,Emergency,5.0,4.0,100.0,38.44
User_126,4,126,4,0,45.26,0.292,Highway,Fog,Text,5.0,3.0,100.0,27.74
User_127,4,127,2,0,123.18,0.644,Urban,Fog,Video,4.0,1.0,95.5,39.36
User_128,4,128,2,0,56.79,0.237,Rural,Rain,Sensor,3.0,1.0,95.5,24.26
User_129,4,129,4,2,77.3,0.265,Rural,Fog,Video,4.0,6.0,100.0,30.29
User_130,4,130,4,0,58.24,0.912,Urban,Rain,Emergency,1.0,5.0,25.67,41.43
User_131,4,131,7,3,31.28,0.86,Rural,Rain,Sensor,4.0,6.0,100.0,32.84
User_132,4,132,7,1,52.6,0.283,Urban,Clear,Text,2.0,5.0,25.67,16.82
User_133,4,133,7,1,75.25,0.17,Rural,Fog,Text,4.0,5.0,25.67,23.81
User_134,4,134,7,1,79.48,0.886,Rural,Fog,Emergency,5.0,5.0,25.67,34.67
User_135,4,135,5,1,67.97,0.515,Urban,Rain,Video,3.0,6.0,100.0,30.76
User_136,4,136,1,1,49.83,0.172,Highway,Rain,Emergency,3.0,1.0,95.5,21.07
User_137,4,137,6,0,101.02,0.543,Urban,Fog,Emergency,4.0,3.0,100.0,32.18
User_138,4,138,2,2,28.64,0.68,Highway,Rain,Emergency,5.0,4.0,100.0,28.06
User_139,4,139,6,0,100.44,0.591,Urban,Fog,Video,1.0,5.0,25.67,37.88
User_140,4,140,5,3,87.72,0.483,Highway,Fog,Text,4.0,6.0,100.0,31.88
User_141,4,141,2,0,42.28,0.609,Urban,Clear,Sensor,1.0,1.0,95.5,26.4
User_142,4,142,3,3,73.87,0.663,Urban,Fog,Emergency,1.0,2.0,69.5,43.16
User_143,4,143,2,2,66.12,0.953,Urban,Clear,Video,4.0,4.0,100.0,32.28
User_144,4,144,1,3,134.95,0.611,Rural,Clear,Emergency,5.0,4.0,100.0,22.21
User_145,4,145,6,0,38.11,0.811,Urban,Rain,Emergency,5.0,3.0,100.0,29.31
User_146,4,146,2,2,98.56,0.3,Urban,Clear,Text,4.0,2.0,69.5,23.46
User_147,4,147,6,2,49.37,0.311,Highway,Rain,Sensor,5.0,6.0,100.0,18.15
User_148,4,148,2,2,63.85,0.869,Urban,Rain,Video,3.0,2.0,69.5,35.95
User_149,4,149,6,0,127.56,0.655,Highway,Rain,Sensor,5.0,3.0,100.0,25.65
User_150,4,150,0,0,140.0,0.367,Rural,Clear,Video,2.0,1.0,95.5,18.7
User_151,4,151,1,3,78.45,0.682,Rural,Rain,Emergency,1.0,2.0,69.5,31.58
User_152,4,152,7,1,83.66,0.353,Rural,Clear,Emergency,1.0,5.0,25.67,16.8
User_153,4,153,0,2,67.47,0.396,Rural,Fog,Emergency,5.0,2.0,69.5,26.96
User_154,4,154,7,3,46.38,0.066,Urban,Rain,Sensor,4.0,6.0,100.0,23.38
User_155,4,155,6,2,109.28,0.302,Urban,Rain,Sensor,5.0,6.0,100.0,23.81
User_156,4,156,5,3,46.21,0.289,Highway,Clear,Emergency,1.0,5.0,25.67,22.72
User_157,4,157,4,2,43.83,0.078,Urban,Clear,Text,2.0,6.0,100.0,18.48
User_158,4,158,7,1,48.99,0.538,Urban,Clear,Text,5.0,5.0,25.67,20.54
User_159,4,159,1,3,79.31,0.695,Highway,Rain,Video,4.0,2.0,69.5,29.8
User_160,4,160,5,1,93.88,0.336,Urban,Rain,Sensor,1.0,6.0,100.0,28.86
User_161,4,161,2,2,46.66,0.455,Rural,Rain,Emergency,3.0,2.0,69.5,27.22
User_162,4,162,4,2,123.87,0.804,Urban,Rain,Video,4.0,6.0,100.0,36.78
User_163,4,163,3,1,24.45,0.07,Highway,Fog,Text,4.0,1.0,95.5,28.78
User_164,4,164,5,3,22.87,0.665,Highway,Fog,Text,3.0,6.0,100.0,32.66
User_165,4,165,4,0,84.27,0.682,Rural,Rain,Text,1.0,5.0,25.67,36.76
User_166,4,166,6,2,64.8,0.727,Urban,Rain,Video,3.0,6.0,100.0,28.85
User_167,4,167,4,0,70.6,0.466,Highway,Rain,Video,3.0,6.0,100.0,31.11
User_168,4,168,1,1,61.26,0.736,Highway,Rain,Emergency,5.0,1.0,95.5,29.88
User_169,4,169,1,3,13.65,0.432,Rural,Clear,Video,1.0,2.0,69.5,20.89
User_170,4,170,6,0,32.37,0.404,Rural,Fog,Video,1.0,5.0,25.67,31.03
User_171,4,171,4,2,35.0,0.714,Rural,Rain,Emergency,2.0,6.0,100.0,30.76
User_172,4,172,3,3,80.27,0.445,Highway,Fog,Video,4.0,2.0,69.5,36.08
User_173,4,173,5,1,27.89,0.622,Urban,Fog,Video,2.0,6.0,100.0,36.17
User_174,4,174,5,1,55.85,0.034,Highway,Fog,Text,5.0,3.0,100.0,24.19
User_175,4,175,1,3,20.34,0.737,Rural,Fog,Video,2.0,2.0,69.5,35.67
User_176,4,176,4,2,69.05,0.759,Rural,Fog,Text,1.0,5.0,25.67,42.46
User_177,4,177,5,1,46.51,0.633,Urban,Clear,Sensor,2.0,3.0,100.0,26.89
User_178,4,178,1,1,37.73,0.456,Highway,Rain,Video,2.0,1.0,95.5,24.97
User_179,4,179,4,0,94.34,0.573,Highway,Rain,Video,5.0,3.0,100.0,28.43
User_180,4,180,1,3,92.4,0.697,Rural,Clear,Text,1.0,2.0,69.5,27.23
User_181,4,181,4,0,75.8,0.321,Rural,Fog,Text,2.0,6.0,100.0,36.09
User_182,4,182,5,3,44.65,0.565,Rural,Fog,Emergency,4.0,6.0,100.0,33.81
User_183,4,183,4,0,52.1,0.654,Highway,Clear,Emergency,2.0,6.0,100.0,28.37
User_184,4,184,1,3,58.97,0.297,Rural,Fog,Text,4.0,2.0,69.5,30.22
User_185,4,185,7,3,30.49,0.591,Rural,Clear,Video,2.0,6.0,100.0,23.78
User_186,4,186,5,1,21.07,0.322,Highway,Fog,Sensor,5.0,3.0,100.0,27.46
User_187,4,187,1,3,28.55,0.482,Highway,Rain,Video,1.0,2.0,69.5,25.09
User_188,4,188,4,2,39.94,0.797,Rural,Fog,Sensor,1.0,5.0,25.67,42.15
User_189,4,189,3,3,24.82,0.072,Highway,Clear,Sensor,1.0,2.0,69.5,18.82
User_190,4,190,3,3,56.08,0.798,Rural,Fog,Text,1.0,2.0,69.5,42.65
User_191,4,191,4,0,34.65,0.335,Rural,Fog,Sensor,1.0,5.0,25.67,35.06
User_192,4,192,3,3,42.05,0.472,Rural,Clear,Emergency,5.0,4.0,100.0,22.34
User_193,4,193,3,1,140.0,0.674,Urban,Clear,Text,4.0,1.0,95.5,35.31
User_194,4,194,7,1,82.91,0.868,Highway,Clear,Video,3.0,5.0,25.67,22.51
User_195,4,195,7,3,93.83,0.436,Highway,Clear,Sensor,3.0,6.0,100.0,21.35
User_196,4,196,0,2,77.21,0.63,Rural,Clear,Text,3.0,2.0,69.5,20.77
User_197,4,197,2,2,46.81,0.463,Rural,Clear,Video,3.0,2.0,69.5,22.35
User_198,4,198,4,2,44.05,0.894,Urban,Rain,Video,2.0,6.0,100.0,35.73
User_199,4,199,4,2,76.37,0.385,Rural,Fog,Sensor,3.0,6.0,100.0,32.07
User_200,4,200,1,1,33.48,0.825,Rural,Clear,Emergency,2.0,1.0,95.5,27.38
User_201,4,201,4,0,47.9,0.309,Urban,Fog,Text,4.0,3.0,100.0,32.07
User_202,4,202,7,1,28.73,0.574,Rural,Fog,Video,1.0,5.0,25.67,28.47
User_203,4,203,0,0,50.3,0.455,Urban,Clear,Video,3.0,1.0,95.5,19.33
User_204,4,204,1,3,49.21,0.287,Highway,Clear,Text,1.0,2.0,69.5,17.78
User_205,4,205,6,0,17.43,0.942,Highway,Rain,Text,5.0,3.0,100.0,26.65
User_206,4,206,6,2,63.02,0.44,Urban,Fog,Sensor,2.0,6.0,100.0,29.49
User_7,5,7,2,0,79.49,0.528,Urban,Rain,Emergency,3.0,1.0,95.5,31.3
User_8,5,8,5,3,69.55,0.416,Rural,Clear,Emergency,3.0,6.0,100.0,22.33
User_9,5,9,6,2,50.68,0.364,Rural,Fog,Sensor,5.0,6.0,100.0,25.98
User_10,5,10,6,2,34.78,0.818,Highway,Rain,Sensor,3.0,6.0,100.0,25.31
User_11,5,11,7,3,27.75,0.342,Highway,Fog,Sensor,5.0,6.0,100.0,27.96
User_12,5,12,4,0,63.73,0.264,Highway,Clear,Emergency,5.0,3.0,100.0,17.87
User_13,5,13,6,0,87.76,0.333,Rural,Clear,Video,4.0,3.0,100.0,16.63
User_14,5,14,0,0,49.69,0.198,Highway,Rain,Sensor,5.0,1.0,95.5,16.46
User_15,5,15,4,0,75.0,0.652,Rural,Fog,Text,4.0,3.0,100.0,36.03
User_16,5,16,7,1,70.0,0.695,Urban,Rain,Text,5.0,5.0,25.67,28.52
User_17,5,17,7,3,31.04,0.159,Highway,Fog,Video,1.0,6.0,100.0,25.32
User_18,5,18,7,1,45.83,0.125,Highway,Rain,Text,1.0,5.0,25.67,15.25
User_19,5,19,0,0,61.96,0.876,Rural,Clear,Emergency,4.0,1.0,95.5,24.0
User_20,5,20,7,1,108.65,0.444,Highway,Rain,Video,4.0,5.0,25.67,21.92
User_21,5,21,1,1,30.68,0.813,Rural,Clear,Video,5.0,1.0,95.5,27.12
User_22,5,22,3,1,51.05,0.741,Urban,Rain,Text,5.0,4.0,100.0,38.65
User_23,5,23,2,0,123.01,0.855,Highway,Rain,Sensor,4.0,1.0,95.5,33.52
User_24,5,24,3,1,32.93,0.578,Rural,Clear,Sensor,3.0,1.0,95.5,28.66
User_25,5,25,0,2,25.85,0.754,Urban,Clear,Video,3.0,2.0,69.5,23.09
User_26,5,26,1,3,68.26,0.809,Urban,Clear,Sensor,3.0,2.0,69.5,30.18
User_27,5,27,5,3,108.56,0.615,Urban,Rain,Video,1.0,6.0,100.0,33.48
User_28,5,28,4,0,57.64,0.179,Highway,Rain,Emergency,1.0,6.0,100.0,26.41
User_29,5,29,3,3,25.02,0.251,Highway,Fog,Emergency,4.0,4.0,100.0,26.52
User_30,5,30,1,1,62.26,0.239,Highway,Clear,Emergency,3.0,1.0,95.5,17.45
User_31,5,31,4,0,22.76,0.703,Urban,Clear,Emergency,5.0,3.0,100.0,27.23
User_32,5,32,0,2,140.0,0.74,Rural,Rain,Emergency,5.0,2.0,69.5,29.3
User_33,5,33,1,1,126.43,0.208,Highway,Clear,Video,4.0,1.0,95.5,18.91
User_34,5,34,4,0,44.89,0.249,Highway,Fog,Emergency,3.0,3.0,100.0,27.08
User_35,5,35,5,1,59.59,0.659,Urban,Clear,Text,4.0,3.0,100.0,27.67
User_36,5,36,6,0,66.84,0.229,Urban,Fog,Video,4.0,3.0,100.0,26.44
User_37,5,37,3,3,28.87,0.607,Rural,Rain,Emergency,5.0,4.0,100.0,28.97
User_38,5,38,0,2,48.47,0.884,Urban,Rain,Emergency,5.0,2.0,69.5,30.71
User_39,5,39,3,1,46.09,0.139,Rural,Rain,Sensor,2.0,1.0,95.5,27.47
User_40,5,40,3,1,68.6,0.588,Rural,Clear,Sensor,5.0,4.0,100.0,29.88
User_41,5,41,2,2,57.05,0.503,Rural,Clear,Text,5.0,4.0,100.0,23.26
User_42,5,42,7,3,75.42,0.555,Urban,Rain,Video,3.0,6.0,100.0,31.59
User_43,5,43,4,0,74.4,0.481,Highway,Rain,Video,3.0,3.0,100.0,26.45
User_44,5,44,5,3,109.22,0.505,Highway,Fog,Emergency,4.0,6.0,100.0,32.85
User_45,5,45,3,3,33.74,0.308,Rural,Rain,Emergency,2.0,2.0,69.5,29.63
User_46,5,46,6,2,61.02,0.356,Rural,Rain,Video,5.0,6.0,100.0,21.17
User_47,5,47,1,1,15.19,0.223,Urban,Clear,Emergency,4.0,1.0,95.5,19.8
User_48,5,48,7,1,71.47,0.427,Highway,Rain,Sensor,1.0,5.0,25.67,20.55
User_49,5,49,0,0,79.85,0.629,Rural,Clear,Text,4.0,1.0,95.5,20.83
User_50,5,50,5,3,51.69,0.327,Highway,Clear,Sensor,5.0,6.0,100.0,18.46
User_51,5,51,4,2,60.88,0.825,Rural,Rain,Emergency,5.0,6.0,100.0,33.2
User_52,5,52,6,2,39.63,0.206,Rural,Fog,Text,1.0,6.0,100.0,23.28
User_53,5,53,0,2,69.79,0.196,Urban,Fog,Video,4.0,2.0,69.5,26.03
User_54,5,54,7,1,64.99,0.911,Urban,Clear,Text,2.0,5.0,25.67,26.61
User_55,5,55,7,1,51.32,0.763,Highway,Clear,Emergency,1.0,5.0,25.67,19.98
User_56,5,56,5,1,64.52,0.363,Urban,Clear,Emergency,3.0,3.0,100.0,23.38
User_57,5,57,7,1,31.74,0.384,Highway,Fog,Sensor,2.0,5.0,25.67,23.71
User_58,5,58,0,2,140.0,0.628,Urban,Fog,Video,3.0,2.0,69.5,34.62
User_59,5,59,1,1,33.99,0.425,Highway,Clear,Emergency,2.0,1.0,95.5,19.39
User_60,5,60,3,1,17.38,0.044,Highway,Clear,Sensor,4.0,4.0,100.0,18.18
User_61,5,61,4,2,40.82,0.495,Rural,Rain,Video,2.0,6.0,100.0,27.65
User_62,5,62,4,2,65.5,0.162,Highway,Clear,Sensor,4.0,6.0,100.0,16.39
User_63,5,63,1,3,105.98,0.682,Rural,Clear,Emergency,1.0,2.0,69.5,27.41
User_64,5,64,4,0,21.17,0.92,Highway,Clear,Video,5.0,3.0,100.0,26.44
User_65,5,65,3,3,50.01,0.685,Rural,Rain,Emergency,4.0,4.0,100.0,30.78
User_66,5,66,3,3,136.61,0.664,Rural,Rain,Sensor,3.0,2.0,69.5,38.06
User_67,5,67,3,3,52.99,0.357,Highway,Clear,Text,1.0,2.0,69.5,23.94
User_68,5,68,5,3,23.01,0.513,Highway,Fog,Text,3.0,6.0,100.0,30.39
User_69,5,69,5,3,66.11,0.477,Urban,Fog,Sensor,4.0,6.0,100.0,35.14
User_70,5,70,7,1,115.47,0.865,Urban,Rain,Text,5.0,5.0,25.67,32.44
User_71,5,71,7,3,62.24,0.383,Urban,Fog,Sensor,5.0,6.0,100.0,33.61
User_72,5,72,5,3,19.4,0.609,Highway,Clear,Sensor,2.0,6.0,100.0,21.72
User_73,5,73,6,2,62.24,0.717,Highway,Fog,Text,5.0,6.0,100.0,29.62
User_74,5,74,0,0,104.16,0.012,Rural,Fog,Emergency,4.0,1.0,95.5,22.3
User_75,5,75,7,1,49.72,0.868,Urban,Fog,Sensor,2.0,5.0,25.67,35.51
User_76,5,76,1,1,74.63,0.211,Highway,Clear,Emergency,3.0,1.0,95.5,17.4
User_77,5,77,3,1,29.0,0.526,Urban,Rain,Video,2.0,1.0,95.5,34.76
User_78,5,78,7,3,45.74,0.11,Urban,Fog,Emergency,3.0,6.0,100.0,29.02
User_79,5,79,6,0,36.94,0.299,Highway,Fog,Text,4.0,3.0,100.0,22.59
User_80,5,80,1,3,99.36,0.286,Urban,Rain,Text,5.0,4.0,100.0,23.27
User_81,5,81,3,1,48.24,0.126,Urban,Clear,Emergency,3.0,1.0,95.5,24.34
User_82,5,82,7,1,48.26,0.696,Highway,Fog,Sensor,4.0,5.0,25.67,28.89
User_83,5,83,7,1,54.61,0.318,Highway,Clear,Sensor,3.0,5.0,25.67,13.41
User_84,5,84,5,1,52.28,0.136,Rural,Fog,Text,3.0,6.0,100.0,27.61
User_85,5,85,6,0,28.7,0.548,Highway,Clear,Emergency,1.0,5.0,25.67,21.08
User_86,5,86,6,0,12.41,0.941,Highway,Clear,Emergency,1.0,5.0,25.67,26.49
User_87,5,87,0,2,45.0,0.715,Rural,Fog,Text,1.0,2.0,69.5,31.08
User_88,5,88,3,1,75.49,0.578,Highway,Fog,Text,1.0,1.0,95.5,37.93
User_89,5,89,6,2,40.52,0.545,Highway,Rain,Sensor,1.0,6.0,100.0,21.39
User_90,5,90,4,0,67.21,0.237,Rural,Rain,Emergency,4.0,3.0,100.0,24.57
User_91,5,91,5,1,56.28,0.415,Highway,Clear,Video,5.0,3.0,100.0,19.91
User_92,5,92,4,2,88.84,0.809,Highway,Rain,Emergency,1.0,6.0,100.0,31.8
User_93,5,93,1,3,93.03,0.21,Highway,Fog,Text,4.0,4.0,100.0,22.94
User_94,5,94,0,2,64.44,0.774,Highway,Fog,Sensor,5.0,2.0,69.5,30.54
User_95,5,95,5,3,27.92,0.12,Highway,Fog,Emergency,5.0,6.0,100.0,24.64
User_96,5,96,6,2,28.55,0.405,Urban,Rain,Text,5.0,6.0,100.0,22.93
User_97,5,97,7,1,56.03,0.415,Urban,Rain,Video,5.0,5.0,25.67,23.91
User_98,5,98,5,1,42.1,0.503,Rural,Clear,Video,3.0,6.0,100.0,22.81
User_99,5,99,0,0,31.34,0.633,Rural,Clear,Sensor,5.0,1.0,95.5,19.44
User_100,5,100,0,2,63.4,0.926,Highway,Clear,Video,3.0,2.0,69.5,22.79
User_101,5,101,4,0,54.2,0.85,Urban,Clear,Sensor,4.0,3.0,100.0,30.38
User_102,5,102,1,1,19.14,0.378,Highway,Clear,Video,3.0,1.0,95.5,18.24
User_103,5,103,3,1,69.93,0.6,Urban,Fog,Text,4.0,4.0,100.0,42.1
User_104,5,104,2,0,57.03,0.259,Highway,Fog,Video,4.0,1.0,95.5,27.6
User_105,5,105,4,0,31.72,0.762,Highway,Fog,Emergency,5.0,3.0,100.0,34.38
User_106,5,106,1,3,50.27,0.453,Urban,Clear,Sensor,2.0,2.0,69.5,24.3
User_107,5,107,3,3,73.73,0.338,Highway,Clear,Emergency,1.0,2.0,69.5,24.28
User_108,5,108,2,2,45.4,0.802,Urban,Fog,Video,5.0,4.0,100.0,39.39
User_109,5,109,0,0,54.94,0.875,Rural,Clear,Emergency,4.0,1.0,95.5,23.77
User_110,5,110,7,3,86.05,0.402,Highway,Rain,Sensor,5.0,6.0,100.0,25.61
User_111,5,111,5,1,43.99,0.862,Highway,Fog,Text,3.0,6.0,100.0,36.25
User_112,5,112,3,3,65.07,0.697,Urban,Rain,Text,5.0,4.0,100.0,33.41
User_113,5,113,6,2,51.91,0.609,Highway,Rain,Sensor,4.0,6.0,100.0,22.69
User_114,5,114,3,1,55.09,0.486,Urban,Fog,Text,3.0,1.0,95.5,39.94
User_115,5,115,1,3,19.84,0.332,Highway,Clear,Video,4.0,4.0,100.0,12.58
User_116,5,116,4,2,74.66,0.42,Highway,Clear,Emergency,4.0,6.0,100.0,20.54
User_117,5,117,6,2,41.84,0.246,Highway,Fog,Emergency,2.0,6.0,100.0,21.95
User_118,5,118,3,3,77.6,0.448,Urban,Clear,Sensor,5.0,4.0,100.0,25.05
User_119,5,119,5,3,49.34,0.623,Urban,Clear,Emergency,4.0,6.0,100.0,26.83
User_120,5,120,1,1,108.23,0.693,Urban,Rain,Sensor,2.0,1.0,95.5,34.64
User_121,5,121,4,0,49.54,0.651,Highway,Rain,Emergency,1.0,6.0,100.0,33.25
User_122,5,122,2,2,62.3,0.558,Rural,Rain,Emergency,2.0,2.0,69.5,29.24
User_123,5,123,6,2,47.43,0.468,Highway,Fog,Emergency,1.0,5.0,25.67,30.44
User_124,5,124,0,2,87.97,0.583,Rural,Fog,Video,4.0,2.0,69.5,30.38
User_125,5,125,3,1,35.19,0.692,Highway,Fog,Emergency,5.0,4.0,100.0,38.44
User_126,5,126,4,0,45.26,0.292,Highway,Fog,Text,5.0,3.0,100.0,27.74
User_127,5,127,2,0,123.18,0.644,Urban,Fog,Video,4.0,1.0,95.5,39.36
User_128,5,128,2,0,56.79,0.237,Rural,Rain,Sensor,3.0,1.0,95.5,24.26
User_129,5,129,4,2,77.3,0.265,Rural,Fog,Video,4.0,6.0,100.0,30.29
User_130,5,130,4,0,58.24,0.912,Urban,Rain,Emergency,1.0,5.0,25.67,41.43
User_131,5,131,7,3,31.28,0.86,Rural,Rain,Sensor,4.0,6.0,100.0,32.84
User_132,5,132,7,1,52.6,0.283,Urban,Clear,Text,2.0,5.0,25.67,16.82
User_133,5,133,7,1,75.25,0.17,Rural,Fog,Text,4.0,5.0,25.67,23.81
User_134,5,134,7,1,79.48,0.886,Rural,Fog,Emergency,5.0,5.0,25.67,34.67
User_135,5,135,5,1,67.97,0.515,Urban,Rain,Video,3.0,6.0,100.0,30.76
User_136,5,136,1,1,49.83,0.172,Highway,Rain,Emergency,3.0,1.0,95.5,21.07
User_137,5,137,6,0,101.02,0.543,Urban,Fog,Emergency,4.0,3.0,100.0,32.18
User_138,5,138,2,2,28.64,0.68,Highway,Rain,Emergency,5.0,4.0,100.0,28.06
User_139,5,139,6,0,100.44,0.591,Urban,Fog,Video,1.0,5.0,25.67,37.88
User_140,5,140,5,3,87.72,0.483,Highway,Fog,Text,4.0,6.0,100.0,31.88
User_141,5,141,2,0,42.28,0.609,Urban,Clear,Sensor,1.0,1.0,95.5,26.4
User_142,5,142,3,3,73.87,0.663,Urban,Fog,Emergency,1.0,2.0,69.5,43.16
User_143,5,143,2,2,66.12,0.953,Urban,Clear,Video,4.0,4.0,100.0,32.28
User_144,5,144,1,3,134.95,0.611,Rural,Clear,Emergency,5.0,4.0,100.0,22.21
User_145,5,145,6,0,38.11,0.811,Urban,Rain,Emergency,5.0,3.0,100.0,29.31
User_146,5,146,2,2,98.56,0.3,Urban,Clear,Text,4.0,2.0,69.5,23.46
User_147,5,147,6,2,49.37,0.311,Highway,Rain,Sensor,5.0,6.0,100.0,18.15
User_148,5,148,2,2,63.85,0.869,Urban,Rain,Video,3.0,2.0,69.5,35.95
User_149,5,149,6,0,127.56,0.655,Highway,Rain,Sensor,5.0,3.0,100.0,25.65
User_150,5,150,0,0,140.0,0.367,Rural,Clear,Video,2.0,1.0,95.5,18.7
User_151,5,151,1,3,78.45,0.682,Rural,Rain,Emergency,1.0,2.0,69.5,31.58
User_152,5,152,7,1,83.66,0.353,Rural,Clear,Emergency,1.0,5.0,25.67,16.8
User_153,5,153,0,2,67.47,0.396,Rural,Fog,Emergency,5.0,2.0,69.5,26.96
User_154,5,154,7,3,46.38,0.066,Urban,Rain,Sensor,4.0,6.0,100.0,23.38
User_155,5,155,6,2,109.28,0.302,Urban,Rain,Sensor,5.0,6.0,100.0,23.81
User_156,5,156,5,3,46.21,0.289,Highway,Clear,Emergency,1.0,5.0,25.67,22.72
User_157,5,157,4,2,43.83,0.078,Urban,Clear,Text,2.0,6.0,100.0,18.48
User_158,5,158,7,1,48.99,0.538,Urban,Clear,Text,5.0,5.0,25.67,20.54
User_159,5,159,1,3,79.31,0.695,Highway,Rain,Video,4.0,2.0,69.5,29.8
User_160,5,160,5,1,93.88,0.336,Urban,Rain,Sensor,1.0,6.0,100.0,28.86
User_161,5,161,2,2,46.66,0.455,Rural,Rain,Emergency,3.0,2.0,69.5,27.22
User_162,5,162,4,2,123.87,0.804,Urban,Rain,Video,4.0,6.0,100.0,36.78
User_163,5,163,3,1,24.45,0.07,Highway,Fog,Text,4.0,1.0,95.5,28.78
User_164,5,164,5,3,22.87,0.665,Highway,Fog,Text,3.0,6.0,100.0,32.66
User_165,5,165,4,0,84.27,0.682,Rural,Rain,Text,1.0,5.0,25.67,36.76
User_166,5,166,6,2,64.8,0.727,Urban,Rain,Video,3.0,6.0,100.0,28.85
User_167,5,167,4,0,70.6,0.466,Highway,Rain,Video,3.0,6.0,100.0,31.11
User_168,5,168,1,1,61.26,0.736,Highway,Rain,Emergency,5.0,1.0,95.5,29.88
User_169,5,169,1,3,13.65,0.432,Rural,Clear,Video,1.0,2.0,69.5,20.89
User_170,5,170,6,0,32.37,0.404,Rural,Fog,Video,1.0,5.0,25.67,31.03
User_171,5,171,4,2,35.0,0.714,Rural,Rain,Emergency,2.0,6.0,100.0,30.76
User_172,5,172,3,3,80.27,0.445,Highway,Fog,Video,4.0,2.0,69.5,36.08
User_173,5,173,5,1,27.89,0.622,Urban,Fog,Video,2.0,6.0,100.0,36.17
User_174,5,174,5,1,55.85,0.034,Highway,Fog,Text,5.0,3.0,100.0,24.19
User_175,5,175,1,3,20.34,0.737,Rural,Fog,Video,2.0,2.0,69.5,35.67
User_176,5,176,4,2,69.05,0.759,Rural,Fog,Text,1.0,5.0,25.67,42.46
User_177,5,177,5,1,46.51,0.633,Urban,Clear,Sensor,2.0,3.0,100.0,26.89
User_178,5,178,1,1,37.73,0.456,Highway,Rain,Video,2.0,1.0,95.5,24.97
User_179,5,179,4,0,94.34,0.573,Highway,Rain,Video,5.0,3.0,100.0,28.43
User_180,5,180,1,3,92.4,0.697,Rural,Clear,Text,1.0,2.0,69.5,27.23
User_181,5,181,4,0,75.8,0.321,Rural,Fog,Text,2.0,6.0,100.0,36.09
User_182,5,182,5,3,44.65,0.565,Rural,Fog,Emergency,4.0,6.0,100.0,33.81
User_183,5,183,4,0,52.1,0.654,Highway,Clear,Emergency,2.0,6.0,100.0,28.37
User_184,5,184,1,3,58.97,0.297,Rural,Fog,Text,4.0,2.0,69.5,30.22
User_185,5,185,7,3,30.49,0.591,Rural,Clear,Video,2.0,6.0,100.0,23.78
User_186,5,186,5,1,21.07,0.322,Highway,Fog,Sensor,5.0,3.0,100.0,27.46
User_187,5,187,1,3,28.55,0.482,Highway,Rain,Video,1.0,2.0,69.5,25.09
User_188,5,188,4,2,39.94,0.797,Rural,Fog,Sensor,1.0,5.0,25.67,42.15
User_189,5,189,3,3,24.82,0.072,Highway,Clear,Sensor,1.0,2.0,69.5,18.82
User_190,5,190,3,3,56.08,0.798,Rural,Fog,Text,1.0,2.0,69.5,42.65
User_191,5,191,4,0,34.65,0.335,Rural,Fog,Sensor,1.0,5.0,25.67,35.06
User_192,5,192,3,3,42.05,0.472,Rural,Clear,Emergency,5.0,4.0,100.0,22.34
User_193,5,193,3,1,140.0,0.674,Urban,Clear,Text,4.0,1.0,95.5,35.31
User_194,5,194,7,1,82.91,0.868,Highway,Clear,Video,3.0,5.0,25.67,22.51
User_195,5,195,7,3,93.83,0.436,Highway,Clear,Sensor,3.0,6.0,100.0,21.35
User_196,5,196,0,2,77.21,0.63,Rural,Clear,Text,3.0,2.0,69.5,20.77
User_197,5,197,2,2,46.81,0.463,Rural,Clear,Video,3.0,2.0,69.5,22.35
User_198,5,198,4,2,44.05,0.894,Urban,Rain,Video,2.0,6.0,100.0,35.73
User_199,5,199,4,2,76.37,0.385,Rural,Fog,Sensor,3.0,6.0,100.0,32.07
User_200,5,200,1,1,33.48,0.825,Rural,Clear,Emergency,2.0,1.0,95.5,27.38
User_201,5,201,4,0,47.9,0.309,Urban,Fog,Text,4.0,3.0,100.0,32.07
User_202,5,202,7,1,28.73,0.574,Rural,Fog,Video,1.0,5.0,25.67,28.47
User_203,5,203,0,0,50.3,0.455,Urban,Clear,Video,3.0,1.0,95.5,19.33
User_204,5,204,1,3,49.21,0.287,Highway,Clear,Text,1.0,2.0,69.5,17.78
User_205,5,205,6,0,17.43,0.942,Highway,Rain,Text,5.0,3.0,100.0,26.65
User_206,5,206,6,2,63.02,0.44,Urban,Fog,Sensor,2.0,6.0,100.0,29.49
User_7,6,7,2,0,79.49,0.528,Urban,Rain,Emergency,3.0,1.0,95.5,31.3
User_8,6,8,5,3,69.55,0.416,Rural,Clear,Emergency,3.0,6.0,100.0,22.33
User_9,6,9,6,2,50.68,0.364,Rural,Fog,Sensor,5.0,6.0,100.0,25.98
User_10,6,10,6,2,34.78,0.818,Highway,Rain,Sensor,3.0,6.0,100.0,25.31
User_11,6,11,7,3,27.75,0.342,Highway,Fog,Sensor,5.0,6.0,100.0,27.96
User_12,6,12,4,0,63.73,0.264,Highway,Clear,Emergency,5.0,3.0,100.0,17.87
User_13,6,13,6,0,87.76,0.333,Rural,Clear,Video,4.0,3.0,100.0,16.63
User_14,6,14,0,0,49.69,0.198,Highway,Rain,Sensor,5.0,1.0,95.5,16.46
User_15,6,15,4,0,75.0,0.652,Rural,Fog,Text,4.0,3.0,100.0,36.03
User_16,6,16,7,1,70.0,0.695,Urban,Rain,Text,5.0,5.0,25.67,28.52
User_17,6,17,7,3,31.04,0.159,Highway,Fog,Video,1.0,6.0,100.0,25.32
User_18,6,18,7,1,45.83,0.125,Highway,Rain,Text,1.0,5.0,25.67,15.25
User_19,6,19,0,0,61.96,0.876,Rural,Clear,Emergency,4.0,1.0,95.5,24.0
User_20,6,20,7,1,108.65,0.444,Highway,Rain,Video,4.0,5.0,25.67,21.92
User_21,6,21,1,1,30.68,0.813,Rural,Clear,Video,5.0,1.0,95.5,27.12
User_22,6,22,3,1,51.05,0.741,Urban,Rain,Text,5.0,4.0,100.0,38.65
User_23,6,23,2,0,123.01,0.855,Highway,Rain,Sensor,4.0,1.0,95.5,33.52
User_24,6,24,3,1,32.93,0.578,Rural,Clear,Sensor,3.0,1.0,95.5,28.66
User_25,6,25,0,2,25.85,0.754,Urban,Clear,Video,3.0,2.0,69.5,23.09
User_26,6,26,1,3,68.26,0.809,Urban,Clear,Sensor,3.0,2.0,69.5,30.18
User_27,6,27,5,3,108.56,0.615,Urban,Rain,Video,1.0,6.0,100.0,33.48
User_28,6,28,4,0,57.64,0.179,Highway,Rain,Emergency,1.0,6.0,100.0,26.41
User_29,6,29,3,3,25.02,0.251,Highway,Fog,Emergency,4.0,4.0,100.0,26.52
User_30,6,30,1,1,62.26,0.239,Highway,Clear,Emergency,3.0,1.0,95.5,17.45
User_31,6,31,4,0,22.76,0.703,Urban,Clear,Emergency,5.0,3.0,100.0,27.23
User_32,6,32,0,2,140.0,0.74,Rural,Rain,Emergency,5.0,2.0,69.5,29.3
User_33,6,33,1,1,126.43,0.208,Highway,Clear,Video,4.0,1.0,95.5,18.91
User_34,6,34,4,0,44.89,0.249,Highway,Fog,Emergency,3.0,3.0,100.0,27.08
User_35,6,35,5,1,59.59,0.659,Urban,Clear,Text,4.0,3.0,100.0,27.67
User_36,6,36,6,0,66.84,0.229,Urban,Fog,Video,4.0,3.0,100.0,26.44
User_37,6,37,3,3,28.87,0.607,Rural,Rain,Emergency,5.0,4.0,100.0,28.97
User_38,6,38,0,2,48.47,0.884,Urban,Rain,Emergency,5.0,2.0,69.5,30.71
User_39,6,39,3,1,46.09,0.139,Rural,Rain,Sensor,2.0,1.0,95.5,27.47
User_40,6,40,3,1,68.6,0.588,Rural,Clear,Sensor,5.0,4.0,100.0,29.88
User_41,6,41,2,2,57.05,0.503,Rural,Clear,Text,5.0,4.0,100.0,23.26
User_42,6,42,7,3,75.42,0.555,Urban,Rain,Video,3.0,6.0,100.0,31.59
User_43,6,43,4,0,74.4,0.481,Highway,Rain,Video,3.0,3.0,100.0,26.45
User_44,6,44,5,3,109.22,0.505,Highway,Fog,Emergency,4.0,6.0,100.0,32.85
User_45,6,45,3,3,33.74,0.308,Rural,Rain,Emergency,2.0,2.0,69.5,29.63
User_46,6,46,6,2,61.02,0.356,Rural,Rain,Video,5.0,6.0,100.0,21.17
User_47,6,47,1,1,15.19,0.223,Urban,Clear,Emergency,4.0,1.0,95.5,19.8
User_48,6,48,7,1,71.47,0.427,Highway,Rain,Sensor,1.0,5.0,25.67,20.55
User_49,6,49,0,0,79.85,0.629,Rural,Clear,Text,4.0,1.0,95.5,20.83
User_50,6,50,5,3,51.69,0.327,Highway,Clear,Sensor,5.0,6.0,100.0,18.46
User_51,6,51,4,2,60.88,0.825,Rural,Rain,Emergency,5.0,6.0,100.0,33.2
User_52,6,52,6,2,39.63,0.206,Rural,Fog,Text,1.0,6.0,100.0,23.28
User_53,6,53,0,2,69.79,0.196,Urban,Fog,Video,4.0,2.0,69.5,26.03
User_54,6,54,7,1,64.99,0.911,Urban,Clear,Text,2.0,5.0,25.67,26.61
User_55,6,55,7,1,51.32,0.763,Highway,Clear,Emergency,1.0,5.0,25.67,19.98
User_56,6,56,5,1,64.52,0.363,Urban,Clear,Emergency,3.0,3.0,100.0,23.38
User_57,6,57,7,1,31.74,0.384,Highway,Fog,Sensor,2.0,5.0,25.67,23.71
User_58,6,58,0,2,140.0,0.628,Urban,Fog,Video,3.0,2.0,69.5,34.62
User_59,6,59,1,1,33.99,0.425,Highway,Clear,Emergency,2.0,1.0,95.5,19.39
User_60,6,60,3,1,17.38,0.044,Highway,Clear,Sensor,4.0,4.0,100.0,18.18
User_61,6,61,4,2,40.82,0.495,Rural,Rain,Video,2.0,6.0,100.0,27.65
User_62,6,62,4,2,65.5,0.162,Highway,Clear,Sensor,4.0,6.0,100.0,16.39
User_63,6,63,1,3,105.98,0.682,Rural,Clear,Emergency,1.0,2.0,69.5,27.41
User_64,6,64,4,0,21.17,0.92,Highway,Clear,Video,5.0,3.0,100.0,26.44
User_65,6,65,3,3,50.01,0.685,Rural,Rain,Emergency,4.0,4.0,100.0,30.78
User_66,6,66,3,3,136.61,0.664,Rural,Rain,Sensor,3.0,2.0,69.5,38.06
User_67,6,67,3,3,52.99,0.357,Highway,Clear,Text,1.0,2.0,69.5,23.94
User_68,6,68,5,3,23.01,0.513,Highway,Fog,Text,3.0,6.0,100.0,30.39
User_69,6,69,5,3,66.11,0.477,Urban,Fog,Sensor,4.0,6.0,100.0,35.14
User_70,6,70,7,1,115.47,0.865,Urban,Rain,Text,5.0,5.0,25.67,32.44
User_71,6,71,7,3,62.24,0.383,Urban,Fog,Sensor,5.0,6.0,100.0,33.61
User_72,6,72,5,3,19.4,0.609,Highway,Clear,Sensor,2.0,6.0,100.0,21.72
User_73,6,73,6,2,62.24,0.717,Highway,Fog,Text,5.0,6.0,100.0,29.62
User_74,6,74,0,0,104.16,0.012,Rural,Fog,Emergency,4.0,1.0,95.5,22.3
User_75,6,75,7,1,49.72,0.868,Urban,Fog,Sensor,2.0,5.0,25.67,35.51
User_76,6,76,1,1,74.63,0.211,Highway,Clear,Emergency,3.0,1.0,95.5,17.4
User_77,6,77,3,1,29.0,0.526,Urban,Rain,Video,2.0,1.0,95.5,34.76
User_78,6,78,7,3,45.74,0.11,Urban,Fog,Emergency,3.0,6.0,100.0,29.02
User_79,6,79,6,0,36.94,0.299,Highway,Fog,Text,4.0,3.0,100.0,22.59
User_80,6,80,1,3,99.36,0.286,Urban,Rain,Text,5.0,4.0,100.0,23.27
User_81,6,81,3,1,48.24,0.126,Urban,Clear,Emergency,3.0,1.0,95.5,24.34
User_82,6,82,7,1,48.26,0.696,Highway,Fog,Sensor,4.0,5.0,25.67,28.89
User_83,6,83,7,1,54.61,0.318,Highway,Clear,Sensor,3.0,5.0,25.67,13.41
User_84,6,84,5,1,52.28,0.136,Rural,Fog,Text,3.0,6.0,100.0,27.61
User_85,6,85,6,0,28.7,0.548,Highway,Clear,Emergency,1.0,5.0,25.67,21.08
User_86,6,86,6,0,12.41,0.941,Highway,Clear,Emergency,1.0,5.0,25.67,26.49
User_87,6,87,0,2,45.0,0.715,Rural,Fog,Text,1.0,2.0,69.5,31.08
User_88,6,88,3,1,75.49,0.578,Highway,Fog,Text,1.0,1.0,95.5,37.93
User_89,6,89,6,2,40.52,0.545,Highway,Rain,Sensor,1.0,6.0,100.0,21.39
User_90,6,90,4,0,67.21,0.237,Rural,Rain,Emergency,4.0,3.0,100.0,24.57
User_91,6,91,5,1,56.28,0.415,Highway,Clear,Video,5.0,3.0,100.0,19.91
User_92,6,92,4,2,88.84,0.809,Highway,Rain,Emergency,1.0,6.0,100.0,31.8
User_93,6,93,1,3,93.03,0.21,Highway,Fog,Text,4.0,4.0,100.0,22.94
User_94,6,94,0,2,64.44,0.774,Highway,Fog,Sensor,5.0,2.0,69.5,30.54
User_95,6,95,5,3,27.92,0.12,Highway,Fog,Emergency,5.0,6.0,100.0,24.64
User_96,6,96,6,2,28.55,0.405,Urban,Rain,Text,5.0,6.0,100.0,22.93
User_97,6,97,7,1,56.03,0.415,Urban,Rain,Video,5.0,5.0,25.67,23.91
User_98,6,98,5,1,42.1,0.503,Rural,Clear,Video,3.0,6.0,100.0,22.81
User_99,6,99,0,0,31.34,0.633,Rural,Clear,Sensor,5.0,1.0,95.5,19.44
User_100,6,100,0,2,63.4,0.926,Highway,Clear,Video,3.0,2.0,69.5,22.79
User_101,6,101,4,0,54.2,0.85,Urban,Clear,Sensor,4.0,3.0,100.0,30.38
User_102,6,102,1,1,19.14,0.378,Highway,Clear,Video,3.0,1.0,95.5,18.24
User_103,6,103,3,1,69.93,0.6,Urban,Fog,Text,4.0,4.0,100.0,42.1
User_104,6,104,2,0,57.03,0.259,Highway,Fog,Video,4.0,1.0,95.5,27.6
User_105,6,105,4,0,31.72,0.762,Highway,Fog,Emergency,5.0,3.0,100.0,34.38
User_106,6,106,1,3,50.27,0.453,Urban,Clear,Sensor,2.0,2.0,69.5,24.3
User_107,6,107,3,3,73.73,0.338,Highway,Clear,Emergency,1.0,2.0,69.5,24.28
User_108,6,108,2,2,45.4,0.802,Urban,Fog,Video,5.0,4.0,100.0,39.39
User_109,6,109,0,0,54.94,0.875,Rural,Clear,Emergency,4.0,1.0,95.5,23.77
User_110,6,110,7,3,86.05,0.402,Highway,Rain,Sensor,5.0,6.0,100.0,25.61
User_111,6,111,5,1,43.99,0.862,Highway,Fog,Text,3.0,6.0,100.0,36.25
User_112,6,112,3,3,65.07,0.697,Urban,Rain,Text,5.0,4.0,100.0,33.41
User_113,6,113,6,2,51.91,0.609,Highway,Rain,Sensor,4.0,6.0,100.0,22.69
User_114,6,114,3,1,55.09,0.486,Urban,Fog,Text,3.0,1.0,95.5,39.94
User_115,6,115,1,3,19.84,0.332,Highway,Clear,Video,4.0,4.0,100.0,12.58
User_116,6,116,4,2,74.66,0.42,Highway,Clear,Emergency,4.0,6.0,100.0,20.54
User_117,6,117,6,2,41.84,0.246,Highway,Fog,Emergency,2.0,6.0,100.0,21.95
User_118,6,118,3,3,77.6,0.448,Urban,Clear,Sensor,5.0,4.0,100.0,25.05
User_119,6,119,5,3,49.34,0.623,Urban,Clear,Emergency,4.0,6.0,100.0,26.83
User_120,6,120,1,1,108.23,0.693,Urban,Rain,Sensor,2.0,1.0,95.5,34.64
User_121,6,121,4,0,49.54,0.651,Highway,Rain,Emergency,1.0,6.0,100.0,33.25
User_122,6,122,2,2,62.3,0.558,Rural,Rain,Emergency,2.0,2.0,69.5,29.24
User_123,6,123,6,2,47.43,0.468,Highway,Fog,Emergency,1.0,5.0,25.67,30.44
User_124,6,124,0,2,87.97,0.583,Rural,Fog,Video,4.0,2.0,69.5,30.38
User_125,6,125,3,1,35.19,0.692,Highway,Fog,Emergency,5.0,4.0,100.0,38.44
User_126,6,126,4,0,45.26,0.292,Highway,Fog,Text,5.0,3.0,100.0,27.74
User_127,6,127,2,0,123.18,0.644,Urban,Fog,Video,4.0,1.0,95.5,39.36
User_128,6,128,2,0,56.79,0.237,Rural,Rain,Sensor,3.0,1.0,95.5,24.26
User_129,6,129,4,2,77.3,0.265,Rural,Fog,Video,4.0,6.0,100.0,30.29
User_130,6,130,4,0,58.24,0.912,Urban,Rain,Emergency,1.0,5.0,25.67,41.43
User_131,6,131,7,3,31.28,0.86,Rural,Rain,Sensor,4.0,6.0,100.0,32.84
User_132,6,132,7,1,52.6,0.283,Urban,Clear,Text,2.0,5.0,25.67,16.82
User_133,6,133,7,1,75.25,0.17,Rural,Fog,Text,4.0,5.0,25.67,23.81
User_134,6,134,7,1,79.48,0.886,Rural,Fog,Emergency,5.0,5.0,25.67,34.67
User_135,6,135,5,1,67.97,0.515,Urban,Rain,Video,3.0,6.0,100.0,30.76
User_136,6,136,1,1,49.83,0.172,Highway,Rain,Emergency,3.0,1.0,95.5,21.07
User_137,6,137,6,0,101.02,0.543,Urban,Fog,Emergency,4.0,3.0,100.0,32.18
User_138,6,138,2,2,28.64,0.68,Highway,Rain,Emergency,5.0,4.0,100.0,28.06
User_139,6,139,6,0,100.44,0.591,Urban,Fog,Video,1.0,5.0,25.67,37.88
User_140,6,140,5,3,87.72,0.483,Highway,Fog,Text,4.0,6.0,100.0,31.88
User_141,6,141,2,0,42.28,0.609,Urban,Clear,Sensor,1.0,1.0,95.5,26.4
User_142,6,142,3,3,73.87,0.663,Urban,Fog,Emergency,1.0,2.0,69.5,43.16
User_143,6,143,2,2,66.12,0.953,Urban,Clear,Video,4.0,4.0,100.0,32.28
User_144,6,144,1,3,134.95,0.611,Rural,Clear,Emergency,5.0,4.0,100.0,22.21
User_145,6,145,6,0,38.11,0.811,Urban,Rain,Emergency,5.0,3.0,100.0,29.31
User_146,6,146,2,2,98.56,0.3,Urban,Clear,Text,4.0,2.0,69.5,23.46
User_147,6,147,6,2,49.37,0.311,Highway,Rain,Sensor,5.0,6.0,100.0,18.15
User_148,6,148,2,2,63.85,0.869,Urban,Rain,Video,3.0,2.0,69.5,35.95
User_149,6,149,6,0,127.56,0.655,Highway,Rain,Sensor,5.0,3.0,100.0,25.65
User_150,6,150,0,0,140.0,0.367,Rural,Clear,Video,2.0,1.0,95.5,18.7
User_151,6,151,1,3,78.45,0.682,Rural,Rain,Emergency,1.0,2.0,69.5,31.58
User_152,6,152,7,1,83.66,0.353,Rural,Clear,Emergency,1.0,5.0,25.67,16.8
User_153,6,153,0,2,67.47,0.396,Rural,Fog,Emergency,5.0,2.0,69.5,26.96
User_154,6,154,7,3,46.38,0.066,Urban,Rain,Sensor,4.0,6.0,100.0,23.38
User_155,6,155,6,2,109.28,0.302,Urban,Rain,Sensor,5.0,6.0,100.0,23.81
User_156,6,156,5,3,46.21,0.289,Highway,Clear,Emergency,1.0,5.0,25.67,22.72
User_157,6,157,4,2,43.83,0.078,Urban,Clear,Text,2.0,6.0,100.0,18.48
User_158,6,158,7,1,48.99,0.538,Urban,Clear,Text,5.0,5.0,25.67,20.54
User_159,6,159,1,3,79.31,0.695,Highway,Rain,Video,4.0,2.0,69.5,29.8
User_160,6,160,5,1,93.88,0.336,Urban,Rain,Sensor,1.0,6.0,100.0,28.86
User_161,6,161,2,2,46.66,0.455,Rural,Rain,Emergency,3.0,2.0,69.5,27.22
User_162,6,162,4,2,123.87,0.804,Urban,Rain,Video,4.0,6.0,100.0,36.78
User_163,6,163,3,1,24.45,0.07,Highway,Fog,Text,4.0,1.0,95.5,28.78
User_164,6,164,5,3,22.87,0.665,Highway,Fog,Text,3.0,6.0,100.0,32.66
User_165,6,165,4,0,84.27,0.682,Rural,Rain,Text,1.0,5.0,25.67,36.76
User_166,6,166,6,2,64.8,0.727,Urban,Rain,Video,3.0,6.0,100.0,28.85
User_167,6,167,4,0,70.6,0.466,Highway,Rain,Video,3.0,6.0,100.0,31.11
User_168,6,168,1,1,61.26,0.736,Highway,Rain,Emergency,5.0,1.0,95.5,29.88
User_169,6,169,1,3,13.65,0.432,Rural,Clear,Video,1.0,2.0,69.5,20.89
User_170,6,170,6,0,32.37,0.404,Rural,Fog,Video,1.0,5.0,25.67,31.03
User_171,6,171,4,2,35.0,0.714,Rural,Rain,Emergency,2.0,6.0,100.0,30.76
User_172,6,172,3,3,80.27,0.445,Highway,Fog,Video,4.0,2.0,69.5,36.08
User_173,6,173,5,1,27.89,0.622,Urban,Fog,Video,2.0,6.0,100.0,36.17
User_174,6,174,5,1,55.85,0.034,Highway,Fog,Text,5.0,3.0,100.0,24.19
User_175,6,175,1,3,20.34,0.737,Rural,Fog,Video,2.0,2.0,69.5,35.67
User_176,6,176,4,2,69.05,0.759,Rural,Fog,Text,1.0,5.0,25.67,42.46
User_177,6,177,5,1,46.51,0.633,Urban,Clear,Sensor,2.0,3.0,100.0,26.89
User_178,6,178,1,1,37.73,0.456,Highway,Rain,Video,2.0,1.0,95.5,24.97
User_179,6,179,4,0,94.34,0.573,Highway,Rain,Video,5.0,3.0,100.0,28.43
User_180,6,180,1,3,92.4,0.697,Rural,Clear,Text,1.0,2.0,69.5,27.23
User_181,6,181,4,0,75.8,0.321,Rural,Fog,Text,2.0,6.0,100.0,36.09
User_182,6,182,5,3,44.65,0.565,Rural,Fog,Emergency,4.0,6.0,100.0,33.81
User_183,6,183,4,0,52.1,0.654,Highway,Clear,Emergency,2.0,6.0,100.0,28.37
User_184,6,184,1,3,58.97,0.297,Rural,Fog,Text,4.0,2.0,69.5,30.22
User_185,6,185,7,3,30.49,0.591,Rural,Clear,Video,2.0,6.0,100.0,23.78
User_186,6,186,5,1,21.07,0.322,Highway,Fog,Sensor,5.0,3.0,100.0,27.46
User_187,6,187,1,3,28.55,0.482,Highway,Rain,Video,1.0,2.0,69.5,25.09
User_188,6,188,4,2,39.94,0.797,Rural,Fog,Sensor,1.0,5.0,25.67,42.15
User_189,6,189,3,3,24.82,0.072,Highway,Clear,Sensor,1.0,2.0,69.5,18.82
User_190,6,190,3,3,56.08,0.798,Rural,Fog,Text,1.0,2.0,69.5,42.65
User_191,6,191,4,0,34.65,0.335,Rural,Fog,Sensor,1.0,5.0,25.67,35.06
User_192,6,192,3,3,42.05,0.472,Rural,Clear,Emergency,5.0,4.0,100.0,22.34
User_193,6,193,3,1,140.0,0.674,Urban,Clear,Text,4.0,1.0,95.5,35.31
User_194,6,194,7,1,82.91,0.868,Highway,Clear,Video,3.0,5.0,25.67,22.51
User_195,6,195,7,3,93.83,0.436,Highway,Clear,Sensor,3.0,6.0,100.0,21.35
User_196,6,196,0,2,77.21,0.63,Rural,Clear,Text,3.0,2.0,69.5,20.77
User_197,6,197,2,2,46.81,0.463,Rural,Clear,Video,3.0,2.0,69.5,22.35
User_198,6,198,4,2,44.05,0.894,Urban,Rain,Video,2.0,6.0,100.0,35.73
User_199,6,199,4,2,76.37,0.385,Rural,Fog,Sensor,3.0,6.0,100.0,32.07
User_200,6,200,1,1,33.48,0.825,Rural,Clear,Emergency,2.0,1.0,95.5,27.38
User_201,6,201,4,0,47.9,0.309,Urban,Fog,Text,4.0,3.0,100.0,32.07
User_202,6,202,7,1,28.73,0.574,Rural,Fog,Video,1.0,5.0,25.67,28.47
User_203,6,203,0,0,50.3,0.455,Urban,Clear,Video,3.0,1.0,95.5,19.33
User_204,6,204,1,3,49.21,0.287,Highway,Clear,Text,1.0,2.0,69.5,17.78
User_205,6,205,6,0,17.43,0.942,Highway,Rain,Text,5.0,3.0,100.0,26.65
User_206,6,206,6,2,63.02,0.44,Urban,Fog,Sensor,2.0,6.0,100.0,29.49
User_7,7,7,2,0,79.49,0.528,Urban,Rain,Emergency,3.0,1.0,95.5,31.3
User_8,7,8,5,3,69.55,0.416,Rural,Clear,Emergency,3.0,6.0,100.0,22.33
User_9,7,9,6,2,50.68,0.364,Rural,Fog,Sensor,5.0,6.0,100.0,25.98
User_10,7,10,6,2,34.78,0.818,Highway,Rain,Sensor,3.0,6.0,100.0,25.31
User_11,7,11,7,3,27.75,0.342,Highway,Fog,Sensor,5.0,6.0,100.0,27.96
User_12,7,12,4,0,63.73,0.264,Highway,Clear,Emergency,5.0,3.0,100.0,17.87
User_13,7,13,6,0,87.76,0.333,Rural,Clear,Video,4.0,3.0,100.0,16.63
User_14,7,14,0,0,49.69,0.198,Highway,Rain,Sensor,5.0,1.0,95.5,16.46
User_15,7,15,4,0,75.0,0.652,Rural,Fog,Text,4.0,3.0,100.0,36.03
User_16,7,16,7,1,70.0,0.695,Urban,Rain,Text,5.0,5.0,25.67,28.52
User_17,7,17,7,3,31.04,0.159,Highway,Fog,Video,1.0,6.0,100.0,25.32
User_18,7,18,7,1,45.83,0.125,Highway,Rain,Text,1.0,5.0,25.67,15.25
User_19,7,19,0,0,61.96,0.876,Rural,Clear,Emergency,4.0,1.0,95.5,24.0
User_20,7,20,7,1,108.65,0.444,Highway,Rain,Video,4.0,5.0,25.67,21.92
User_21,7,21,1,1,30.68,0.813,Rural,Clear,Video,5.0,1.0,95.5,27.12
User_22,7,22,3,1,51.05,0.741,Urban,Rain,Text,5.0,4.0,100.0,38.65
User_23,7,23,2,0,123.01,0.855,Highway,Rain,Sensor,4.0,1.0,95.5,33.52
User_24,7,24,3,1,32.93,0.578,Rural,Clear,Sensor,3.0,1.0,95.5,28.66
User_25,7,25,0,2,25.85,0.754,Urban,Clear,Video,3.0,2.0,69.5,23.09
User_26,7,26,1,3,68.26,0.809,Urban,Clear,Sensor,3.0,2.0,69.5,30.18
User_27,7,27,5,3,108.56,0.615,Urban,Rain,Video,1.0,6.0,100.0,33.48
User_28,7,28,4,0,57.64,0.179,Highway,Rain,Emergency,1.0,6.0,100.0,26.41
User_29,7,29,3,3,25.02,0.251,Highway,Fog,Emergency,4.0,4.0,100.0,26.52
User_30,7,30,1,1,62.26,0.239,Highway,Clear,Emergency,3.0,1.0,95.5,17.45
User_31,7,31,4,0,22.76,0.703,Urban,Clear,Emergency,5.0,3.0,100.0,27.23
User_32,7,32,0,2,140.0,0.74,Rural,Rain,Emergency,5.0,2.0,69.5,29.3
User_33,7,33,1,1,126.43,0.208,Highway,Clear,Video,4.0,1.0,95.5,18.91
User_34,7,34,4,0,44.89,0.249,Highway,Fog,Emergency,3.0,3.0,100.0,27.08
User_35,7,35,5,1,59.59,0.659,Urban,Clear,Text,4.0,3.0,100.0,27.67
User_36,7,36,6,0,66.84,0.229,Urban,Fog,Video,4.0,3.0,100.0,26.44
User_37,7,37,3,3,28.87,0.607,Rural,Rain,Emergency,5.0,4.0,100.0,28.97
User_38,7,38,0,2,48.47,0.884,Urban,Rain,Emergency,5.0,2.0,69.5,30.71
User_39,7,39,3,1,46.09,0.139,Rural,Rain,Sensor,2.0,1.0,95.5,27.47
User_40,7,40,3,1,68.6,0.588,Rural,Clear,Sensor,5.0,4.0,100.0,29.88
User_41,7,41,2,2,57.05,0.503,Rural,Clear,Text,5.0,4.0,100.0,23.26
User_42,7,42,7,3,75.42,0.555,Urban,Rain,Video,3.0,6.0,100.0,31.59
User_43,7,43,4,0,74.4,0.481,Highway,Rain,Video,3.0,3.0,100.0,26.45
User_44,7,44,5,3,109.22,0.505,Highway,Fog,Emergency,4.0,6.0,100.0,32.85
User_45,7,45,3,3,33.74,0.308,Rural,Rain,Emergency,2.0,2.0,69.5,29.63
User_46,7,46,6,2,61.02,0.356,Rural,Rain,Video,5.0,6.0,100.0,21.17
User_47,7,47,1,1,15.19,0.223,Urban,Clear,Emergency,4.0,1.0,95.5,19.8
User_48,7,48,7,1,71.47,0.427,Highway,Rain,Sensor,1.0,5.0,25.67,20.55
User_49,7,49,0,0,79.85,0.629,Rural,Clear,Text,4.0,1.0,95.5,20.83
User_50,7,50,5,3,51.69,0.327,Highway,Clear,Sensor,5.0,6.0,100.0,18.46
User_51,7,51,4,2,60.88,0.825,Rural,Rain,Emergency,5.0,6.0,100.0,33.2
User_52,7,52,6,2,39.63,0.206,Rural,Fog,Text,1.0,6.0,100.0,23.28
User_53,7,53,0,2,69.79,0.196,Urban,Fog,Video,4.0,2.0,69.5,26.03
User_54,7,54,7,1,64.99,0.911,Urban,Clear,Text,2.0,5.0,25.67,26.61
User_55,7,55,7,1,51.32,0.763,Highway,Clear,Emergency,1.0,5.0,25.67,19.98
User_56,7,56,5,1,64.52,0.363,Urban,Clear,Emergency,3.0,3.0,100.0,23.38
User_57,7,57,7,1,31.74,0.384,Highway,Fog,Sensor,2.0,5.0,25.67,23.71
User_58,7,58,0,2,140.0,0.628,Urban,Fog,Video,3.0,2.0,69.5,34.62
User_59,7,59,1,1,33.99,0.425,Highway,Clear,Emergency,2.0,1.0,95.5,19.39
User_60,7,60,3,1,17.38,0.044,Highway,Clear,Sensor,4.0,4.0,100.0,18.18
User_61,7,61,4,2,40.82,0.495,Rural,Rain,Video,2.0,6.0,100.0,27.65
User_62,7,62,4,2,65.5,0.162,Highway,Clear,Sensor,4.0,6.0,100.0,16.39
User_63,7,63,1,3,105.98,0.682,Rural,Clear,Emergency,1.0,2.0,69.5,27.41
User_64,7,64,4,0,21.17,0.92,Highway,Clear,Video,5.0,3.0,100.0,26.44
User_65,7,65,3,3,50.01,0.685,Rural,Rain,Emergency,4.0,4.0,100.0,30.78
User_66,7,66,3,3,136.61,0.664,Rural,Rain,Sensor,3.0,2.0,69.5,38.06
User_67,7,67,3,3,52.99,0.357,Highway,Clear,Text,1.0,2.0,69.5,23.94
User_68,7,68,5,3,23.01,0.513,Highway,Fog,Text,3.0,6.0,100.0,30.39
User_69,7,69,5,3,66.11,0.477,Urban,Fog,Sensor,4.0,6.0,100.0,35.14
User_70,7,70,7,1,115.47,0.865,Urban,Rain,Text,5.0,5.0,25.67,32.44
User_71,7,71,7,3,62.24,0.383,Urban,Fog,Sensor,5.0,6.0,100.0,33.61
User_72,7,72,5,3,19.4,0.609,Highway,Clear,Sensor,2.0,6.0,100.0,21.72
User_73,7,73,6,2,62.24,0.717,Highway,Fog,Text,5.0,6.0,100.0,29.62
User_74,7,74,0,0,104.16,0.012,Rural,Fog,Emergency,4.0,1.0,95.5,22.3
User_75,7,75,7,1,49.72,0.868,Urban,Fog,Sensor,2.0,5.0,25.67,35.51
User_76,7,76,1,1,74.63,0.211,Highway,Clear,Emergency,3.0,1.0,95.5,17.4
User_77,7,77,3,1,29.0,0.526,Urban,Rain,Video,2.0,1.0,95.5,34.76
User_78,7,78,7,3,45.74,0.11,Urban,Fog,Emergency,3.0,6.0,100.0,29.02
User_79,7,79,6,0,36.94,0.299,Highway,Fog,Text,4.0,3.0,100.0,22.59
User_80,7,80,1,3,99.36,0.286,Urban,Rain,Text,5.0,4.0,100.0,23.27
User_81,7,81,3,1,48.24,0.126,Urban,Clear,Emergency,3.0,1.0,95.5,24.34
User_82,7,82,7,1,48.26,0.696,Highway,Fog,Sensor,4.0,5.0,25.67,28.89
User_83,7,83,7,1,54.61,0.318,Highway,Clear,Sensor,3.0,5.0,25.67,13.41
User_84,7,84,5,1,52.28,0.136,Rural,Fog,Text,3.0,6.0,100.0,27.61
User_85,7,85,6,0,28.7,0.548,Highway,Clear,Emergency,1.0,5.0,25.67,21.08
User_86,7,86,6,0,12.41,0.941,Highway,Clear,Emergency,1.0,5.0,25.67,26.49
User_87,7,87,0,2,45.0,0.715,Rural,Fog,Text,1.0,2.0,69.5,31.08
User_88,7,88,3,1,75.49,0.578,Highway,Fog,Text,1.0,1.0,95.5,37.93
User_89,7,89,6,2,40.52,0.545,Highway,Rain,Sensor,1.0,6.0,100.0,21.39
User_90,7,90,4,0,67.21,0.237,Rural,Rain,Emergency,4.0,3.0,100.0,24.57
User_91,7,91,5,1,56.28,0.415,Highway,Clear,Video,5.0,3.0,100.0,19.91
User_92,7,92,4,2,88.84,0.809,Highway,Rain,Emergency,1.0,6.0,100.0,31.8
User_93,7,93,1,3,93.03,0.21,Highway,Fog,Text,4.0,4.0,100.0,22.94
User_94,7,94,0,2,64.44,0.774,Highway,Fog,Sensor,5.0,2.0,69.5,30.54
User_95,7,95,5,3,27.92,0.12,Highway,Fog,Emergency,5.0,6.0,100.0,24.64
User_96,7,96,6,2,28.55,0.405,Urban,Rain,Text,5.0,6.0,100.0,22.93
User_97,7,97,7,1,56.03,0.415,Urban,Rain,Video,5.0,5.0,25.67,23.91
User_98,7,98,5,1,42.1,0.503,Rural,Clear,Video,3.0,6.0,100.0,22.81
User_99,7,99,0,0,31.34,0.633,Rural,Clear,Sensor,5.0,1.0,95.5,19.44
User_100,7,100,0,2,63.4,0.926,Highway,Clear,Video,3.0,2.0,69.5,22.79
User_101,7,101,4,0,54.2,0.85,Urban,Clear,Sensor,4.0,3.0,100.0,30.38
User_102,7,102,1,1,19.14,0.378,Highway,Clear,Video,3.0,1.0,95.5,18.24
User_103,7,103,3,1,69.93,0.6,Urban,Fog,Text,4.0,4.0,100.0,42.1
User_104,7,104,2,0,57.03,0.259,Highway,Fog,Video,4.0,1.0,95.5,27.6
User_105,7,105,4,0,31.72,0.762,Highway,Fog,Emergency,5.0,3.0,100.0,34.38
User_106,7,106,1,3,50.27,0.453,Urban,Clear,Sensor,2.0,2.0,69.5,24.3
User_107,7,107,3,3,73.73,0.338,Highway,Clear,Emergency,1.0,2.0,69.5,24.28
User_108,7,108,2,2,45.4,0.802,Urban,Fog,Video,5.0,4.0,100.0,39.39
User_109,7,109,0,0,54.94,0.875,Rural,Clear,Emergency,4.0,1.0,95.5,23.77
User_110,7,110,7,3,86.05,0.402,Highway,Rain,Sensor,5.0,6.0,100.0,25.61
User_111,7,111,5,1,43.99,0.862,Highway,Fog,Text,3.0,6.0,100.0,36.25
User_112,7,112,3,3,65.07,0.697,Urban,Rain,Text,5.0,4.0,100.0,33.41
User_113,7,113,6,2,51.91,0.609,Highway,Rain,Sensor,4.0,6.0,100.0,22.69
User_114,7,114,3,1,55.09,0.486,Urban,Fog,Text,3.0,1.0,95.5,39.94
User_115,7,115,1,3,19.84,0.332,Highway,Clear,Video,4.0,4.0,100.0,12.58
User_116,7,116,4,2,74.66,0.42,Highway,Clear,Emergency,4.0,6.0,100.0,20.54
User_117,7,117,6,2,41.84,0.246,Highway,Fog,Emergency,2.0,6.0,100.0,21.95
User_118,7,118,3,3,77.6,0.448,Urban,Clear,Sensor,5.0,4.0,100.0,25.05
User_119,7,119,5,3,49.34,0.623,Urban,Clear,Emergency,4.0,6.0,100.0,26.83
User_120,7,120,1,1,108.23,0.693,Urban,Rain,Sensor,2.0,1.0,95.5,34.64
User_121,7,121,4,0,49.54,0.651,Highway,Rain,Emergency,1.0,6.0,100.0,33.25
User_122,7,122,2,2,62.3,0.558,Rural,Rain,Emergency,2.0,2.0,69.5,29.24
User_123,7,123,6,2,47.43,0.468,Highway,Fog,Emergency,1.0,5.0,25.67,30.44
User_124,7,124,0,2,87.97,0.583,Rural,Fog,Video,4.0,2.0,69.5,30.38
User_125,7,125,3,1,35.19,0.692,Highway,Fog,Emergency,5.0,4.0,100.0,38.44
User_126,7,126,4,0,45.26,0.292,Highway,Fog,Text,5.0,3.0,100.0,27.74
User_127,7,127,2,0,123.18,0.644,Urban,Fog,Video,4.0,1.0,95.5,39.36
User_128,7,128,2,0,56.79,0.237,Rural,Rain,Sensor,3.0,1.0,95.5,24.26
User_129,7,129,4,2,77.3,0.265,Rural,Fog,Video,4.0,6.0,100.0,30.29
User_130,7,130,4,0,58.24,0.912,Urban,Rain,Emergency,1.0,5.0,25.67,41.43
User_131,7,131,7,3,31.28,0.86,Rural,Rain,Sensor,4.0,6.0,100.0,32.84
User_132,7,132,7,1,52.6,0.283,Urban,Clear,Text,2.0,5.0,25.67,16.82
User_133,7,133,7,1,75.25,0.17,Rural,Fog,Text,4.0,5.0,25.67,23.81
User_134,7,134,7,1,79.48,0.886,Rural,Fog,Emergency,5.0,5.0,25.67,34.67
User_135,7,135,5,1,67.97,0.515,Urban,Rain,Video,3.0,6.0,100.0,30.76
User_136,7,136,1,1,49.83,0.172,Highway,Rain,Emergency,3.0,1.0,95.5,21.07
User_137,7,137,6,0,101.02,0.543,Urban,Fog,Emergency,4.0,3.0,100.0,32.18
User_138,7,138,2,2,28.64,0.68,Highway,Rain,Emergency,5.0,4.0,100.0,28.06
User_139,7,139,6,0,100.44,0.591,Urban,Fog,Video,1.0,5.0,25.67,37.88
User_140,7,140,5,3,87.72,0.483,Highway,Fog,Text,4.0,6.0,100.0,31.88
User_141,7,141,2,0,42.28,0.609,Urban,Clear,Sensor,1.0,1.0,95.5,26.4
User_142,7,142,3,3,73.87,0.663,Urban,Fog,Emergency,1.0,2.0,69.5,43.16
User_143,7,143,2,2,66.12,0.953,Urban,Clear,Video,4.0,4.0,100.0,32.28
User_144,7,144,1,3,134.95,0.611,Rural,Clear,Emergency,5.0,4.0,100.0,22.21
User_145,7,145,6,0,38.11,0.811,Urban,Rain,Emergency,5.0,3.0,100.0,29.31
User_146,7,146,2,2,98.56,0.3,Urban,Clear,Text,4.0,2.0,69.5,23.46
User_147,7,147,6,2,49.37,0.311,Highway,Rain,Sensor,5.0,6.0,100.0,18.15
User_148,7,148,2,2,63.85,0.869,Urban,Rain,Video,3.0,2.0,69.5,35.95
User_149,7,149,6,0,127.56,0.655,Highway,Rain,Sensor,5.0,3.0,100.0,25.65
User_150,7,150,0,0,140.0,0.367,Rural,Clear,Video,2.0,1.0,95.5,18.7
User_151,7,151,1,3,78.45,0.682,Rural,Rain,Emergency,1.0,2.0,69.5,31.58
User_152,7,152,7,1,83.66,0.353,Rural,Clear,Emergency,1.0,5.0,25.67,16.8
User_153,7,153,0,2,67.47,0.396,Rural,Fog,Emergency,5.0,2.0,69.5,26.96
User_154,7,154,7,3,46.38,0.066,Urban,Rain,Sensor,4.0,6.0,100.0,23.38
User_155,7,155,6,2,109.28,0.302,Urban,Rain,Sensor,5.0,6.0,100.0,23.81
User_156,7,156,5,3,46.21,0.289,Highway,Clear,Emergency,1.0,5.0,25.67,22.72
User_157,7,157,4,2,43.83,0.078,Urban,Clear,Text,2.0,6.0,100.0,18.48
User_158,7,158,7,1,48.99,0.538,Urban,Clear,Text,5.0,5.0,25.67,20.54
User_159,7,159,1,3,79.31,0.695,Highway,Rain,Video,4.0,2.0,69.5,29.8
User_160,7,160,5,1,93.88,0.336,Urban,Rain,Sensor,1.0,6.0,100.0,28.86
User_161,7,161,2,2,46.66,0.455,Rural,Rain,Emergency,3.0,2.0,69.5,27.22
User_162,7,162,4,2,123.87,0.804,Urban,Rain,Video,4.0,6.0,100.0,36.78
User_163,7,163,3,1,24.45,0.07,Highway,Fog,Text,4.0,1.0,95.5,28.78
User_164,7,164,5,3,22.87,0.665,Highway,Fog,Text,3.0,6.0,100.0,32.66
User_165,7,165,4,0,84.27,0.682,Rural,Rain,Text,1.0,5.0,25.67,36.76
User_166,7,166,6,2,64.8,0.727,Urban,Rain,Video,3.0,6.0,100.0,28.85
User_167,7,167,4,0,70.6,0.466,Highway,Rain,Video,3.0,6.0,100.0,31.11
User_168,7,168,1,1,61.26,0.736,Highway,Rain,Emergency,5.0,1.0,95.5,29.88
User_169,7,169,1,3,13.65,0.432,Rural,Clear,Video,1.0,2.0,69.5,20.89
User_170,7,170,6,0,32.37,0.404,Rural,Fog,Video,1.0,5.0,25.67,31.03
User_171,7,171,4,2,35.0,0.714,Rural,Rain,Emergency,2.0,6.0,100.0,30.76
User_172,7,172,3,3,80.27,0.445,Highway,Fog,Video,4.0,2.0,69.5,36.08
User_173,7,173,5,1,27.89,0.622,Urban,Fog,Video,2.0,6.0,100.0,36.17
User_174,7,174,5,1,55.85,0.034,Highway,Fog,Text,5.0,3.0,100.0,24.19
User_175,7,175,1,3,20.34,0.737,Rural,Fog,Video,2.0,2.0,69.5,35.67
User_176,7,176,4,2,69.05,0.759,Rural,Fog,Text,1.0,5.0,25.67,42.46
User_177,7,177,5,1,46.51,0.633,Urban,Clear,Sensor,2.0,3.0,100.0,26.89
User_178,7,178,1,1,37.73,0.456,Highway,Rain,Video,2.0,1.0,95.5,24.97
User_179,7,179,4,0,94.34,0.573,Highway,Rain,Video,5.0,3.0,100.0,28.43
User_180,7,180,1,3,92.4,0.697,Rural,Clear,Text,1.0,2.0,69.5,27.23
User_181,7,181,4,0,75.8,0.321,Rural,Fog,Text,2.0,6.0,100.0,36.09
User_182,7,182,5,3,44.65,0.565,Rural,Fog,Emergency,4.0,6.0,100.0,33.81
User_183,7,183,4,0,52.1,0.654,Highway,Clear,Emergency,2.0,6.0,100.0,28.37
User_184,7,184,1,3,58.97,0.297,Rural,Fog,Text,4.0,2.0,69.5,30.22
User_185,7,185,7,3,30.49,0.591,Rural,Clear,Video,2.0,6.0,100.0,23.78
User_186,7,186,5,1,21.07,0.322,Highway,Fog,Sensor,5.0,3.0,100.0,27.46
User_187,7,187,1,3,28.55,0.482,Highway,Rain,Video,1.0,2.0,69.5,25.09
User_188,7,188,4,2,39.94,0.797,Rural,Fog,Sensor,1.0,5.0,25.67,42.15
User_189,7,189,3,3,24.82,0.072,Highway,Clear,Sensor,1.0,2.0,69.5,18.82
User_190,7,190,3,3,56.08,0.798,Rural,Fog,Text,1.0,2.0,69.5,42.65
User_191,7,191,4,0,34.65,0.335,Rural,Fog,Sensor,1.0,5.0,25.67,35.06
User_192,7,192,3,3,42.05,0.472,Rural,Clear,Emergency,5.0,4.0,100.0,22.34
User_193,7,193,3,1,140.0,0.674,Urban,Clear,Text,4.0,1.0,95.5,35.31
User_194,7,194,7,1,82.91,0.868,Highway,Clear,Video,3.0,5.0,25.67,22.51
User_195,7,195,7,3,93.83,0.436,Highway,Clear,Sensor,3.0,6.0,100.0,21.35
User_196,7,196,0,2,77.21,0.63,Rural,Clear,Text,3.0,2.0,69.5,20.77
User_197,7,197,2,2,46.81,0.463,Rural,Clear,Video,3.0,2.0,69.5,22.35
User_198,7,198,4,2,44.05,0.894,Urban,Rain,Video,2.0,6.0,100.0,35.73
User_199,7,199,4,2,76.37,0.385,Rural,Fog,Sensor,3.0,6.0,100.0,32.07
User_200,7,200,1,1,33.48,0.825,Rural,Clear,Emergency,2.0,1.0,95.5,27.38
User_201,7,201,4,0,47.9,0.309,Urban,Fog,Text,4.0,3.0,100.0,32.07
User_202,7,202,7,1,28.73,0.574,Rural,Fog,Video,1.0,5.0,25.67,28.47
User_203,7,203,0,0,50.3,0.455,Urban,Clear,Video,3.0,1.0,95.5,19.33
User_204,7,204,1,3,49.21,0.287,Highway,Clear,Text,1.0,2.0,69.5,17.78
User_205,7,205,6,0,17.43,0.942,Highway,Rain,Text,5.0,3.0,100.0,26.65
User_206,7,206,6,2,63.02,0.44,Urban,Fog,Sensor,2.0,6.0,100.0,29.49
User_7,8,7,2,0,79.49,0.528,Urban,Rain,Emergency,3.0,1.0,95.5,31.3
User_8,8,8,5,3,69.55,0.416,Rural,Clear,Emergency,3.0,6.0,100.0,22.33
User_9,8,9,6,2,50.68,0.364,Rural,Fog,Sensor,5.0,6.0,100.0,25.98
User_10,8,10,6,2,34.78,0.818,Highway,Rain,Sensor,3.0,6.0,100.0,25.31
User_11,8,11,7,3,27.75,0.342,Highway,Fog,Sensor,5.0,6.0,100.0,27.96
User_12,8,12,4,0,63.73,0.264,Highway,Clear,Emergency,5.0,3.0,100.0,17.87
User_13,8,13,6,0,87.76,0.333,Rural,Clear,Video,4.0,3.0,100.0,16.63
User_14,8,14,0,0,49.69,0.198,Highway,Rain,Sensor,5.0,1.0,95.5,16.46
User_15,8,15,4,0,75.0,0.652,Rural,Fog,Text,4.0,3.0,100.0,36.03
User_16,8,16,7,1,70.0,0.695,Urban,Rain,Text,5.0,5.0,25.67,28.52
User_17,8,17,7,3,31.04,0.159,Highway,Fog,Video,1.0,6.0,100.0,25.32
User_18,8,18,7,1,45.83,0.125,Highway,Rain,Text,1.0,5.0,25.67,15.25
User_19,8,19,0,0,61.96,0.876,Rural,Clear,Emergency,4.0,1.0,95.5,24.0
User_20,8,20,7,1,108.65,0.444,Highway,Rain,Video,4.0,5.0,25.67,21.92
User_21,8,21,1,1,30.68,0.813,Rural,Clear,Video,5.0,1.0,95.5,27.12
User_22,8,22,3,1,51.05,0.741,Urban,Rain,Text,5.0,4.0,100.0,38.65
User_23,8,23,2,0,123.01,0.855,Highway,Rain,Sensor,4.0,1.0,95.5,33.52
User_24,8,24,3,1,32.93,0.578,Rural,Clear,Sensor,3.0,1.0,95.5,28.66
User_25,8,25,0,2,25.85,0.754,Urban,Clear,Video,3.0,2.0,69.5,23.09
User_26,8,26,1,3,68.26,0.809,Urban,Clear,Sensor,3.0,2.0,69.5,30.18
User_27,8,27,5,3,108.56,0.615,Urban,Rain,Video,1.0,6.0,100.0,33.48
User_28,8,28,4,0,57.64,0.179,Highway,Rain,Emergency,1.0,6.0,100.0,26.41
User_29,8,29,3,3,25.02,0.251,Highway,Fog,Emergency,4.0,4.0,100.0,26.52
User_30,8,30,1,1,62.26,0.239,Highway,Clear,Emergency,3.0,1.0,95.5,17.45
User_31,8,31,4,0,22.76,0.703,Urban,Clear,Emergency,5.0,3.0,100.0,27.23
User_32,8,32,0,2,140.0,0.74,Rural,Rain,Emergency,5.0,2.0,69.5,29.3
User_33,8,33,1,1,126.43,0.208,Highway,Clear,Video,4.0,1.0,95.5,18.91
User_34,8,34,4,0,44.89,0.249,Highway,Fog,Emergency,3.0,3.0,100.0,27.08
User_35,8,35,5,1,59.59,0.659,Urban,Clear,Text,4.0,3.0,100.0,27.67
User_36,8,36,6,0,66.84,0.229,Urban,Fog,Video,4.0,3.0,100.0,26.44
User_37,8,37,3,3,28.87,0.607,Rural,Rain,Emergency,5.0,4.0,100.0,28.97
User_38,8,38,0,2,48.47,0.884,Urban,Rain,Emergency,5.0,2.0,69.5,30.71
User_39,8,39,3,1,46.09,0.139,Rural,Rain,Sensor,2.0,1.0,95.5,27.47
User_40,8,40,3,1,68.6,0.588,Rural,Clear,Sensor,5.0,4.0,100.0,29.88
User_41,8,41,2,2,57.05,0.503,Rural,Clear,Text,5.0,4.0,100.0,23.26
User_42,8,42,7,3,75.42,0.555,Urban,Rain,Video,3.0,6.0,100.0,31.59
User_43,8,43,4,0,74.4,0.481,Highway,Rain,Video,3.0,3.0,100.0,26.45
User_44,8,44,5,3,109.22,0.505,Highway,Fog,Emergency,4.0,6.0,100.0,32.85
User_45,8,45,3,3,33.74,0.308,Rural,Rain,Emergency,2.0,2.0,69.5,29.63
User_46,8,46,6,2,61.02,0.356,Rural,Rain,Video,5.0,6.0,100.0,21.17
User_47,8,47,1,1,15.19,0.223,Urban,Clear,Emergency,4.0,1.0,95.5,19.8
User_48,8,48,7,1,71.47,0.427,Highway,Rain,Sensor,1.0,5.0,25.67,20.55
User_49,8,49,0,0,79.85,0.629,Rural,Clear,Text,4.0,1.0,95.5,20.83
User_50,8,50,5,3,51.69,0.327,Highway,Clear,Sensor,5.0,6.0,100.0,18.46
User_51,8,51,4,2,60.88,0.825,Rural,Rain,Emergency,5.0,6.0,100.0,33.2
User_52,8,52,6,2,39.63,0.206,Rural,Fog,Text,1.0,6.0,100.0,23.28
User_53,8,53,0,2,69.79,0.196,Urban,Fog,Video,4.0,2.0,69.5,26.03
User_54,8,54,7,1,64.99,0.911,Urban,Clear,Text,2.0,5.0,25.67,26.61
User_55,8,55,7,1,51.32,0.763,Highway,Clear,Emergency,1.0,5.0,25.67,19.98
User_56,8,56,5,1,64.52,0.363,Urban,Clear,Emergency,3.0,3.0,100.0,23.38
User_57,8,57,7,1,31.74,0.384,Highway,Fog,Sensor,2.0,5.0,25.67,23.71
User_58,8,58,0,2,140.0,0.628,Urban,Fog,Video,3.0,2.0,69.5,34.62
User_59,8,59,1,1,33.99,0.425,Highway,Clear,Emergency,2.0,1.0,95.5,19.39
User_60,8,60,3,1,17.38,0.044,Highway,Clear,Sensor,4.0,4.0,100.0,18.18
User_61,8,61,4,2,40.82,0.495,Rural,Rain,Video,2.0,6.0,100.0,27.65
User_62,8,62,4,2,65.5,0.162,Highway,Clear,Sensor,4.0,6.0,100.0,16.39
User_63,8,63,1,3,105.98,0.682,Rural,Clear,Emergency,1.0,2.0,69.5,27.41
User_64,8,64,4,0,21.17,0.92,Highway,Clear,Video,5.0,3.0,100.0,26.44
User_65,8,65,3,3,50.01,0.685,Rural,Rain,Emergency,4.0,4.0,100.0,30.78
User_66,8,66,3,3,136.61,0.664,Rural,Rain,Sensor,3.0,2.0,69.5,38.06
User_67,8,67,3,3,52.99,0.357,Highway,Clear,Text,1.0,2.0,69.5,23.94
User_68,8,68,5,3,23.01,0.513,Highway,Fog,Text,3.0,6.0,100.0,30.39
User_69,8,69,5,3,66.11,0.477,Urban,Fog,Sensor,4.0,6.0,100.0,35.14
User_70,8,70,7,1,115.47,0.865,Urban,Rain,Text,5.0,5.0,25.67,32.44
User_71,8,71,7,3,62.24,0.383,Urban,Fog,Sensor,5.0,6.0,100.0,33.61
User_72,8,72,5,3,19.4,0.609,Highway,Clear,Sensor,2.0,6.0,100.0,21.72
User_73,8,73,6,2,62.24,0.717,Highway,Fog,Text,5.0,6.0,100.0,29.62
User_74,8,74,0,0,104.16,0.012,Rural,Fog,Emergency,4.0,1.0,95.5,22.3
User_75,8,75,7,1,49.72,0.868,Urban,Fog,Sensor,2.0,5.0,25.67,35.51
User_76,8,76,1,1,74.63,0.211,Highway,Clear,Emergency,3.0,1.0,95.5,17.4
User_77,8,77,3,1,29.0,0.526,Urban,Rain,Video,2.0,1.0,95.5,34.76
User_78,8,78,7,3,45.74,0.11,Urban,Fog,Emergency,3.0,6.0,100.0,29.02
User_79,8,79,6,0,36.94,0.299,Highway,Fog,Text,4.0,3.0,100.0,22.59
User_80,8,80,1,3,99.36,0.286,Urban,Rain,Text,5.0,4.0,100.0,23.27
User_81,8,81,3,1,48.24,0.126,Urban,Clear,Emergency,3.0,1.0,95.5,24.34
User_82,8,82,7,1,48.26,0.696,Highway,Fog,Sensor,4.0,5.0,25.67,28.89
User_83,8,83,7,1,54.61,0.318,Highway,Clear,Sensor,3.0,5.0,25.67,13.41
User_84,8,84,5,1,52.28,0.136,Rural,Fog,Text,3.0,6.0,100.0,27.61
User_85,8,85,6,0,28.7,0.548,Highway,Clear,Emergency,1.0,5.0,25.67,21.08
User_86,8,86,6,0,12.41,0.941,Highway,Clear,Emergency,1.0,5.0,25.67,26.49
User_87,8,87,0,2,45.0,0.715,Rural,Fog,Text,1.0,2.0,69.5,31.08
User_88,8,88,3,1,75.49,0.578,Highway,Fog,Text,1.0,1.0,95.5,37.93
User_89,8,89,6,2,40.52,0.545,Highway,Rain,Sensor,1.0,6.0,100.0,21.39
User_90,8,90,4,0,67.21,0.237,Rural,Rain,Emergency,4.0,3.0,100.0,24.57
User_91,8,91,5,1,56.28,0.415,Highway,Clear,Video,5.0,3.0,100.0,19.91
User_92,8,92,4,2,88.84,0.809,Highway,Rain,Emergency,1.0,6.0,100.0,31.8
User_93,8,93,1,3,93.03,0.21,Highway,Fog,Text,4.0,4.0,100.0,22.94
User_94,8,94,0,2,64.44,0.774,Highway,Fog,Sensor,5.0,2.0,69.5,30.54
User_95,8,95,5,3,27.92,0.12,Highway,Fog,Emergency,5.0,6.0,100.0,24.64
User_96,8,96,6,2,28.55,0.405,Urban,Rain,Text,5.0,6.0,100.0,22.93
User_97,8,97,7,1,56.03,0.415,Urban,Rain,Video,5.0,5.0,25.67,23.91
User_98,8,98,5,1,42.1,0.503,Rural,Clear,Video,3.0,6.0,100.0,22.81
User_99,8,99,0,0,31.34,0.633,Rural,Clear,Sensor,5.0,1.0,95.5,19.44
User_100,8,100,0,2,63.4,0.926,Highway,Clear,Video,3.0,2.0,69.5,22.79
User_101,8,101,4,0,54.2,0.85,Urban,Clear,Sensor,4.0,3.0,100.0,30.38
User_102,8,102,1,1,19.14,0.378,Highway,Clear,Video,3.0,1.0,95.5,18.24
User_103,8,103,3,1,69.93,0.6,Urban,Fog,Text,4.0,4.0,100.0,42.1
User_104,8,104,2,0,57.03,0.259,Highway,Fog,Video,4.0,1.0,95.5,27.6
User_105,8,105,4,0,31.72,0.762,Highway,Fog,Emergency,5.0,3.0,100.0,34.38
User_106,8,106,1,3,50.27,0.453,Urban,Clear,Sensor,2.0,2.0,69.5,24.3
User_107,8,107,3,3,73.73,0.338,Highway,Clear,Emergency,1.0,2.0,69.5,24.28
User_108,8,108,2,2,45.4,0.802,Urban,Fog,Video,5.0,4.0,100.0,39.39
User_109,8,109,0,0,54.94,0.875,Rural,Clear,Emergency,4.0,1.0,95.5,23.77
User_110,8,110,7,3,86.05,0.402,Highway,Rain,Sensor,5.0,6.0,100.0,25.61
User_111,8,111,5,1,43.99,0.862,Highway,Fog,Text,3.0,6.0,100.0,36.25
User_112,8,112,3,3,65.07,0.697,Urban,Rain,Text,5.0,4.0,100.0,33.41
User_113,8,113,6,2,51.91,0.609,Highway,Rain,Sensor,4.0,6.0,100.0,22.69
User_114,8,114,3,1,55.09,0.486,Urban,Fog,Text,3.0,1.0,95.5,39.94
User_115,8,115,1,3,19.84,0.332,Highway,Clear,Video,4.0,4.0,100.0,12.58
User_116,8,116,4,2,74.66,0.42,Highway,Clear,Emergency,4.0,6.0,100.0,20.54
User_117,8,117,6,2,41.84,0.246,Highway,Fog,Emergency,2.0,6.0,100.0,21.95
User_118,8,118,3,3,77.6,0.448,Urban,Clear,Sensor,5.0,4.0,100.0,25.05
User_119,8,119,5,3,49.34,0.623,Urban,Clear,Emergency,4.0,6.0,100.0,26.83
User_120,8,120,1,1,108.23,0.693,Urban,Rain,Sensor,2.0,1.0,95.5,34.64
User_121,8,121,4,0,49.54,0.651,Highway,Rain,Emergency,1.0,6.0,100.0,33.25
User_122,8,122,2,2,62.3,0.558,Rural,Rain,Emergency,2.0,2.0,69.5,29.24
User_123,8,123,6,2,47.43,0.468,Highway,Fog,Emergency,1.0,5.0,25.67,30.44
User_124,8,124,0,2,87.97,0.583,Rural,Fog,Video,4.0,2.0,69.5,30.38
User_125,8,125,3,1,35.19,0.692,Highway,Fog,Emergency,5.0,4.0,100.0,38.44
User_126,8,126,4,0,45.26,0.292,Highway,Fog,Text,5.0,3.0,100.0,27.74
User_127,8,127,2,0,123.18,0.644,Urban,Fog,Video,4.0,1.0,95.5,39.36
User_128,8,128,2,0,56.79,0.237,Rural,Rain,Sensor,3.0,1.0,95.5,24.26
User_129,8,129,4,2,77.3,0.265,Rural,Fog,Video,4.0,6.0,100.0,30.29
User_130,8,130,4,0,58.24,0.912,Urban,Rain,Emergency,1.0,5.0,25.67,41.43
User_131,8,131,7,3,31.28,0.86,Rural,Rain,Sensor,4.0,6.0,100.0,32.84
User_132,8,132,7,1,52.6,0.283,Urban,Clear,Text,2.0,5.0,25.67,16.82
User_133,8,133,7,1,75.25,0.17,Rural,Fog,Text,4.0,5.0,25.67,23.81
User_134,8,134,7,1,79.48,0.886,Rural,Fog,Emergency,5.0,5.0,25.67,34.67
User_135,8,135,5,1,67.97,0.515,Urban,Rain,Video,3.0,6.0,100.0,30.76
User_136,8,136,1,1,49.83,0.172,Highway,Rain,Emergency,3.0,1.0,95.5,21.07
User_137,8,137,6,0,101.02,0.543,Urban,Fog,Emergency,4.0,3.0,100.0,32.18
User_138,8,138,2,2,28.64,0.68,Highway,Rain,Emergency,5.0,4.0,100.0,28.06
User_139,8,139,6,0,100.44,0.591,Urban,Fog,Video,1.0,5.0,25.67,37.88
User_140,8,140,5,3,87.72,0.483,Highway,Fog,Text,4.0,6.0,100.0,31.88
User_141,8,141,2,0,42.28,0.609,Urban,Clear,Sensor,1.0,1.0,95.5,26.4
User_142,8,142,3,3,73.87,0.663,Urban,Fog,Emergency,1.0,2.0,69.5,43.16
User_143,8,143,2,2,66.12,0.953,Urban,Clear,Video,4.0,4.0,100.0,32.28
User_144,8,144,1,3,134.95,0.611,Rural,Clear,Emergency,5.0,4.0,100.0,22.21
User_145,8,145,6,0,38.11,0.811,Urban,Rain,Emergency,5.0,3.0,100.0,29.31
User_146,8,146,2,2,98.56,0.3,Urban,Clear,Text,4.0,2.0,69.5,23.46
User_147,8,147,6,2,49.37,0.311,Highway,Rain,Sensor,5.0,6.0,100.0,18.15
User_148,8,148,2,2,63.85,0.869,Urban,Rain,Video,3.0,2.0,69.5,35.95
User_149,8,149,6,0,127.56,0.655,Highway,Rain,Sensor,5.0,3.0,100.0,25.65
User_150,8,150,0,0,140.0,0.367,Rural,Clear,Video,2.0,1.0,95.5,18.7
User_151,8,151,1,3,78.45,0.682,Rural,Rain,Emergency,1.0,2.0,69.5,31.58
User_152,8,152,7,1,83.66,0.353,Rural,Clear,Emergency,1.0,5.0,25.67,16.8
User_153,8,153,0,2,67.47,0.396,Rural,Fog,Emergency,5.0,2.0,69.5,26.96
User_154,8,154,7,3,46.38,0.066,Urban,Rain,Sensor,4.0,6.0,100.0,23.38
User_155,8,155,6,2,109.28,0.302,Urban,Rain,Sensor,5.0,6.0,100.0,23.81
User_156,8,156,5,3,46.21,0.289,Highway,Clear,Emergency,1.0,5.0,25.67,22.72
User_157,8,157,4,2,43.83,0.078,Urban,Clear,Text,2.0,6.0,100.0,18.48
User_158,8,158,7,1,48.99,0.538,Urban,Clear,Text,5.0,5.0,25.67,20.54
User_159,8,159,1,3,79.31,0.695,Highway,Rain,Video,4.0,2.0,69.5,29.8
User_160,8,160,5,1,93.88,0.336,Urban,Rain,Sensor,1.0,6.0,100.0,28.86
User_161,8,161,2,2,46.66,0.455,Rural,Rain,Emergency,3.0,2.0,69.5,27.22
User_162,8,162,4,2,123.87,0.804,Urban,Rain,Video,4.0,6.0,100.0,36.78
User_163,8,163,3,1,24.45,0.07,Highway,Fog,Text,4.0,1.0,95.5,28.78
User_164,8,164,5,3,22.87,0.665,Highway,Fog,Text,3.0,6.0,100.0,32.66
User_165,8,165,4,0,84.27,0.682,Rural,Rain,Text,1.0,5.0,25.67,36.76
User_166,8,166,6,2,64.8,0.727,Urban,Rain,Video,3.0,6.0,100.0,28.85
User_167,8,167,4,0,70.6,0.466,Highway,Rain,Video,3.0,6.0,100.0,31.11
User_168,8,168,1,1,61.26,0.736,Highway,Rain,Emergency,5.0,1.0,95.5,29.88
User_169,8,169,1,3,13.65,0.432,Rural,Clear,Video,1.0,2.0,69.5,20.89
User_170,8,170,6,0,32.37,0.404,Rural,Fog,Video,1.0,5.0,25.67,31.03
User_171,8,171,4,2,35.0,0.714,Rural,Rain,Emergency,2.0,6.0,100.0,30.76
User_172,8,172,3,3,80.27,0.445,Highway,Fog,Video,4.0,2.0,69.5,36.08
User_173,8,173,5,1,27.89,0.622,Urban,Fog,Video,2.0,6.0,100.0,36.17
User_174,8,174,5,1,55.85,0.034,Highway,Fog,Text,5.0,3.0,100.0,24.19
User_175,8,175,1,3,20.34,0.737,Rural,Fog,Video,2.0,2.0,69.5,35.67
User_176,8,176,4,2,69.05,0.759,Rural,Fog,Text,1.0,5.0,25.67,42.46
User_177,8,177,5,1,46.51,0.633,Urban,Clear,Sensor,2.0,3.0,100.0,26.89
User_178,8,178,1,1,37.73,0.456,Highway,Rain,Video,2.0,1.0,95.5,24.97
User_179,8,179,4,0,94.34,0.573,Highway,Rain,Video,5.0,3.0,100.0,28.43
User_180,8,180,1,3,92.4,0.697,Rural,Clear,Text,1.0,2.0,69.5,27.23
User_181,8,181,4,0,75.8,0.321,Rural,Fog,Text,2.0,6.0,100.0,36.09
User_182,8,182,5,3,44.65,0.565,Rural,Fog,Emergency,4.0,6.0,100.0,33.81
User_183,8,183,4,0,52.1,0.654,Highway,Clear,Emergency,2.0,6.0,100.0,28.37
User_184,8,184,1,3,58.97,0.297,Rural,Fog,Text,4.0,2.0,69.5,30.22
User_185,8,185,7,3,30.49,0.591,Rural,Clear,Video,2.0,6.0,100.0,23.78
User_186,8,186,5,1,21.07,0.322,Highway,Fog,Sensor,5.0,3.0,100.0,27.46
User_187,8,187,1,3,28.55,0.482,Highway,Rain,Video,1.0,2.0,69.5,25.09
User_188,8,188,4,2,39.94,0.797,Rural,Fog,Sensor,1.0,5.0,25.67,42.15
User_189,8,189,3,3,24.82,0.072,Highway,Clear,Sensor,1.0,2.0,69.5,18.82
User_190,8,190,3,3,56.08,0.798,Rural,Fog,Text,1.0,2.0,69.5,42.65
User_191,8,191,4,0,34.65,0.335,Rural,Fog,Sensor,1.0,5.0,25.67,35.06
User_192,8,192,3,3,42.05,0.472,Rural,Clear,Emergency,5.0,4.0,100.0,22.34
User_193,8,193,3,1,140.0,0.674,Urban,Clear,Text,4.0,1.0,95.5,35.31
User_194,8,194,7,1,82.91,0.868,Highway,Clear,Video,3.0,5.0,25.67,22.51
User_195,8,195,7,3,93.83,0.436,Highway,Clear,Sensor,3.0,6.0,100.0,21.35
User_196,8,196,0,2,77.21,0.63,Rural,Clear,Text,3.0,2.0,69.5,20.77
User_197,8,197,2,2,46.81,0.463,Rural,Clear,Video,3.0,2.0,69.5,22.35
User_198,8,198,4,2,44.05,0.894,Urban,Rain,Video,2.0,6.0,100.0,35.73
User_199,8,199,4,2,76.37,0.385,Rural,Fog,Sensor,3.0,6.0,100.0,32.07
User_200,8,200,1,1,33.48,0.825,Rural,Clear,Emergency,2.0,1.0,95.5,27.38
User_201,8,201,4,0,47.9,0.309,Urban,Fog,Text,4.0,3.0,100.0,32.07
User_202,8,202,7,1,28.73,0.574,Rural,Fog,Video,1.0,5.0,25.67,28.47
User_203,8,203,0,0,50.3,0.455,Urban,Clear,Video,3.0,1.0,95.5,19.33
User_204,8,204,1,3,49.21,0.287,Highway,Clear,Text,1.0,2.0,69.5,17.78
User_205,8,205,6,0,17.43,0.942,Highway,Rain,Text,5.0,3.0,100.0,26.65
User_206,8,206,6,2,63.02,0.44,Urban,Fog,Sensor,2.0,6.0,100.0,29.49
User_7,9,7,2,0,79.49,0.528,Urban,Rain,Emergency,3.0,1.0,95.5,31.3
User_8,9,8,5,3,69.55,0.416,Rural,Clear,Emergency,3.0,6.0,100.0,22.33
User_9,9,9,6,2,50.68,0.364,Rural,Fog,Sensor,5.0,6.0,100.0,25.98
User_10,9,10,6,2,34.78,0.818,Highway,Rain,Sensor,3.0,6.0,100.0,25.31
User_11,9,11,7,3,27.75,0.342,Highway,Fog,Sensor,5.0,6.0,100.0,27.96
User_12,9,12,4,0,63.73,0.264,Highway,Clear,Emergency,5.0,3.0,100.0,17.87
User_13,9,13,6,0,87.76,0.333,Rural,Clear,Video,4.0,3.0,100.0,16.63
User_14,9,14,0,0,49.69,0.198,Highway,Rain,Sensor,5.0,1.0,95.5,16.46
User_15,9,15,4,0,75.0,0.652,Rural,Fog,Text,4.0,3.0,100.0,36.03
User_16,9,16,7,1,70.0,0.695,Urban,Rain,Text,5.0,5.0,25.67,28.52
User_17,9,17,7,3,31.04,0.159,Highway,Fog,Video,1.0,6.0,100.0,25.32
User_18,9,18,7,1,45.83,0.125,Highway,Rain,Text,1.0,5.0,25.67,15.25
User_19,9,19,0,0,61.96,0.876,Rural,Clear,Emergency,4.0,1.0,95.5,24.0
User_20,9,20,7,1,108.65,0.444,Highway,Rain,Video,4.0,5.0,25.67,21.92
User_21,9,21,1,1,30.68,0.813,Rural,Clear,Video,5.0,1.0,95.5,27.12
User_22,9,22,3,1,51.05,0.741,Urban,Rain,Text,5.0,4.0,100.0,38.65
User_23,9,23,2,0,123.01,0.855,Highway,Rain,Sensor,4.0,1.0,95.5,33.52
User_24,9,24,3,1,32.93,0.578,Rural,Clear,Sensor,3.0,1.0,95.5,28.66
User_25,9,25,0,2,25.85,0.754,Urban,Clear,Video,3.0,2.0,69.5,23.09
User_26,9,26,1,3,68.26,0.809,Urban,Clear,Sensor,3.0,2.0,69.5,30.18
User_27,9,27,5,3,108.56,0.615,Urban,Rain,Video,1.0,6.0,100.0,33.48
User_28,9,28,4,0,57.64,0.179,Highway,Rain,Emergency,1.0,6.0,100.0,26.41
User_29,9,29,3,3,25.02,0.251,Highway,Fog,Emergency,4.0,4.0,100.0,26.52
User_30,9,30,1,1,62.26,0.239,Highway,Clear,Emergency,3.0,1.0,95.5,17.45
User_31,9,31,4,0,22.76,0.703,Urban,Clear,Emergency,5.0,3.0,100.0,27.23
User_32,9,32,0,2,140.0,0.74,Rural,Rain,Emergency,5.0,2.0,69.5,29.3
User_33,9,33,1,1,126.43,0.208,Highway,Clear,Video,4.0,1.0,95.5,18.91
User_34,9,34,4,0,44.89,0.249,Highway,Fog,Emergency,3.0,3.0,100.0,27.08
User_35,9,35,5,1,59.59,0.659,Urban,Clear,Text,4.0,3.0,100.0,27.67
User_36,9,36,6,0,66.84,0.229,Urban,Fog,Video,4.0,3.0,100.0,26.44
User_37,9,37,3,3,28.87,0.607,Rural,Rain,Emergency,5.0,4.0,100.0,28.97
User_38,9,38,0,2,48.47,0.884,Urban,Rain,Emergency,5.0,2.0,69.5,30.71
User_39,9,39,3,1,46.09,0.139,Rural,Rain,Sensor,2.0,1.0,95.5,27.47
User_40,9,40,3,1,68.6,0.588,Rural,Clear,Sensor,5.0,4.0,100.0,29.88
User_41,9,41,2,2,57.05,0.503,Rural,Clear,Text,5.0,4.0,100.0,23.26
User_42,9,42,7,3,75.42,0.555,Urban,Rain,Video,3.0,6.0,100.0,31.59
User_43,9,43,4,0,74.4,0.481,Highway,Rain,Video,3.0,3.0,100.0,26.45
User_44,9,44,5,3,109.22,0.505,Highway,Fog,Emergency,4.0,6.0,100.0,32.85
User_45,9,45,3,3,33.74,0.308,Rural,Rain,Emergency,2.0,2.0,69.5,29.63
User_46,9,46,6,2,61.02,0.356,Rural,Rain,Video,5.0,6.0,100.0,21.17
User_47,9,47,1,1,15.19,0.223,Urban,Clear,Emergency,4.0,1.0,95.5,19.8
User_48,9,48,7,1,71.47,0.427,Highway,Rain,Sensor,1.0,5.0,25.67,20.55
User_49,9,49,0,0,79.85,0.629,Rural,Clear,Text,4.0,1.0,95.5,20.83
User_50,9,50,5,3,51.69,0.327,Highway,Clear,Sensor,5.0,6.0,100.0,18.46
User_51,9,51,4,2,60.88,0.825,Rural,Rain,Emergency,5.0,6.0,100.0,33.2
User_52,9,52,6,2,39.63,0.206,Rural,Fog,Text,1.0,6.0,100.0,23.28
User_53,9,53,0,2,69.79,0.196,Urban,Fog,Video,4.0,2.0,69.5,26.03
User_54,9,54,7,1,64.99,0.911,Urban,Clear,Text,2.0,5.0,25.67,26.61
User_55,9,55,7,1,51.32,0.763,Highway,Clear,Emergency,1.0,5.0,25.67,19.98
User_56,9,56,5,1,64.52,0.363,Urban,Clear,Emergency,3.0,3.0,100.0,23.38
User_57,9,57,7,1,31.74,0.384,Highway,Fog,Sensor,2.0,5.0,25.67,23.71
User_58,9,58,0,2,140.0,0.628,Urban,Fog,Video,3.0,2.0,69.5,34.62
User_59,9,59,1,1,33.99,0.425,Highway,Clear,Emergency,2.0,1.0,95.5,19.39
User_60,9,60,3,1,17.38,0.044,Highway,Clear,Sensor,4.0,4.0,100.0,18.18
User_61,9,61,4,2,40.82,0.495,Rural,Rain,Video,2.0,6.0,100.0,27.65
User_62,9,62,4,2,65.5,0.162,Highway,Clear,Sensor,4.0,6.0,100.0,16.39
User_63,9,63,1,3,105.98,0.682,Rural,Clear,Emergency,1.0,2.0,69.5,27.41
User_64,9,64,4,0,21.17,0.92,Highway,Clear,Video,5.0,3.0,100.0,26.44
User_65,9,65,3,3,50.01,0.685,Rural,Rain,Emergency,4.0,4.0,100.0,30.78
User_66,9,66,3,3,136.61,0.664,Rural,Rain,Sensor,3.0,2.0,69.5,38.06
User_67,9,67,3,3,52.99,0.357,Highway,Clear,Text,1.0,2.0,69.5,23.94
User_68,9,68,5,3,23.01,0.513,Highway,Fog,Text,3.0,6.0,100.0,30.39
User_69,9,69,5,3,66.11,0.477,Urban,Fog,Sensor,4.0,6.0,100.0,35.14
User_70,9,70,7,1,115.47,0.865,Urban,Rain,Text,5.0,5.0,25.67,32.44
User_71,9,71,7,3,62.24,0.383,Urban,Fog,Sensor,5.0,6.0,100.0,33.61
User_72,9,72,5,3,19.4,0.609,Highway,Clear,Sensor,2.0,6.0,100.0,21.72
User_73,9,73,6,2,62.24,0.717,Highway,Fog,Text,5.0,6.0,100.0,29.62
User_74,9,74,0,0,104.16,0.012,Rural,Fog,Emergency,4.0,1.0,95.5,22.3
User_75,9,75,7,1,49.72,0.868,Urban,Fog,Sensor,2.0,5.0,25.67,35.51
User_76,9,76,1,1,74.63,0.211,Highway,Clear,Emergency,3.0,1.0,95.5,17.4
User_77,9,77,3,1,29.0,0.526,Urban,Rain,Video,2.0,1.0,95.5,34.76
User_78,9,78,7,3,45.74,0.11,Urban,Fog,Emergency,3.0,6.0,100.0,29.02
User_79,9,79,6,0,36.94,0.299,Highway,Fog,Text,4.0,3.0,100.0,22.59
User_80,9,80,1,3,99.36,0.286,Urban,Rain,Text,5.0,4.0,100.0,23.27
User_81,9,81,3,1,48.24,0.126,Urban,Clear,Emergency,3.0,1.0,95.5,24.34
User_82,9,82,7,1,48.26,0.696,Highway,Fog,Sensor,4.0,5.0,25.67,28.89
User_83,9,83,7,1,54.61,0.318,Highway,Clear,Sensor,3.0,5.0,25.67,13.41
User_84,9,84,5,1,52.28,0.136,Rural,Fog,Text,3.0,6.0,100.0,27.61
User_85,9,85,6,0,28.7,0.548,Highway,Clear,Emergency,1.0,5.0,25.67,21.08
User_86,9,86,6,0,12.41,0.941,Highway,Clear,Emergency,1.0,5.0,25.67,26.49
User_87,9,87,0,2,45.0,0.715,Rural,Fog,Text,1.0,2.0,69.5,31.08
User_88,9,88,3,1,75.49,0.578,Highway,Fog,Text,1.0,1.0,95.5,37.93
User_89,9,89,6,2,40.52,0.545,Highway,Rain,Sensor,1.0,6.0,100.0,21.39
User_90,9,90,4,0,67.21,0.237,Rural,Rain,Emergency,4.0,3.0,100.0,24.57
User_91,9,91,5,1,56.28,0.415,Highway,Clear,Video,5.0,3.0,100.0,19.91
User_92,9,92,4,2,88.84,0.809,Highway,Rain,Emergency,1.0,6.0,100.0,31.8
User_93,9,93,1,3,93.03,0.21,Highway,Fog,Text,4.0,4.0,100.0,22.94
User_94,9,94,0,2,64.44,0.774,Highway,Fog,Sensor,5.0,2.0,69.5,30.54
User_95,9,95,5,3,27.92,0.12,Highway,Fog,Emergency,5.0,6.0,100.0,24.64
User_96,9,96,6,2,28.55,0.405,Urban,Rain,Text,5.0,6.0,100.0,22.93
User_97,9,97,7,1,56.03,0.415,Urban,Rain,Video,5.0,5.0,25.67,23.91
User_98,9,98,5,1,42.1,0.503,Rural,Clear,Video,3.0,6.0,100.0,22.81
User_99,9,99,0,0,31.34,0.633,Rural,Clear,Sensor,5.0,1.0,95.5,19.44
User_100,9,100,0,2,63.4,0.926,Highway,Clear,Video,3.0,2.0,69.5,22.79
User_101,9,101,4,0,54.2,0.85,Urban,Clear,Sensor,4.0,3.0,100.0,30.38
User_102,9,102,1,1,19.14,0.378,Highway,Clear,Video,3.0,1.0,95.5,18.24
User_103,9,103,3,1,69.93,0.6,Urban,Fog,Text,4.0,4.0,100.0,42.1
User_104,9,104,2,0,57.03,0.259,Highway,Fog,Video,4.0,1.0,95.5,27.6
User_105,9,105,4,0,31.72,0.762,Highway,Fog,Emergency,5.0,3.0,100.0,34.38
User_106,9,106,1,3,50.27,0.453,Urban,Clear,Sensor,2.0,2.0,69.5,24.3
User_107,9,107,3,3,73.73,0.338,Highway,Clear,Emergency,1.0,2.0,69.5,24.28
User_108,9,108,2,2,45.4,0.802,Urban,Fog,Video,5.0,4.0,100.0,39.39
User_109,9,109,0,0,54.94,0.875,Rural,Clear,Emergency,4.0,1.0,95.5,23.77
User_110,9,110,7,3,86.05,0.402,Highway,Rain,Sensor,5.0,6.0,100.0,25.61
User_111,9,111,5,1,43.99,0.862,Highway,Fog,Text,3.0,6.0,100.0,36.25
User_112,9,112,3,3,65.07,0.697,Urban,Rain,Text,5.0,4.0,100.0,33.41
User_113,9,113,6,2,51.91,0.609,Highway,Rain,Sensor,4.0,6.0,100.0,22.69
User_114,9,114,3,1,55.09,0.486,Urban,Fog,Text,3.0,1.0,95.5,39.94
User_115,9,115,1,3,19.84,0.332,Highway,Clear,Video,4.0,4.0,100.0,12.58
User_116,9,116,4,2,74.66,0.42,Highway,Clear,Emergency,4.0,6.0,100.0,20.54
User_117,9,117,6,2,41.84,0.246,Highway,Fog,Emergency,2.0,6.0,100.0,21.95
User_118,9,118,3,3,77.6,0.448,Urban,Clear,Sensor,5.0,4.0,100.0,25.05
User_119,9,119,5,3,49.34,0.623,Urban,Clear,Emergency,4.0,6.0,100.0,26.83
User_120,9,120,1,1,108.23,0.693,Urban,Rain,Sensor,2.0,1.0,95.5,34.64
User_121,9,121,4,0,49.54,0.651,Highway,Rain,Emergency,1.0,6.0,100.0,33.25
User_122,9,122,2,2,62.3,0.558,Rural,Rain,Emergency,2.0,2.0,69.5,29.24
User_123,9,123,6,2,47.43,0.468,Highway,Fog,Emergency,1.0,5.0,25.67,30.44
User_124,9,124,0,2,87.97,0.583,Rural,Fog,Video,4.0,2.0,69.5,30.38
User_125,9,125,3,1,35.19,0.692,Highway,Fog,Emergency,5.0,4.0,100.0,38.44
User_126,9,126,4,0,45.26,0.292,Highway,Fog,Text,5.0,3.0,100.0,27.74
User_127,9,127,2,0,123.18,0.644,Urban,Fog,Video,4.0,1.0,95.5,39.36
User_128,9,128,2,0,56.79,0.237,Rural,Rain,Sensor,3.0,1.0,95.5,24.26
User_129,9,129,4,2,77.3,0.265,Rural,Fog,Video,4.0,6.0,100.0,30.29
User_130,9,130,4,0,58.24,0.912,Urban,Rain,Emergency,1.0,5.0,25.67,41.43
User_131,9,131,7,3,31.28,0.86,Rural,Rain,Sensor,4.0,6.0,100.0,32.84
User_132,9,132,7,1,52.6,0.283,Urban,Clear,Text,2.0,5.0,25.67,16.82
User_133,9,133,7,1,75.25,0.17,Rural,Fog,Text,4.0,5.0,25.67,23.81
User_134,9,134,7,1,79.48,0.886,Rural,Fog,Emergency,5.0,5.0,25.67,34.67
User_135,9,135,5,1,67.97,0.515,Urban,Rain,Video,3.0,6.0,100.0,30.76
User_136,9,136,1,1,49.83,0.172,Highway,Rain,Emergency,3.0,1.0,95.5,21.07
User_137,9,137,6,0,101.02,0.543,Urban,Fog,Emergency,4.0,3.0,100.0,32.18
User_138,9,138,2,2,28.64,0.68,Highway,Rain,Emergency,5.0,4.0,100.0,28.06
User_139,9,139,6,0,100.44,0.591,Urban,Fog,Video,1.0,5.0,25.67,37.88
User_140,9,140,5,3,87.72,0.483,Highway,Fog,Text,4.0,6.0,100.0,31.88
User_141,9,141,2,0,42.28,0.609,Urban,Clear,Sensor,1.0,1.0,95.5,26.4
User_142,9,142,3,3,73.87,0.663,Urban,Fog,Emergency,1.0,2.0,69.5,43.16
User_143,9,143,2,2,66.12,0.953,Urban,Clear,Video,4.0,4.0,100.0,32.28
User_144,9,144,1,3,134.95,0.611,Rural,Clear,Emergency,5.0,4.0,100.0,22.21
User_145,9,145,6,0,38.11,0.811,Urban,Rain,Emergency,5.0,3.0,100.0,29.31
User_146,9,146,2,2,98.56,0.3,Urban,Clear,Text,4.0,2.0,69.5,23.46
User_147,9,147,6,2,49.37,0.311,Highway,Rain,Sensor,5.0,6.0,100.0,18.15
User_148,9,148,2,2,63.85,0.869,Urban,Rain,Video,3.0,2.0,69.5,35.95
User_149,9,149,6,0,127.56,0.655,Highway,Rain,Sensor,5.0,3.0,100.0,25.65
User_150,9,150,0,0,140.0,0.367,Rural,Clear,Video,2.0,1.0,95.5,18.7
User_151,9,151,1,3,78.45,0.682,Rural,Rain,Emergency,1.0,2.0,69.5,31.58
User_152,9,152,7,1,83.66,0.353,Rural,Clear,Emergency,1.0,5.0,25.67,16.8
User_153,9,153,0,2,67.47,0.396,Rural,Fog,Emergency,5.0,2.0,69.5,26.96
User_154,9,154,7,3,46.38,0.066,Urban,Rain,Sensor,4.0,6.0,100.0,23.38
User_155,9,155,6,2,109.28,0.302,Urban,Rain,Sensor,5.0,6.0,100.0,23.81
User_156,9,156,5,3,46.21,0.289,Highway,Clear,Emergency,1.0,5.0,25.67,22.72
User_157,9,157,4,2,43.83,0.078,Urban,Clear,Text,2.0,6.0,100.0,18.48
User_158,9,158,7,1,48.99,0.538,Urban,Clear,Text,5.0,5.0,25.67,20.54
User_159,9,159,1,3,79.31,0.695,Highway,Rain,Video,4.0,2.0,69.5,29.8
User_160,9,160,5,1,93.88,0.336,Urban,Rain,Sensor,1.0,6.0,100.0,28.86
User_161,9,161,2,2,46.66,0.455,Rural,Rain,Emergency,3.0,2.0,69.5,27.22
User_162,9,162,4,2,123.87,0.804,Urban,Rain,Video,4.0,6.0,100.0,36.78
User_163,9,163,3,1,24.45,0.07,Highway,Fog,Text,4.0,1.0,95.5,28.78
User_164,9,164,5,3,22.87,0.665,Highway,Fog,Text,3.0,6.0,100.0,32.66
User_165,9,165,4,0,84.27,0.682,Rural,Rain,Text,1.0,5.0,25.67,36.76
User_166,9,166,6,2,64.8,0.727,Urban,Rain,Video,3.0,6.0,100.0,28.85
User_167,9,167,4,0,70.6,0.466,Highway,Rain,Video,3.0,6.0,100.0,31.11
User_168,9,168,1,1,61.26,0.736,Highway,Rain,Emergency,5.0,1.0,95.5,29.88
User_169,9,169,1,3,13.65,0.432,Rural,Clear,Video,1.0,2.0,69.5,20.89
User_170,9,170,6,0,32.37,0.404,Rural,Fog,Video,1.0,5.0,25.67,31.03
User_171,9,171,4,2,35.0,0.714,Rural,Rain,Emergency,2.0,6.0,100.0,30.76
User_172,9,172,3,3,80.27,0.445,Highway,Fog,Video,4.0,2.0,69.5,36.08
User_173,9,173,5,1,27.89,0.622,Urban,Fog,Video,2.0,6.0,100.0,36.17
User_174,9,174,5,1,55.85,0.034,Highway,Fog,Text,5.0,3.0,100.0,24.19
User_175,9,175,1,3,20.34,0.737,Rural,Fog,Video,2.0,2.0,69.5,35.67
User_176,9,176,4,2,69.05,0.759,Rural,Fog,Text,1.0,5.0,25.67,42.46
User_177,9,177,5,1,46.51,0.633,Urban,Clear,Sensor,2.0,3.0,100.0,26.89
User_178,9,178,1,1,37.73,0.456,Highway,Rain,Video,2.0,1.0,95.5,24.97
User_179,9,179,4,0,94.34,0.573,Highway,Rain,Video,5.0,3.0,100.0,28.43
User_180,9,180,1,3,92.4,0.697,Rural,Clear,Text,1.0,2.0,69.5,27.23
User_181,9,181,4,0,75.8,0.321,Rural,Fog,Text,2.0,6.0,100.0,36.09
User_182,9,182,5,3,44.65,0.565,Rural,Fog,Emergency,4.0,6.0,100.0,33.81
User_183,9,183,4,0,52.1,0.654,Highway,Clear,Emergency,2.0,6.0,100.0,28.37
User_184,9,184,1,3,58.97,0.297,Rural,Fog,Text,4.0,2.0,69.5,30.22
User_185,9,185,7,3,30.49,0.591,Rural,Clear,Video,2.0,6.0,100.0,23.78
User_186,9,186,5,1,21.07,0.322,Highway,Fog,Sensor,5.0,3.0,100.0,27.46
User_187,9,187,1,3,28.55,0.482,Highway,Rain,Video,1.0,2.0,69.5,25.09
User_188,9,188,4,2,39.94,0.797,Rural,Fog,Sensor,1.0,5.0,25.67,42.15
User_189,9,189,3,3,24.82,0.072,Highway,Clear,Sensor,1.0,2.0,69.5,18.82
User_190,9,190,3,3,56.08,0.798,Rural,Fog,Text,1.0,2.0,69.5,42.65
User_191,9,191,4,0,34.65,0.335,Rural,Fog,Sensor,1.0,5.0,25.67,35.06
User_192,9,192,3,3,42.05,0.472,Rural,Clear,Emergency,5.0,4.0,100.0,22.34
User_193,9,193,3,1,140.0,0.674,Urban,Clear,Text,4.0,1.0,95.5,35.31
User_194,9,194,7,1,82.91,0.868,Highway,Clear,Video,3.0,5.0,25.67,22.51
User_195,9,195,7,3,93.83,0.436,Highway,Clear,Sensor,3.0,6.0,100.0,21.35
User_196,9,196,0,2,77.21,0.63,Rural,Clear,Text,3.0,2.0,69.5,20.77
User_197,9,197,2,2,46.81,0.463,Rural,Clear,Video,3.0,2.0,69.5,22.35
User_198,9,198,4,2,44.05,0.894,Urban,Rain,Video,2.0,6.0,100.0,35.73
User_199,9,199,4,2,76.37,0.385,Rural,Fog,Sensor,3.0,6.0,100.0,32.07
User_200,9,200,1,1,33.48,0.825,Rural,Clear,Emergency,2.0,1.0,95.5,27.38
User_201,9,201,4,0,47.9,0.309,Urban,Fog,Text,4.0,3.0,100.0,32.07
User_202,9,202,7,1,28.73,0.574,Rural,Fog,Video,1.0,5.0,25.67,28.47
User_203,9,203,0,0,50.3,0.455,Urban,Clear,Video,3.0,1.0,95.5,19.33
User_204,9,204,1,3,49.21,0.287,Highway,Clear,Text,1.0,2.0,69.5,17.78
User_205,9,205,6,0,17.43,0.942,Highway,Rain,Text,5.0,3.0,100.0,26.65
User_206,9,206,6,2,63.02,0.44,Urban,Fog,Sensor,2.0,6.0,100.0,29.49
User_7,10,7,2,0,79.49,0.528,Urban,Rain,Emergency,3.0,1.0,95.5,31.3
User_8,10,8,5,3,69.55,0.416,Rural,Clear,Emergency,3.0,6.0,100.0,22.33
User_9,10,9,6,2,50.68,0.364,Rural,Fog,Sensor,5.0,6.0,100.0,25.98
User_10,10,10,6,2,34.78,0.818,Highway,Rain,Sensor,3.0,6.0,100.0,25.31
User_11,10,11,7,3,27.75,0.342,Highway,Fog,Sensor,5.0,6.0,100.0,27.96
User_12,10,12,4,0,63.73,0.264,Highway,Clear,Emergency,5.0,3.0,100.0,17.87
User_13,10,13,6,0,87.76,0.333,Rural,Clear,Video,4.0,3.0,100.0,16.63
User_14,10,14,0,0,49.69,0.198,Highway,Rain,Sensor,5.0,1.0,95.5,16.46
User_15,10,15,4,0,75.0,0.652,Rural,Fog,Text,4.0,3.0,100.0,36.03
User_16,10,16,7,1,70.0,0.695,Urban,Rain,Text,5.0,5.0,25.67,28.52
User_17,10,17,7,3,31.04,0.159,Highway,Fog,Video,1.0,6.0,100.0,25.32
User_18,10,18,7,1,45.83,0.125,Highway,Rain,Text,1.0,5.0,25.67,15.25
User_19,10,19,0,0,61.96,0.876,Rural,Clear,Emergency,4.0,1.0,95.5,24.0
User_20,10,20,7,1,108.65,0.444,Highway,Rain,Video,4.0,5.0,25.67,21.92
User_21,10,21,1,1,30.68,0.813,Rural,Clear,Video,5.0,1.0,95.5,27.12
User_22,10,22,3,1,51.05,0.741,Urban,Rain,Text,5.0,4.0,100.0,38.65
User_23,10,23,2,0,123.01,0.855,Highway,Rain,Sensor,4.0,1.0,95.5,33.52
User_24,10,24,3,1,32.93,0.578,Rural,Clear,Sensor,3.0,1.0,95.5,28.66
User_25,10,25,0,2,25.85,0.754,Urban,Clear,Video,3.0,2.0,69.5,23.09
User_26,10,26,1,3,68.26,0.809,Urban,Clear,Sensor,3.0,2.0,69.5,30.18
User_27,10,27,5,3,108.56,0.615,Urban,Rain,Video,1.0,6.0,100.0,33.48
User_28,10,28,4,0,57.64,0.179,Highway,Rain,Emergency,1.0,6.0,100.0,26.41
User_29,10,29,3,3,25.02,0.251,Highway,Fog,Emergency,4.0,4.0,100.0,26.52
User_30,10,30,1,1,62.26,0.239,Highway,Clear,Emergency,3.0,1.0,95.5,17.45
User_31,10,31,4,0,22.76,0.703,Urban,Clear,Emergency,5.0,3.0,100.0,27.23
User_32,10,32,0,2,140.0,0.74,Rural,Rain,Emergency,5.0,2.0,69.5,29.3
User_33,10,33,1,1,126.43,0.208,Highway,Clear,Video,4.0,1.0,95.5,18.91
User_34,10,34,4,0,44.89,0.249,Highway,Fog,Emergency,3.0,3.0,100.0,27.08
User_35,10,35,5,1,59.59,0.659,Urban,Clear,Text,4.0,3.0,100.0,27.67
User_36,10,36,6,0,66.84,0.229,Urban,Fog,Video,4.0,3.0,100.0,26.44
User_37,10,37,3,3,28.87,0.607,Rural,Rain,Emergency,5.0,4.0,100.0,28.97
User_38,10,38,0,2,48.47,0.884,Urban,Rain,Emergency,5.0,2.0,69.5,30.71
User_39,10,39,3,1,46.09,0.139,Rural,Rain,Sensor,2.0,1.0,95.5,27.47
User_40,10,40,3,1,68.6,0.588,Rural,Clear,Sensor,5.0,4.0,100.0,29.88
User_41,10,41,2,2,57.05,0.503,Rural,Clear,Text,5.0,4.0,100.0,23.26
User_42,10,42,7,3,75.42,0.555,Urban,Rain,Video,3.0,6.0,100.0,31.59
User_43,10,43,4,0,74.4,0.481,Highway,Rain,Video,3.0,3.0,100.0,26.45
User_44,10,44,5,3,109.22,0.505,Highway,Fog,Emergency,4.0,6.0,100.0,32.85
User_45,10,45,3,3,33.74,0.308,Rural,Rain,Emergency,2.0,2.0,69.5,29.63
User_46,10,46,6,2,61.02,0.356,Rural,Rain,Video,5.0,6.0,100.0,21.17
User_47,10,47,1,1,15.19,0.223,Urban,Clear,Emergency,4.0,1.0,95.5,19.8
User_48,10,48,7,1,71.47,0.427,Highway,Rain,Sensor,1.0,5.0,25.67,20.55
User_49,10,49,0,0,79.85,0.629,Rural,Clear,Text,4.0,1.0,95.5,20.83
User_50,10,50,5,3,51.69,0.327,Highway,Clear,Sensor,5.0,6.0,100.0,18.46
User_51,10,51,4,2,60.88,0.825,Rural,Rain,Emergency,5.0,6.0,100.0,33.2
User_52,10,52,6,2,39.63,0.206,Rural,Fog,Text,1.0,6.0,100.0,23.28
User_53,10,53,0,2,69.79,0.196,Urban,Fog,Video,4.0,2.0,69.5,26.03
User_54,10,54,7,1,64.99,0.911,Urban,Clear,Text,2.0,5.0,25.67,26.61
User_55,10,55,7,1,51.32,0.763,Highway,Clear,Emergency,1.0,5.0,25.67,19.98
User_56,10,56,5,1,64.52,0.363,Urban,Clear,Emergency,3.0,3.0,100.0,23.38
User_57,10,57,7,1,31.74,0.384,Highway,Fog,Sensor,2.0,5.0,25.67,23.71
User_58,10,58,0,2,140.0,0.628,Urban,Fog,Video,3.0,2.0,69.5,34.62
User_59,10,59,1,1,33.99,0.425,Highway,Clear,Emergency,2.0,1.0,95.5,19.39
User_60,10,60,3,1,17.38,0.044,Highway,Clear,Sensor,4.0,4.0,100.0,18.18
User_61,10,61,4,2,40.82,0.495,Rural,Rain,Video,2.0,6.0,100.0,27.65
User_62,10,62,4,2,65.5,0.162,Highway,Clear,Sensor,4.0,6.0,100.0,16.39
User_63,10,63,1,3,105.98,0.682,Rural,Clear,Emergency,1.0,2.0,69.5,27.41
User_64,10,64,4,0,21.17,0.92,Highway,Clear,Video,5.0,3.0,100.0,26.44
User_65,10,65,3,3,50.01,0.685,Rural,Rain,Emergency,4.0,4.0,100.0,30.78
User_66,10,66,3,3,136.61,0.664,Rural,Rain,Sensor,3.0,2.0,69.5,38.06
User_67,10,67,3,3,52.99,0.357,Highway,Clear,Text,1.0,2.0,69.5,23.94
User_68,10,68,5,3,23.01,0.513,Highway,Fog,Text,3.0,6.0,100.0,30.39
User_69,10,69,5,3,66.11,0.477,Urban,Fog,Sensor,4.0,6.0,100.0,35.14
User_70,10,70,7,1,115.47,0.865,Urban,Rain,Text,5.0,5.0,25.67,32.44
User_71,10,71,7,3,62.24,0.383,Urban,Fog,Sensor,5.0,6.0,100.0,33.61
User_72,10,72,5,3,19.4,0.609,Highway,Clear,Sensor,2.0,6.0,100.0,21.72
User_73,10,73,6,2,62.24,0.717,Highway,Fog,Text,5.0,6.0,100.0,29.62
User_74,10,74,0,0,104.16,0.012,Rural,Fog,Emergency,4.0,1.0,95.5,22.3
User_75,10,75,7,1,49.72,0.868,Urban,Fog,Sensor,2.0,5.0,25.67,35.51
User_76,10,76,1,1,74.63,0.211,Highway,Clear,Emergency,3.0,1.0,95.5,17.4
User_77,10,77,3,1,29.0,0.526,Urban,Rain,Video,2.0,1.0,95.5,34.76
User_78,10,78,7,3,45.74,0.11,Urban,Fog,Emergency,3.0,6.0,100.0,29.02
User_79,10,79,6,0,36.94,0.299,Highway,Fog,Text,4.0,3.0,100.0,22.59
User_80,10,80,1,3,99.36,0.286,Urban,Rain,Text,5.0,4.0,100.0,23.27
User_81,10,81,3,1,48.24,0.126,Urban,Clear,Emergency,3.0,1.0,95.5,24.34
User_82,10,82,7,1,48.26,0.696,Highway,Fog,Sensor,4.0,5.0,25.67,28.89
User_83,10,83,7,1,54.61,0.318,Highway,Clear,Sensor,3.0,5.0,25.67,13.41
User_84,10,84,5,1,52.28,0.136,Rural,Fog,Text,3.0,6.0,100.0,27.61
User_85,10,85,6,0,28.7,0.548,Highway,Clear,Emergency,1.0,5.0,25.67,21.08
User_86,10,86,6,0,12.41,0.941,Highway,Clear,Emergency,1.0,5.0,25.67,26.49
User_87,10,87,0,2,45.0,0.715,Rural,Fog,Text,1.0,2.0,69.5,31.08
User_88,10,88,3,1,75.49,0.578,Highway,Fog,Text,1.0,1.0,95.5,37.93
User_89,10,89,6,2,40.52,0.545,Highway,Rain,Sensor,1.0,6.0,100.0,21.39
User_90,10,90,4,0,67.21,0.237,Rural,Rain,Emergency,4.0,3.0,100.0,24.57
User_91,10,91,5,1,56.28,0.415,Highway,Clear,Video,5.0,3.0,100.0,19.91
User_92,10,92,4,2,88.84,0.809,Highway,Rain,Emergency,1.0,6.0,100.0,31.8
User_93,10,93,1,3,93.03,0.21,Highway,Fog,Text,4.0,4.0,100.0,22.94
User_94,10,94,0,2,64.44,0.774,Highway,Fog,Sensor,5.0,2.0,69.5,30.54
User_95,10,95,5,3,27.92,0.12,Highway,Fog,Emergency,5.0,6.0,100.0,24.64
User_96,10,96,6,2,28.55,0.405,Urban,Rain,Text,5.0,6.0,100.0,22.93
User_97,10,97,7,1,56.03,0.415,Urban,Rain,Video,5.0,5.0,25.67,23.91
User_98,10,98,5,1,42.1,0.503,Rural,Clear,Video,3.0,6.0,100.0,22.81
User_99,10,99,0,0,31.34,0.633,Rural,Clear,Sensor,5.0,1.0,95.5,19.44
User_100,10,100,0,2,63.4,0.926,Highway,Clear,Video,3.0,2.0,69.5,22.79
User_101,10,101,4,0,54.2,0.85,Urban,Clear,Sensor,4.0,3.0,100.0,30.38
User_102,10,102,1,1,19.14,0.378,Highway,Clear,Video,3.0,1.0,95.5,18.24
User_103,10,103,3,1,69.93,0.6,Urban,Fog,Text,4.0,4.0,100.0,42.1
User_104,10,104,2,0,57.03,0.259,Highway,Fog,Video,4.0,1.0,95.5,27.6
User_105,10,105,4,0,31.72,0.762,Highway,Fog,Emergency,5.0,3.0,100.0,34.38
User_106,10,106,1,3,50.27,0.453,Urban,Clear,Sensor,2.0,2.0,69.5,24.3
User_107,10,107,3,3,73.73,0.338,Highway,Clear,Emergency,1.0,2.0,69.5,24.28
User_108,10,108,2,2,45.4,0.802,Urban,Fog,Video,5.0,4.0,100.0,39.39
User_109,10,109,0,0,54.94,0.875,Rural,Clear,Emergency,4.0,1.0,95.5,23.77
User_110,10,110,7,3,86.05,0.402,Highway,Rain,Sensor,5.0,6.0,100.0,25.61
User_111,10,111,5,1,43.99,0.862,Highway,Fog,Text,3.0,6.0,100.0,36.25
User_112,10,112,3,3,65.07,0.697,Urban,Rain,Text,5.0,4.0,100.0,33.41
User_113,10,113,6,2,51.91,0.609,Highway,Rain,Sensor,4.0,6.0,100.0,22.69
User_114,10,114,3,1,55.09,0.486,Urban,Fog,Text,3.0,1.0,95.5,39.94
User_115,10,115,1,3,19.84,0.332,Highway,Clear,Video,4.0,4.0,100.0,12.58
User_116,10,116,4,2,74.66,0.42,Highway,Clear,Emergency,4.0,6.0,100.0,20.54
User_117,10,117,6,2,41.84,0.246,Highway,Fog,Emergency,2.0,6.0,100.0,21.95
User_118,10,118,3,3,77.6,0.448,Urban,Clear,Sensor,5.0,4.0,100.0,25.05
User_119,10,119,5,3,49.34,0.623,Urban,Clear,Emergency,4.0,6.0,100.0,26.83
User_120,10,120,1,1,108.23,0.693,Urban,Rain,Sensor,2.0,1.0,95.5,34.64
User_121,10,121,4,0,49.54,0.651,Highway,Rain,Emergency,1.0,6.0,100.0,33.25
User_122,10,122,2,2,62.3,0.558,Rural,Rain,Emergency,2.0,2.0,69.5,29.24
User_123,10,123,6,2,47.43,0.468,Highway,Fog,Emergency,1.0,5.0,25.67,30.44
User_124,10,124,0,2,87.97,0.583,Rural,Fog,Video,4.0,2.0,69.5,30.38
User_125,10,125,3,1,35.19,0.692,Highway,Fog,Emergency,5.0,4.0,100.0,38.44
User_126,10,126,4,0,45.26,0.292,Highway,Fog,Text,5.0,3.0,100.0,27.74
User_127,10,127,2,0,123.18,0.644,Urban,Fog,Video,4.0,1.0,95.5,39.36
User_128,10,128,2,0,56.79,0.237,Rural,Rain,Sensor,3.0,1.0,95.5,24.26
User_129,10,129,4,2,77.3,0.265,Rural,Fog,Video,4.0,6.0,100.0,30.29
User_130,10,130,4,0,58.24,0.912,Urban,Rain,Emergency,1.0,5.0,25.67,41.43
User_131,10,131,7,3,31.28,0.86,Rural,Rain,Sensor,4.0,6.0,100.0,32.84
User_132,10,132,7,1,52.6,0.283,Urban,Clear,Text,2.0,5.0,25.67,16.82
User_133,10,133,7,1,75.25,0.17,Rural,Fog,Text,4.0,5.0,25.67,23.81
User_134,10,134,7,1,79.48,0.886,Rural,Fog,Emergency,5.0,5.0,25.67,34.67
User_135,10,135,5,1,67.97,0.515,Urban,Rain,Video,3.0,6.0,100.0,30.76
User_136,10,136,1,1,49.83,0.172,Highway,Rain,Emergency,3.0,1.0,95.5,21.07
User_137,10,137,6,0,101.02,0.543,Urban,Fog,Emergency,4.0,3.0,100.0,32.18
User_138,10,138,2,2,28.64,0.68,Highway,Rain,Emergency,5.0,4.0,100.0,28.06
User_139,10,139,6,0,100.44,0.591,Urban,Fog,Video,1.0,5.0,25.67,37.88
User_140,10,140,5,3,87.72,0.483,Highway,Fog,Text,4.0,6.0,100.0,31.88
User_141,10,141,2,0,42.28,0.609,Urban,Clear,Sensor,1.0,1.0,95.5,26.4
User_142,10,142,3,3,73.87,0.663,Urban,Fog,Emergency,1.0,2.0,69.5,43.16
User_143,10,143,2,2,66.12,0.953,Urban,Clear,Video,4.0,4.0,100.0,32.28
User_144,10,144,1,3,134.95,0.611,Rural,Clear,Emergency,5.0,4.0,100.0,22.21
User_145,10,145,6,0,38.11,0.811,Urban,Rain,Emergency,5.0,3.0,100.0,29.31
User_146,10,146,2,2,98.56,0.3,Urban,Clear,Text,4.0,2.0,69.5,23.46
User_147,10,147,6,2,49.37,0.311,Highway,Rain,Sensor,5.0,6.0,100.0,18.15
User_148,10,148,2,2,63.85,0.869,Urban,Rain,Video,3.0,2.0,69.5,35.95
User_149,10,149,6,0,127.56,0.655,Highway,Rain,Sensor,5.0,3.0,100.0,25.65
User_150,10,150,0,0,140.0,0.367,Rural,Clear,Video,2.0,1.0,95.5,18.7
User_151,10,151,1,3,78.45,0.682,Rural,Rain,Emergency,1.0,2.0,69.5,31.58
User_152,10,152,7,1,83.66,0.353,Rural,Clear,Emergency,1.0,5.0,25.67,16.8
User_153,10,153,0,2,67.47,0.396,Rural,Fog,Emergency,5.0,2.0,69.5,26.96
User_154,10,154,7,3,46.38,0.066,Urban,Rain,Sensor,4.0,6.0,100.0,23.38
User_155,10,155,6,2,109.28,0.302,Urban,Rain,Sensor,5.0,6.0,100.0,23.81
User_156,10,156,5,3,46.21,0.289,Highway,Clear,Emergency,1.0,5.0,25.67,22.72
User_157,10,157,4,2,43.83,0.078,Urban,Clear,Text,2.0,6.0,100.0,18.48
User_158,10,158,7,1,48.99,0.538,Urban,Clear,Text,5.0,5.0,25.67,20.54
User_159,10,159,1,3,79.31,0.695,Highway,Rain,Video,4.0,2.0,69.5,29.8
User_160,10,160,5,1,93.88,0.336,Urban,Rain,Sensor,1.0,6.0,100.0,28.86
User_161,10,161,2,2,46.66,0.455,Rural,Rain,Emergency,3.0,2.0,69.5,27.22
User_162,10,162,4,2,123.87,0.804,Urban,Rain,Video,4.0,6.0,100.0,36.78
User_163,10,163,3,1,24.45,0.07,Highway,Fog,Text,4.0,1.0,95.5,28.78
User_164,10,164,5,3,22.87,0.665,Highway,Fog,Text,3.0,6.0,100.0,32.66
User_165,10,165,4,0,84.27,0.682,Rural,Rain,Text,1.0,5.0,25.67,36.76
User_166,10,166,6,2,64.8,0.727,Urban,Rain,Video,3.0,6.0,100.0,28.85
User_167,10,167,4,0,70.6,0.466,Highway,Rain,Video,3.0,6.0,100.0,31.11
User_168,10,168,1,1,61.26,0.736,Highway,Rain,Emergency,5.0,1.0,95.5,29.88
User_169,10,169,1,3,13.65,0.432,Rural,Clear,Video,1.0,2.0,69.5,20.89
User_170,10,170,6,0,32.37,0.404,Rural,Fog,Video,1.0,5.0,25.67,31.03
User_171,10,171,4,2,35.0,0.714,Rural,Rain,Emergency,2.0,6.0,100.0,30.76
User_172,10,172,3,3,80.27,0.445,Highway,Fog,Video,4.0,2.0,69.5,36.08
User_173,10,173,5,1,27.89,0.622,Urban,Fog,Video,2.0,6.0,100.0,36.17
User_174,10,174,5,1,55.85,0.034,Highway,Fog,Text,5.0,3.0,100.0,24.19
User_175,10,175,1,3,20.34,0.737,Rural,Fog,Video,2.0,2.0,69.5,35.67
User_176,10,176,4,2,69.05,0.759,Rural,Fog,Text,1.0,5.0,25.67,42.46
User_177,10,177,5,1,46.51,0.633,Urban,Clear,Sensor,2.0,3.0,100.0,26.89
User_178,10,178,1,1,37.73,0.456,Highway,Rain,Video,2.0,1.0,95.5,24.97
User_179,10,179,4,0,94.34,0.573,Highway,Rain,Video,5.0,3.0,100.0,28.43
User_180,10,180,1,3,92.4,0.697,Rural,Clear,Text,1.0,2.0,69.5,27.23
User_181,10,181,4,0,75.8,0.321,Rural,Fog,Text,2.0,6.0,100.0,36.09
User_182,10,182,5,3,44.65,0.565,Rural,Fog,Emergency,4.0,6.0,100.0,33.81
User_183,10,183,4,0,52.1,0.654,Highway,Clear,Emergency,2.0,6.0,100.0,28.37
User_184,10,184,1,3,58.97,0.297,Rural,Fog,Text,4.0,2.0,69.5,30.22
User_185,10,185,7,3,30.49,0.591,Rural,Clear,Video,2.0,6.0,100.0,23.78
User_186,10,186,5,1,21.07,0.322,Highway,Fog,Sensor,5.0,3.0,100.0,27.46
User_187,10,187,1,3,28.55,0.482,Highway,Rain,Video,1.0,2.0,69.5,25.09
User_188,10,188,4,2,39.94,0.797,Rural,Fog,Sensor,1.0,5.0,25.67,42.15
User_189,10,189,3,3,24.82,0.072,Highway,Clear,Sensor,1.0,2.0,69.5,18.82
User_190,10,190,3,3,56.08,0.798,Rural,Fog,Text,1.0,2.0,69.5,42.65
User_191,10,191,4,0,34.65,0.335,Rural,Fog,Sensor,1.0,5.0,25.67,35.06
User_192,10,192,3,3,42.05,0.472,Rural,Clear,Emergency,5.0,4.0,100.0,22.34
User_193,10,193,3,1,140.0,0.674,Urban,Clear,Text,4.0,1.0,95.5,35.31
User_194,10,194,7,1,82.91,0.868,Highway,Clear,Video,3.0,5.0,25.67,22.51
User_195,10,195,7,3,93.83,0.436,Highway,Clear,Sensor,3.0,6.0,100.0,21.35
User_196,10,196,0,2,77.21,0.63,Rural,Clear,Text,3.0,2.0,69.5,20.77
User_197,10,197,2,2,46.81,0.463,Rural,Clear,Video,3.0,2.0,69.5,22.35
User_198,10,198,4,2,44.05,0.894,Urban,Rain,Video,2.0,6.0,100.0,35.73
User_199,10,199,4,2,76.37,0.385,Rural,Fog,Sensor,3.0,6.0,100.0,32.07
User_200,10,200,1,1,33.48,0.825,Rural,Clear,Emergency,2.0,1.0,95.5,27.38
User_201,10,201,4,0,47.9,0.309,Urban,Fog,Text,4.0,3.0,100.0,32.07
User_202,10,202,7,1,28.73,0.574,Rural,Fog,Video,1.0,5.0,25.67,28.47
User_203,10,203,0,0,50.3,0.455,Urban,Clear,Video,3.0,1.0,95.5,19.33
User_204,10,204,1,3,49.21,0.287,Highway,Clear,Text,1.0,2.0,69.5,17.78
User_205,10,205,6,0,17.43,0.942,Highway,Rain,Text,5.0,3.0,100.0,26.65
User_206,10,206,6,2,63.02,0.44,Urban,Fog,Sensor,2.0,6.0,100.0,29.49
User_7,11,7,2,0,79.49,0.528,Urban,Rain,Emergency,3.0,1.0,95.5,31.3
User_8,11,8,5,3,69.55,0.416,Rural,Clear,Emergency,3.0,6.0,100.0,22.33
User_9,11,9,6,2,50.68,0.364,Rural,Fog,Sensor,5.0,6.0,100.0,25.98
User_10,11,10,6,2,34.78,0.818,Highway,Rain,Sensor,3.0,6.0,100.0,25.31
User_11,11,11,7,3,27.75,0.342,Highway,Fog,Sensor,5.0,6.0,100.0,27.96
User_12,11,12,4,0,63.73,0.264,Highway,Clear,Emergency,5.0,3.0,100.0,17.87
User_13,11,13,6,0,87.76,0.333,Rural,Clear,Video,4.0,3.0,100.0,16.63
User_14,11,14,0,0,49.69,0.198,Highway,Rain,Sensor,5.0,1.0,95.5,16.46
User_15,11,15,4,0,75.0,0.652,Rural,Fog,Text,4.0,3.0,100.0,36.03
User_16,11,16,7,1,70.0,0.695,Urban,Rain,Text,5.0,5.0,25.67,28.52
User_17,11,17,7,3,31.04,0.159,Highway,Fog,Video,1.0,6.0,100.0,25.32
User_18,11,18,7,1,45.83,0.125,Highway,Rain,Text,1.0,5.0,25.67,15.25
User_19,11,19,0,0,61.96,0.876,Rural,Clear,Emergency,4.0,1.0,95.5,24.0
User_20,11,20,7,1,108.65,0.444,Highway,Rain,Video,4.0,5.0,25.67,21.92
User_21,11,21,1,1,30.68,0.813,Rural,Clear,Video,5.0,1.0,95.5,27.12
User_22,11,22,3,1,51.05,0.741,Urban,Rain,Text,5.0,4.0,100.0,38.65
User_23,11,23,2,0,123.01,0.855,Highway,Rain,Sensor,4.0,1.0,95.5,33.52
User_24,11,24,3,1,32.93,0.578,Rural,Clear,Sensor,3.0,1.0,95.5,28.66
User_25,11,25,0,2,25.85,0.754,Urban,Clear,Video,3.0,2.0,69.5,23.09
User_26,11,26,1,3,68.26,0.809,Urban,Clear,Sensor,3.0,2.0,69.5,30.18
User_27,11,27,5,3,108.56,0.615,Urban,Rain,Video,1.0,6.0,100.0,33.48
User_28,11,28,4,0,57.64,0.179,Highway,Rain,Emergency,1.0,6.0,100.0,26.41
User_29,11,29,3,3,25.02,0.251,Highway,Fog,Emergency,4.0,4.0,100.0,26.52
User_30,11,30,1,1,62.26,0.239,Highway,Clear,Emergency,3.0,1.0,95.5,17.45
User_31,11,31,4,0,22.76,0.703,Urban,Clear,Emergency,5.0,3.0,100.0,27.23
User_32,11,32,0,2,140.0,0.74,Rural,Rain,Emergency,5.0,2.0,69.5,29.3
User_33,11,33,1,1,126.43,0.208,Highway,Clear,Video,4.0,1.0,95.5,18.91
User_34,11,34,4,0,44.89,0.249,Highway,Fog,Emergency,3.0,3.0,100.0,27.08
User_35,11,35,5,1,59.59,0.659,Urban,Clear,Text,4.0,3.0,100.0,27.67
User_36,11,36,6,0,66.84,0.229,Urban,Fog,Video,4.0,3.0,100.0,26.44
User_37,11,37,3,3,28.87,0.607,Rural,Rain,Emergency,5.0,4.0,100.0,28.97
User_38,11,38,0,2,48.47,0.884,Urban,Rain,Emergency,5.0,2.0,69.5,30.71
User_39,11,39,3,1,46.09,0.139,Rural,Rain,Sensor,2.0,1.0,95.5,27.47
User_40,11,40,3,1,68.6,0.588,Rural,Clear,Sensor,5.0,4.0,100.0,29.88
User_41,11,41,2,2,57.05,0.503,Rural,Clear,Text,5.0,4.0,100.0,23.26
User_42,11,42,7,3,75.42,0.555,Urban,Rain,Video,3.0,6.0,100.0,31.59
User_43,11,43,4,0,74.4,0.481,Highway,Rain,Video,3.0,3.0,100.0,26.45
User_44,11,44,5,3,109.22,0.505,Highway,Fog,Emergency,4.0,6.0,100.0,32.85
User_45,11,45,3,3,33.74,0.308,Rural,Rain,Emergency,2.0,2.0,69.5,29.63
User_46,11,46,6,2,61.02,0.356,Rural,Rain,Video,5.0,6.0,100.0,21.17
User_47,11,47,1,1,15.19,0.223,Urban,Clear,Emergency,4.0,1.0,95.5,19.8
User_48,11,48,7,1,71.47,0.427,Highway,Rain,Sensor,1.0,5.0,25.67,20.55
User_49,11,49,0,0,79.85,0.629,Rural,Clear,Text,4.0,1.0,95.5,20.83
User_50,11,50,5,3,51.69,0.327,Highway,Clear,Sensor,5.0,6.0,100.0,18.46
User_51,11,51,4,2,60.88,0.825,Rural,Rain,Emergency,5.0,6.0,100.0,33.2
User_52,11,52,6,2,39.63,0.206,Rural,Fog,Text,1.0,6.0,100.0,23.28
User_53,11,53,0,2,69.79,0.196,Urban,Fog,Video,4.0,2.0,69.5,26.03
User_54,11,54,7,1,64.99,0.911,Urban,Clear,Text,2.0,5.0,25.67,26.61
User_55,11,55,7,1,51.32,0.763,Highway,Clear,Emergency,1.0,5.0,25.67,19.98
User_56,11,56,5,1,64.52,0.363,Urban,Clear,Emergency,3.0,3.0,100.0,23.38
User_57,11,57,7,1,31.74,0.384,Highway,Fog,Sensor,2.0,5.0,25.67,23.71
User_58,11,58,0,2,140.0,0.628,Urban,Fog,Video,3.0,2.0,69.5,34.62
User_59,11,59,1,1,33.99,0.425,Highway,Clear,Emergency,2.0,1.0,95.5,19.39
User_60,11,60,3,1,17.38,0.044,Highway,Clear,Sensor,4.0,4.0,100.0,18.18
User_61,11,61,4,2,40.82,0.495,Rural,Rain,Video,2.0,6.0,100.0,27.65
User_62,11,62,4,2,65.5,0.162,Highway,Clear,Sensor,4.0,6.0,100.0,16.39
User_63,11,63,1,3,105.98,0.682,Rural,Clear,Emergency,1.0,2.0,69.5,27.41
User_64,11,64,4,0,21.17,0.92,Highway,Clear,Video,5.0,3.0,100.0,26.44
User_65,11,65,3,3,50.01,0.685,Rural,Rain,Emergency,4.0,4.0,100.0,30.78
User_66,11,66,3,3,136.61,0.664,Rural,Rain,Sensor,3.0,2.0,69.5,38.06
User_67,11,67,3,3,52.99,0.357,Highway,Clear,Text,1.0,2.0,69.5,23.94
User_68,11,68,5,3,23.01,0.513,Highway,Fog,Text,3.0,6.0,100.0,30.39
User_69,11,69,5,3,66.11,0.477,Urban,Fog,Sensor,4.0,6.0,100.0,35.14
User_70,11,70,7,1,115.47,0.865,Urban,Rain,Text,5.0,5.0,25.67,32.44
User_71,11,71,7,3,62.24,0.383,Urban,Fog,Sensor,5.0,6.0,100.0,33.61
User_72,11,72,5,3,19.4,0.609,Highway,Clear,Sensor,2.0,6.0,100.0,21.72
User_73,11,73,6,2,62.24,0.717,Highway,Fog,Text,5.0,6.0,100.0,29.62
User_74,11,74,0,0,104.16,0.012,Rural,Fog,Emergency,4.0,1.0,95.5,22.3
User_75,11,75,7,1,49.72,0.868,Urban,Fog,Sensor,2.0,5.0,25.67,35.51
User_76,11,76,1,1,74.63,0.211,Highway,Clear,Emergency,3.0,1.0,95.5,17.4
User_77,11,77,3,1,29.0,0.526,Urban,Rain,Video,2.0,1.0,95.5,34.76
User_78,11,78,7,3,45.74,0.11,Urban,Fog,Emergency,3.0,6.0,100.0,29.02
User_79,11,79,6,0,36.94,0.299,Highway,Fog,Text,4.0,3.0,100.0,22.59
User_80,11,80,1,3,99.36,0.286,Urban,Rain,Text,5.0,4.0,100.0,23.27
User_81,11,81,3,1,48.24,0.126,Urban,Clear,Emergency,3.0,1.0,95.5,24.34
User_82,11,82,7,1,48.26,0.696,Highway,Fog,Sensor,4.0,5.0,25.67,28.89
User_83,11,83,7,1,54.61,0.318,Highway,Clear,Sensor,3.0,5.0,25.67,13.41
User_84,11,84,5,1,52.28,0.136,Rural,Fog,Text,3.0,6.0,100.0,27.61
User_85,11,85,6,0,28.7,0.548,Highway,Clear,Emergency,1.0,5.0,25.67,21.08
User_86,11,86,6,0,12.41,0.941,Highway,Clear,Emergency,1.0,5.0,25.67,26.49
User_87,11,87,0,2,45.0,0.715,Rural,Fog,Text,1.0,2.0,69.5,31.08
User_88,11,88,3,1,75.49,0.578,Highway,Fog,Text,1.0,1.0,95.5,37.93
User_89,11,89,6,2,40.52,0.545,Highway,Rain,Sensor,1.0,6.0,100.0,21.39
User_90,11,90,4,0,67.21,0.237,Rural,Rain,Emergency,4.0,3.0,100.0,24.57
User_91,11,91,5,1,56.28,0.415,Highway,Clear,Video,5.0,3.0,100.0,19.91
User_92,11,92,4,2,88.84,0.809,Highway,Rain,Emergency,1.0,6.0,100.0,31.8
User_93,11,93,1,3,93.03,0.21,Highway,Fog,Text,4.0,4.0,100.0,22.94
User_94,11,94,0,2,64.44,0.774,Highway,Fog,Sensor,5.0,2.0,69.5,30.54
User_95,11,95,5,3,27.92,0.12,Highway,Fog,Emergency,5.0,6.0,100.0,24.64
User_96,11,96,6,2,28.55,0.405,Urban,Rain,Text,5.0,6.0,100.0,22.93
User_97,11,97,7,1,56.03,0.415,Urban,Rain,Video,5.0,5.0,25.67,23.91
User_98,11,98,5,1,42.1,0.503,Rural,Clear,Video,3.0,6.0,100.0,22.81
User_99,11,99,0,0,31.34,0.633,Rural,Clear,Sensor,5.0,1.0,95.5,19.44
User_100,11,100,0,2,63.4,0.926,Highway,Clear,Video,3.0,2.0,69.5,22.79
User_101,11,101,4,0,54.2,0.85,Urban,Clear,Sensor,4.0,3.0,100.0,30.38
User_102,11,102,1,1,19.14,0.378,Highway,Clear,Video,3.0,1.0,95.5,18.24
User_103,11,103,3,1,69.93,0.6,Urban,Fog,Text,4.0,4.0,100.0,42.1
User_104,11,104,2,0,57.03,0.259,Highway,Fog,Video,4.0,1.0,95.5,27.6
User_105,11,105,4,0,31.72,0.762,Highway,Fog,Emergency,5.0,3.0,100.0,34.38
User_106,11,106,1,3,50.27,0.453,Urban,Clear,Sensor,2.0,2.0,69.5,24.3
User_107,11,107,3,3,73.73,0.338,Highway,Clear,Emergency,1.0,2.0,69.5,24.28
User_108,11,108,2,2,45.4,0.802,Urban,Fog,Video,5.0,4.0,100.0,39.39
User_109,11,109,0,0,54.94,0.875,Rural,Clear,Emergency,4.0,1.0,95.5,23.77
User_110,11,110,7,3,86.05,0.402,Highway,Rain,Sensor,5.0,6.0,100.0,25.61
User_111,11,111,5,1,43.99,0.862,Highway,Fog,Text,3.0,6.0,100.0,36.25
User_112,11,112,3,3,65.07,0.697,Urban,Rain,Text,5.0,4.0,100.0,33.41
User_113,11,113,6,2,51.91,0.609,Highway,Rain,Sensor,4.0,6.0,100.0,22.69
User_114,11,114,3,1,55.09,0.486,Urban,Fog,Text,3.0,1.0,95.5,39.94
User_115,11,115,1,3,19.84,0.332,Highway,Clear,Video,4.0,4.0,100.0,12.58
User_116,11,116,4,2,74.66,0.42,Highway,Clear,Emergency,4.0,6.0,100.0,20.54
User_117,11,117,6,2,41.84,0.246,Highway,Fog,Emergency,2.0,6.0,100.0,21.95
User_118,11,118,3,3,77.6,0.448,Urban,Clear,Sensor,5.0,4.0,100.0,25.05
User_119,11,119,5,3,49.34,0.623,Urban,Clear,Emergency,4.0,6.0,100.0,26.83
User_120,11,120,1,1,108.23,0.693,Urban,Rain,Sensor,2.0,1.0,95.5,34.64
User_121,11,121,4,0,49.54,0.651,Highway,Rain,Emergency,1.0,6.0,100.0,33.25
User_122,11,122,2,2,62.3,0.558,Rural,Rain,Emergency,2.0,2.0,69.5,29.24
User_123,11,123,6,2,47.43,0.468,Highway,Fog,Emergency,1.0,5.0,25.67,30.44
User_124,11,124,0,2,87.97,0.583,Rural,Fog,Video,4.0,2.0,69.5,30.38
User_125,11,125,3,1,35.19,0.692,Highway,Fog,Emergency,5.0,4.0,100.0,38.44
User_126,11,126,4,0,45.26,0.292,Highway,Fog,Text,5.0,3.0,100.0,27.74
User_127,11,127,2,0,123.18,0.644,Urban,Fog,Video,4.0,1.0,95.5,39.36
User_128,11,128,2,0,56.79,0.237,Rural,Rain,Sensor,3.0,1.0,95.5,24.26
User_129,11,129,4,2,77.3,0.265,Rural,Fog,Video,4.0,6.0,100.0,30.29
User_130,11,130,4,0,58.24,0.912,Urban,Rain,Emergency,1.0,5.0,25.67,41.43
User_131,11,131,7,3,31.28,0.86,Rural,Rain,Sensor,4.0,6.0,100.0,32.84
User_132,11,132,7,1,52.6,0.283,Urban,Clear,Text,2.0,5.0,25.67,16.82
User_133,11,133,7,1,75.25,0.17,Rural,Fog,Text,4.0,5.0,25.67,23.81
User_134,11,134,7,1,79.48,0.886,Rural,Fog,Emergency,5.0,5.0,25.67,34.67
User_135,11,135,5,1,67.97,0.515,Urban,Rain,Video,3.0,6.0,100.0,30.76
User_136,11,136,1,1,49.83,0.172,Highway,Rain,Emergency,3.0,1.0,95.5,21.07
User_137,11,137,6,0,101.02,0.543,Urban,Fog,Emergency,4.0,3.0,100.0,32.18
User_138,11,138,2,2,28.64,0.68,Highway,Rain,Emergency,5.0,4.0,100.0,28.06
User_139,11,139,6,0,100.44,0.591,Urban,Fog,Video,1.0,5.0,25.67,37.88
User_140,11,140,5,3,87.72,0.483,Highway,Fog,Text,4.0,6.0,100.0,31.88
User_141,11,141,2,0,42.28,0.609,Urban,Clear,Sensor,1.0,1.0,95.5,26.4
User_142,11,142,3,3,73.87,0.663,Urban,Fog,Emergency,1.0,2.0,69.5,43.16
User_143,11,143,2,2,66.12,0.953,Urban,Clear,Video,4.0,4.0,100.0,32.28
User_144,11,144,1,3,134.95,0.611,Rural,Clear,Emergency,5.0,4.0,100.0,22.21
User_145,11,145,6,0,38.11,0.811,Urban,Rain,Emergency,5.0,3.0,100.0,29.31
User_146,11,146,2,2,98.56,0.3,Urban,Clear,Text,4.0,2.0,69.5,23.46
User_147,11,147,6,2,49.37,0.311,Highway,Rain,Sensor,5.0,6.0,100.0,18.15
User_148,11,148,2,2,63.85,0.869,Urban,Rain,Video,3.0,2.0,69.5,35.95
User_149,11,149,6,0,127.56,0.655,Highway,Rain,Sensor,5.0,3.0,100.0,25.65
User_150,11,150,0,0,140.0,0.367,Rural,Clear,Video,2.0,1.0,95.5,18.7
User_151,11,151,1,3,78.45,0.682,Rural,Rain,Emergency,1.0,2.0,69.5,31.58
User_152,11,152,7,1,83.66,0.353,Rural,Clear,Emergency,1.0,5.0,25.67,16.8
User_153,11,153,0,2,67.47,0.396,Rural,Fog,Emergency,5.0,2.0,69.5,26.96
User_154,11,154,7,3,46.38,0.066,Urban,Rain,Sensor,4.0,6.0,100.0,23.38
User_155,11,155,6,2,109.28,0.302,Urban,Rain,Sensor,5.0,6.0,100.0,23.81
User_156,11,156,5,3,46.21,0.289,Highway,Clear,Emergency,1.0,5.0,25.67,22.72
User_157,11,157,4,2,43.83,0.078,Urban,Clear,Text,2.0,6.0,100.0,18.48
User_158,11,158,7,1,48.99,0.538,Urban,Clear,Text,5.0,5.0,25.67,20.54
User_159,11,159,1,3,79.31,0.695,Highway,Rain,Video,4.0,2.0,69.5,29.8
User_160,11,160,5,1,93.88,0.336,Urban,Rain,Sensor,1.0,6.0,100.0,28.86
User_161,11,161,2,2,46.66,0.455,Rural,Rain,Emergency,3.0,2.0,69.5,27.22
User_162,11,162,4,2,123.87,0.804,Urban,Rain,Video,4.0,6.0,100.0,36.78
User_163,11,163,3,1,24.45,0.07,Highway,Fog,Text,4.0,1.0,95.5,28.78
User_164,11,164,5,3,22.87,0.665,Highway,Fog,Text,3.0,6.0,100.0,32.66
User_165,11,165,4,0,84.27,0.682,Rural,Rain,Text,1.0,5.0,25.67,36.76
User_166,11,166,6,2,64.8,0.727,Urban,Rain,Video,3.0,6.0,100.0,28.85
User_167,11,167,4,0,70.6,0.466,Highway,Rain,Video,3.0,6.0,100.0,31.11
User_168,11,168,1,1,61.26,0.736,Highway,Rain,Emergency,5.0,1.0,95.5,29.88
User_169,11,169,1,3,13.65,0.432,Rural,Clear,Video,1.0,2.0,69.5,20.89
User_170,11,170,6,0,32.37,0.404,Rural,Fog,Video,1.0,5.0,25.67,31.03
User_171,11,171,4,2,35.0,0.714,Rural,Rain,Emergency,2.0,6.0,100.0,30.76
User_172,11,172,3,3,80.27,0.445,Highway,Fog,Video,4.0,2.0,69.5,36.08
User_173,11,173,5,1,27.89,0.622,Urban,Fog,Video,2.0,6.0,100.0,36.17
User_174,11,174,5,1,55.85,0.034,Highway,Fog,Text,5.0,3.0,100.0,24.19
User_175,11,175,1,3,20.34,0.737,Rural,Fog,Video,2.0,2.0,69.5,35.67
User_176,11,176,4,2,69.05,0.759,Rural,Fog,Text,1.0,5.0,25.67,42.46
User_177,11,177,5,1,46.51,0.633,Urban,Clear,Sensor,2.0,3.0,100.0,26.89
User_178,11,178,1,1,37.73,0.456,Highway,Rain,Video,2.0,1.0,95.5,24.97
User_179,11,179,4,0,94.34,0.573,Highway,Rain,Video,5.0,3.0,100.0,28.43
User_180,11,180,1,3,92.4,0.697,Rural,Clear,Text,1.0,2.0,69.5,27.23
User_181,11,181,4,0,75.8,0.321,Rural,Fog,Text,2.0,6.0,100.0,36.09
User_182,11,182,5,3,44.65,0.565,Rural,Fog,Emergency,4.0,6.0,100.0,33.81
User_183,11,183,4,0,52.1,0.654,Highway,Clear,Emergency,2.0,6.0,100.0,28.37
User_184,11,184,1,3,58.97,0.297,Rural,Fog,Text,4.0,2.0,69.5,30.22
User_185,11,185,7,3,30.49,0.591,Rural,Clear,Video,2.0,6.0,100.0,23.78
User_186,11,186,5,1,21.07,0.322,Highway,Fog,Sensor,5.0,3.0,100.0,27.46
User_187,11,187,1,3,28.55,0.482,Highway,Rain,Video,1.0,2.0,69.5,25.09
User_188,11,188,4,2,39.94,0.797,Rural,Fog,Sensor,1.0,5.0,25.67,42.15
User_189,11,189,3,3,24.82,0.072,Highway,Clear,Sensor,1.0,2.0,69.5,18.82
User_190,11,190,3,3,56.08,0.798,Rural,Fog,Text,1.0,2.0,69.5,42.65
User_191,11,191,4,0,34.65,0.335,Rural,Fog,Sensor,1.0,5.0,25.67,35.06
User_192,11,192,3,3,42.05,0.472,Rural,Clear,Emergency,5.0,4.0,100.0,22.34
User_193,11,193,3,1,140.0,0.674,Urban,Clear,Text,4.0,1.0,95.5,35.31
User_194,11,194,7,1,82.91,0.868,Highway,Clear,Video,3.0,5.0,25.67,22.51
User_195,11,195,7,3,93.83,0.436,Highway,Clear,Sensor,3.0,6.0,100.0,21.35
User_196,11,196,0,2,77.21,0.63,Rural,Clear,Text,3.0,2.0,69.5,20.77
User_197,11,197,2,2,46.81,0.463,Rural,Clear,Video,3.0,2.0,69.5,22.35
User_198,11,198,4,2,44.05,0.894,Urban,Rain,Video,2.0,6.0,100.0,35.73
User_199,11,199,4,2,76.37,0.385,Rural,Fog,Sensor,3.0,6.0,100.0,32.07
User_200,11,200,1,1,33.48,0.825,Rural,Clear,Emergency,2.0,1.0,95.5,27.38
User_201,11,201,4,0,47.9,0.309,Urban,Fog,Text,4.0,3.0,100.0,32.07
User_202,11,202,7,1,28.73,0.574,Rural,Fog,Video,1.0,5.0,25.67,28.47
User_203,11,203,0,0,50.3,0.455,Urban,Clear,Video,3.0,1.0,95.5,19.33
User_204,11,204,1,3,49.21,0.287,Highway,Clear,Text,1.0,2.0,69.5,17.78
User_205,11,205,6,0,17.43,0.942,Highway,Rain,Text,5.0,3.0,100.0,26.65
User_206,11,206,6,2,63.02,0.44,Urban,Fog,Sensor,2.0,6.0,100.0,29.49
User_7,12,7,2,0,79.49,0.528,Urban,Rain,Emergency,3.0,1.0,95.5,31.3
User_8,12,8,5,3,69.55,0.416,Rural,Clear,Emergency,3.0,6.0,100.0,22.33
User_9,12,9,6,2,50.68,0.364,Rural,Fog,Sensor,5.0,6.0,100.0,25.98
User_10,12,10,6,2,34.78,0.818,Highway,Rain,Sensor,3.0,6.0,100.0,25.31
User_11,12,11,7,3,27.75,0.342,Highway,Fog,Sensor,5.0,6.0,100.0,27.96
User_12,12,12,4,0,63.73,0.264,Highway,Clear,Emergency,5.0,3.0,100.0,17.87
User_13,12,13,6,0,87.76,0.333,Rural,Clear,Video,4.0,3.0,100.0,16.63
User_14,12,14,0,0,49.69,0.198,Highway,Rain,Sensor,5.0,1.0,95.5,16.46
User_15,12,15,4,0,75.0,0.652,Rural,Fog,Text,4.0,3.0,100.0,36.03
User_16,12,16,7,1,70.0,0.695,Urban,Rain,Text,5.0,5.0,25.67,28.52
User_17,12,17,7,3,31.04,0.159,Highway,Fog,Video,1.0,6.0,100.0,25.32
User_18,12,18,7,1,45.83,0.125,Highway,Rain,Text,1.0,5.0,25.67,15.25
User_19,12,19,0,0,61.96,0.876,Rural,Clear,Emergency,4.0,1.0,95.5,24.0
User_20,12,20,7,1,108.65,0.444,Highway,Rain,Video,4.0,5.0,25.67,21.92
User_21,12,21,1,1,30.68,0.813,Rural,Clear,Video,5.0,1.0,95.5,27.12
User_22,12,22,3,1,51.05,0.741,Urban,Rain,Text,5.0,4.0,100.0,38.65
User_23,12,23,2,0,123.01,0.855,Highway,Rain,Sensor,4.0,1.0,95.5,33.52
User_24,12,24,3,1,32.93,0.578,Rural,Clear,Sensor,3.0,1.0,95.5,28.66
User_25,12,25,0,2,25.85,0.754,Urban,Clear,Video,3.0,2.0,69.5,23.09
User_26,12,26,1,3,68.26,0.809,Urban,Clear,Sensor,3.0,2.0,69.5,30.18
User_27,12,27,5,3,108.56,0.615,Urban,Rain,Video,1.0,6.0,100.0,33.48
User_28,12,28,4,0,57.64,0.179,Highway,Rain,Emergency,1.0,6.0,100.0,26.41
User_29,12,29,3,3,25.02,0.251,Highway,Fog,Emergency,4.0,4.0,100.0,26.52
User_30,12,30,1,1,62.26,0.239,Highway,Clear,Emergency,3.0,1.0,95.5,17.45
User_31,12,31,4,0,22.76,0.703,Urban,Clear,Emergency,5.0,3.0,100.0,27.23
User_32,12,32,0,2,140.0,0.74,Rural,Rain,Emergency,5.0,2.0,69.5,29.3
User_33,12,33,1,1,126.43,0.208,Highway,Clear,Video,4.0,1.0,95.5,18.91
User_34,12,34,4,0,44.89,0.249,Highway,Fog,Emergency,3.0,3.0,100.0,27.08
User_35,12,35,5,1,59.59,0.659,Urban,Clear,Text,4.0,3.0,100.0,27.67
User_36,12,36,6,0,66.84,0.229,Urban,Fog,Video,4.0,3.0,100.0,26.44
User_37,12,37,3,3,28.87,0.607,Rural,Rain,Emergency,5.0,4.0,100.0,28.97
User_38,12,38,0,2,48.47,0.884,Urban,Rain,Emergency,5.0,2.0,69.5,30.71
User_39,12,39,3,1,46.09,0.139,Rural,Rain,Sensor,2.0,1.0,95.5,27.47
User_40,12,40,3,1,68.6,0.588,Rural,Clear,Sensor,5.0,4.0,100.0,29.88
User_41,12,41,2,2,57.05,0.503,Rural,Clear,Text,5.0,4.0,100.0,23.26
User_42,12,42,7,3,75.42,0.555,Urban,Rain,Video,3.0,6.0,100.0,31.59
User_43,12,43,4,0,74.4,0.481,Highway,Rain,Video,3.0,3.0,100.0,26.45
User_44,12,44,5,3,109.22,0.505,Highway,Fog,Emergency,4.0,6.0,100.0,32.85
User_45,12,45,3,3,33.74,0.308,Rural,Rain,Emergency,2.0,2.0,69.5,29.63
User_46,12,46,6,2,61.02,0.356,Rural,Rain,Video,5.0,6.0,100.0,21.17
User_47,12,47,1,1,15.19,0.223,Urban,Clear,Emergency,4.0,1.0,95.5,19.8
User_48,12,48,7,1,71.47,0.427,Highway,Rain,Sensor,1.0,5.0,25.67,20.55
User_49,12,49,0,0,79.85,0.629,Rural,Clear,Text,4.0,1.0,95.5,20.83
User_50,12,50,5,3,51.69,0.327,Highway,Clear,Sensor,5.0,6.0,100.0,18.46
User_51,12,51,4,2,60.88,0.825,Rural,Rain,Emergency,5.0,6.0,100.0,33.2
User_52,12,52,6,2,39.63,0.206,Rural,Fog,Text,1.0,6.0,100.0,23.28
User_53,12,53,0,2,69.79,0.196,Urban,Fog,Video,4.0,2.0,69.5,26.03
User_54,12,54,7,1,64.99,0.911,Urban,Clear,Text,2.0,5.0,25.67,26.61
User_55,12,55,7,1,51.32,0.763,Highway,Clear,Emergency,1.0,5.0,25.67,19.98
User_56,12,56,5,1,64.52,0.363,Urban,Clear,Emergency,3.0,3.0,100.0,23.38
User_57,12,57,7,1,31.74,0.384,Highway,Fog,Sensor,2.0,5.0,25.67,23.71
User_58,12,58,0,2,140.0,0.628,Urban,Fog,Video,3.0,2.0,69.5,34.62
User_59,12,59,1,1,33.99,0.425,Highway,Clear,Emergency,2.0,1.0,95.5,19.39
User_60,12,60,3,1,17.38,0.044,Highway,Clear,Sensor,4.0,4.0,100.0,18.18
User_61,12,61,4,2,40.82,0.495,Rural,Rain,Video,2.0,6.0,100.0,27.65
User_62,12,62,4,2,65.5,0.162,Highway,Clear,Sensor,4.0,6.0,100.0,16.39
User_63,12,63,1,3,105.98,0.682,Rural,Clear,Emergency,1.0,2.0,69.5,27.41
User_64,12,64,4,0,21.17,0.92,Highway,Clear,Video,5.0,3.0,100.0,26.44
User_65,12,65,3,3,50.01,0.685,Rural,Rain,Emergency,4.0,4.0,100.0,30.78
User_66,12,66,3,3,136.61,0.664,Rural,Rain,Sensor,3.0,2.0,69.5,38.06
User_67,12,67,3,3,52.99,0.357,Highway,Clear,Text,1.0,2.0,69.5,23.94
User_68,12,68,5,3,23.01,0.513,Highway,Fog,Text,3.0,6.0,100.0,30.39
User_69,12,69,5,3,66.11,0.477,Urban,Fog,Sensor,4.0,6.0,100.0,35.14
User_70,12,70,7,1,115.47,0.865,Urban,Rain,Text,5.0,5.0,25.67,32.44
User_71,12,71,7,3,62.24,0.383,Urban,Fog,Sensor,5.0,6.0,100.0,33.61
User_72,12,72,5,3,19.4,0.609,Highway,Clear,Sensor,2.0,6.0,100.0,21.72
User_73,12,73,6,2,62.24,0.717,Highway,Fog,Text,5.0,6.0,100.0,29.62
User_74,12,74,0,0,104.16,0.012,Rural,Fog,Emergency,4.0,1.0,95.5,22.3
User_75,12,75,7,1,49.72,0.868,Urban,Fog,Sensor,2.0,5.0,25.67,35.51
User_76,12,76,1,1,74.63,0.211,Highway,Clear,Emergency,3.0,1.0,95.5,17.4
User_77,12,77,3,1,29.0,0.526,Urban,Rain,Video,2.0,1.0,95.5,34.76
User_78,12,78,7,3,45.74,0.11,Urban,Fog,Emergency,3.0,6.0,100.0,29.02
User_79,12,79,6,0,36.94,0.299,Highway,Fog,Text,4.0,3.0,100.0,22.59
User_80,12,80,1,3,99.36,0.286,Urban,Rain,Text,5.0,4.0,100.0,23.27
User_81,12,81,3,1,48.24,0.126,Urban,Clear,Emergency,3.0,1.0,95.5,24.34
User_82,12,82,7,1,48.26,0.696,Highway,Fog,Sensor,4.0,5.0,25.67,28.89
User_83,12,83,7,1,54.61,0.318,Highway,Clear,Sensor,3.0,5.0,25.67,13.41
User_84,12,84,5,1,52.28,0.136,Rural,Fog,Text,3.0,6.0,100.0,27.61
User_85,12,85,6,0,28.7,0.548,Highway,Clear,Emergency,1.0,5.0,25.67,21.08
User_86,12,86,6,0,12.41,0.941,Highway,Clear,Emergency,1.0,5.0,25.67,26.49
User_87,12,87,0,2,45.0,0.715,Rural,Fog,Text,1.0,2.0,69.5,31.08
User_88,12,88,3,1,75.49,0.578,Highway,Fog,Text,1.0,1.0,95.5,37.93
User_89,12,89,6,2,40.52,0.545,Highway,Rain,Sensor,1.0,6.0,100.0,21.39
User_90,12,90,4,0,67.21,0.237,Rural,Rain,Emergency,4.0,3.0,100.0,24.57
User_91,12,91,5,1,56.28,0.415,Highway,Clear,Video,5.0,3.0,100.0,19.91
User_92,12,92,4,2,88.84,0.809,Highway,Rain,Emergency,1.0,6.0,100.0,31.8
User_93,12,93,1,3,93.03,0.21,Highway,Fog,Text,4.0,4.0,100.0,22.94
User_94,12,94,0,2,64.44,0.774,Highway,Fog,Sensor,5.0,2.0,69.5,30.54
User_95,12,95,5,3,27.92,0.12,Highway,Fog,Emergency,5.0,6.0,100.0,24.64
User_96,12,96,6,2,28.55,0.405,Urban,Rain,Text,5.0,6.0,100.0,22.93
User_97,12,97,7,1,56.03,0.415,Urban,Rain,Video,5.0,5.0,25.67,23.91
User_98,12,98,5,1,42.1,0.503,Rural,Clear,Video,3.0,6.0,100.0,22.81
User_99,12,99,0,0,31.34,0.633,Rural,Clear,Sensor,5.0,1.0,95.5,19.44
User_100,12,100,0,2,63.4,0.926,Highway,Clear,Video,3.0,2.0,69.5,22.79
User_101,12,101,4,0,54.2,0.85,Urban,Clear,Sensor,4.0,3.0,100.0,30.38
User_102,12,102,1,1,19.14,0.378,Highway,Clear,Video,3.0,1.0,95.5,18.24
User_103,12,103,3,1,69.93,0.6,Urban,Fog,Text,4.0,4.0,100.0,42.1
User_104,12,104,2,0,57.03,0.259,Highway,Fog,Video,4.0,1.0,95.5,27.6
User_105,12,105,4,0,31.72,0.762,Highway,Fog,Emergency,5.0,3.0,100.0,34.38
User_106,12,106,1,3,50.27,0.453,Urban,Clear,Sensor,2.0,2.0,69.5,24.3
User_107,12,107,3,3,73.73,0.338,Highway,Clear,Emergency,1.0,2.0,69.5,24.28
User_108,12,108,2,2,45.4,0.802,Urban,Fog,Video,5.0,4.0,100.0,39.39
User_109,12,109,0,0,54.94,0.875,Rural,Clear,Emergency,4.0,1.0,95.5,23.77
User_110,12,110,7,3,86.05,0.402,Highway,Rain,Sensor,5.0,6.0,100.0,25.61
User_111,12,111,5,1,43.99,0.862,Highway,Fog,Text,3.0,6.0,100.0,36.25
User_112,12,112,3,3,65.07,0.697,Urban,Rain,Text,5.0,4.0,100.0,33.41
User_113,12,113,6,2,51.91,0.609,Highway,Rain,Sensor,4.0,6.0,100.0,22.69
User_114,12,114,3,1,55.09,0.486,Urban,Fog,Text,3.0,1.0,95.5,39.94
User_115,12,115,1,3,19.84,0.332,Highway,Clear,Video,4.0,4.0,100.0,12.58
User_116,12,116,4,2,74.66,0.42,Highway,Clear,Emergency,4.0,6.0,100.0,20.54
User_117,12,117,6,2,41.84,0.246,Highway,Fog,Emergency,2.0,6.0,100.0,21.95
User_118,12,118,3,3,77.6,0.448,Urban,Clear,Sensor,5.0,4.0,100.0,25.05
User_119,12,119,5,3,49.34,0.623,Urban,Clear,Emergency,4.0,6.0,100.0,26.83
User_120,12,120,1,1,108.23,0.693,Urban,Rain,Sensor,2.0,1.0,95.5,34.64
User_121,12,121,4,0,49.54,0.651,Highway,Rain,Emergency,1.0,6.0,100.0,33.25
User_122,12,122,2,2,62.3,0.558,Rural,Rain,Emergency,2.0,2.0,69.5,29.24
User_123,12,123,6,2,47.43,0.468,Highway,Fog,Emergency,1.0,5.0,25.67,30.44
User_124,12,124,0,2,87.97,0.583,Rural,Fog,Video,4.0,2.0,69.5,30.38
User_125,12,125,3,1,35.19,0.692,Highway,Fog,Emergency,5.0,4.0,100.0,38.44
User_126,12,126,4,0,45.26,0.292,Highway,Fog,Text,5.0,3.0,100.0,27.74
User_127,12,127,2,0,123.18,0.644,Urban,Fog,Video,4.0,1.0,95.5,39.36
User_128,12,128,2,0,56.79,0.237,Rural,Rain,Sensor,3.0,1.0,95.5,24.26
User_129,12,129,4,2,77.3,0.265,Rural,Fog,Video,4.0,6.0,100.0,30.29
User_130,12,130,4,0,58.24,0.912,Urban,Rain,Emergency,1.0,5.0,25.67,41.43
User_131,12,131,7,3,31.28,0.86,Rural,Rain,Sensor,4.0,6.0,100.0,32.84
User_132,12,132,7,1,52.6,0.283,Urban,Clear,Text,2.0,5.0,25.67,16.82
User_133,12,133,7,1,75.25,0.17,Rural,Fog,Text,4.0,5.0,25.67,23.81
User_134,12,134,7,1,79.48,0.886,Rural,Fog,Emergency,5.0,5.0,25.67,34.67
User_135,12,135,5,1,67.97,0.515,Urban,Rain,Video,3.0,6.0,100.0,30.76
User_136,12,136,1,1,49.83,0.172,Highway,Rain,Emergency,3.0,1.0,95.5,21.07
User_137,12,137,6,0,101.02,0.543,Urban,Fog,Emergency,4.0,3.0,100.0,32.18
User_138,12,138,2,2,28.64,0.68,Highway,Rain,Emergency,5.0,4.0,100.0,28.06
User_139,12,139,6,0,100.44,0.591,Urban,Fog,Video,1.0,5.0,25.67,37.88
User_140,12,140,5,3,87.72,0.483,Highway,Fog,Text,4.0,6.0,100.0,31.88
User_141,12,141,2,0,42.28,0.609,Urban,Clear,Sensor,1.0,1.0,95.5,26.4
User_142,12,142,3,3,73.87,0.663,Urban,Fog,Emergency,1.0,2.0,69.5,43.16
User_143,12,143,2,2,66.12,0.953,Urban,Clear,Video,4.0,4.0,100.0,32.28
User_144,12,144,1,3,134.95,0.611,Rural,Clear,Emergency,5.0,4.0,100.0,22.21
User_145,12,145,6,0,38.11,0.811,Urban,Rain,Emergency,5.0,3.0,100.0,29.31
User_146,12,146,2,2,98.56,0.3,Urban,Clear,Text,4.0,2.0,69.5,23.46
User_147,12,147,6,2,49.37,0.311,Highway,Rain,Sensor,5.0,6.0,100.0,18.15
User_148,12,148,2,2,63.85,0.869,Urban,Rain,Video,3.0,2.0,69.5,35.95
User_149,12,149,6,0,127.56,0.655,Highway,Rain,Sensor,5.0,3.0,100.0,25.65
User_150,12,150,0,0,140.0,0.367,Rural,Clear,Video,2.0,1.0,95.5,18.7
User_151,12,151,1,3,78.45,0.682,Rural,Rain,Emergency,1.0,2.0,69.5,31.58
User_152,12,152,7,1,83.66,0.353,Rural,Clear,Emergency,1.0,5.0,25.67,16.8
User_153,12,153,0,2,67.47,0.396,Rural,Fog,Emergency,5.0,2.0,69.5,26.96
User_154,12,154,7,3,46.38,0.066,Urban,Rain,Sensor,4.0,6.0,100.0,23.38
User_155,12,155,6,2,109.28,0.302,Urban,Rain,Sensor,5.0,6.0,100.0,23.81
User_156,12,156,5,3,46.21,0.289,Highway,Clear,Emergency,1.0,5.0,25.67,22.72
User_157,12,157,4,2,43.83,0.078,Urban,Clear,Text,2.0,6.0,100.0,18.48
User_158,12,158,7,1,48.99,0.538,Urban,Clear,Text,5.0,5.0,25.67,20.54
User_159,12,159,1,3,79.31,0.695,Highway,Rain,Video,4.0,2.0,69.5,29.8
User_160,12,160,5,1,93.88,0.336,Urban,Rain,Sensor,1.0,6.0,100.0,28.86
User_161,12,161,2,2,46.66,0.455,Rural,Rain,Emergency,3.0,2.0,69.5,27.22
User_162,12,162,4,2,123.87,0.804,Urban,Rain,Video,4.0,6.0,100.0,36.78
User_163,12,163,3,1,24.45,0.07,Highway,Fog,Text,4.0,1.0,95.5,28.78
User_164,12,164,5,3,22.87,0.665,Highway,Fog,Text,3.0,6.0,100.0,32.66
User_165,12,165,4,0,84.27,0.682,Rural,Rain,Text,1.0,5.0,25.67,36.76
User_166,12,166,6,2,64.8,0.727,Urban,Rain,Video,3.0,6.0,100.0,28.85
User_167,12,167,4,0,70.6,0.466,Highway,Rain,Video,3.0,6.0,100.0,31.11
User_168,12,168,1,1,61.26,0.736,Highway,Rain,Emergency,5.0,1.0,95.5,29.88
User_169,12,169,1,3,13.65,0.432,Rural,Clear,Video,1.0,2.0,69.5,20.89
User_170,12,170,6,0,32.37,0.404,Rural,Fog,Video,1.0,5.0,25.67,31.03
User_171,12,171,4,2,35.0,0.714,Rural,Rain,Emergency,2.0,6.0,100.0,30.76
User_172,12,172,3,3,80.27,0.445,Highway,Fog,Video,4.0,2.0,69.5,36.08
User_173,12,173,5,1,27.89,0.622,Urban,Fog,Video,2.0,6.0,100.0,36.17
User_174,12,174,5,1,55.85,0.034,Highway,Fog,Text,5.0,3.0,100.0,24.19
User_175,12,175,1,3,20.34,0.737,Rural,Fog,Video,2.0,2.0,69.5,35.67
User_176,12,176,4,2,69.05,0.759,Rural,Fog,Text,1.0,5.0,25.67,42.46
User_177,12,177,5,1,46.51,0.633,Urban,Clear,Sensor,2.0,3.0,100.0,26.89
User_178,12,178,1,1,37.73,0.456,Highway,Rain,Video,2.0,1.0,95.5,24.97
User_179,12,179,4,0,94.34,0.573,Highway,Rain,Video,5.0,3.0,100.0,28.43
User_180,12,180,1,3,92.4,0.697,Rural,Clear,Text,1.0,2.0,69.5,27.23
User_181,12,181,4,0,75.8,0.321,Rural,Fog,Text,2.0,6.0,100.0,36.09
User_182,12,182,5,3,44.65,0.565,Rural,Fog,Emergency,4.0,6.0,100.0,33.81
User_183,12,183,4,0,52.1,0.654,Highway,Clear,Emergency,2.0,6.0,100.0,28.37
User_184,12,184,1,3,58.97,0.297,Rural,Fog,Text,4.0,2.0,69.5,30.22
User_185,12,185,7,3,30.49,0.591,Rural,Clear,Video,2.0,6.0,100.0,23.78
User_186,12,186,5,1,21.07,0.322,Highway,Fog,Sensor,5.0,3.0,100.0,27.46
User_187,12,187,1,3,28.55,0.482,Highway,Rain,Video,1.0,2.0,69.5,25.09
User_188,12,188,4,2,39.94,0.797,Rural,Fog,Sensor,1.0,5.0,25.67,42.15
User_189,12,189,3,3,24.82,0.072,Highway,Clear,Sensor,1.0,2.0,69.5,18.82
User_190,12,190,3,3,56.08,0.798,Rural,Fog,Text,1.0,2.0,69.5,42.65
User_191,12,191,4,0,34.65,0.335,Rural,Fog,Sensor,1.0,5.0,25.67,35.06
User_192,12,192,3,3,42.05,0.472,Rural,Clear,Emergency,5.0,4.0,100.0,22.34
User_193,12,193,3,1,140.0,0.674,Urban,Clear,Text,4.0,1.0,95.5,35.31
User_194,12,194,7,1,82.91,0.868,Highway,Clear,Video,3.0,5.0,25.67,22.51
User_195,12,195,7,3,93.83,0.436,Highway,Clear,Sensor,3.0,6.0,100.0,21.35
User_196,12,196,0,2,77.21,0.63,Rural,Clear,Text,3.0,2.0,69.5,20.77
User_197,12,197,2,2,46.81,0.463,Rural,Clear,Video,3.0,2.0,69.5,22.35
User_198,12,198,4,2,44.05,0.894,Urban,Rain,Video,2.0,6.0,100.0,35.73
User_199,12,199,4,2,76.37,0.385,Rural,Fog,Sensor,3.0,6.0,100.0,32.07
User_200,12,200,1,1,33.48,0.825,Rural,Clear,Emergency,2.0,1.0,95.5,27.38
User_201,12,201,4,0,47.9,0.309,Urban,Fog,Text,4.0,3.0,100.0,32.07
User_202,12,202,7,1,28.73,0.574,Rural,Fog,Video,1.0,5.0,25.67,28.47
User_203,12,203,0,0,50.3,0.455,Urban,Clear,Video,3.0,1.0,95.5,19.33
User_204,12,204,1,3,49.21,0.287,Highway,Clear,Text,1.0,2.0,69.5,17.78
User_205,12,205,6,0,17.43,0.942,Highway,Rain,Text,5.0,3.0,100.0,26.65
User_206,12,206,6,2,63.02,0.44,Urban,Fog,Sensor,2.0,6.0,100.0,29.49
User_7,13,7,2,0,79.49,0.528,Urban,Rain,Emergency,3.0,1.0,95.5,31.3
User_8,13,8,5,3,69.55,0.416,Rural,Clear,Emergency,3.0,6.0,100.0,22.33
User_9,13,9,6,2,50.68,0.364,Rural,Fog,Sensor,5.0,6.0,100.0,25.98
User_10,13,10,6,2,34.78,0.818,Highway,Rain,Sensor,3.0,6.0,100.0,25.31
User_11,13,11,7,3,27.75,0.342,Highway,Fog,Sensor,5.0,6.0,100.0,27.96
User_12,13,12,4,0,63.73,0.264,Highway,Clear,Emergency,5.0,3.0,100.0,17.87
User_13,13,13,6,0,87.76,0.333,Rural,Clear,Video,4.0,3.0,100.0,16.63
User_14,13,14,0,0,49.69,0.198,Highway,Rain,Sensor,5.0,1.0,95.5,16.46
User_15,13,15,4,0,75.0,0.652,Rural,Fog,Text,4.0,3.0,100.0,36.03
User_16,13,16,7,1,70.0,0.695,Urban,Rain,Text,5.0,5.0,25.67,28.52
User_17,13,17,7,3,31.04,0.159,Highway,Fog,Video,1.0,6.0,100.0,25.32
User_18,13,18,7,1,45.83,0.125,Highway,Rain,Text,1.0,5.0,25.67,15.25
User_19,13,19,0,0,61.96,0.876,Rural,Clear,Emergency,4.0,1.0,95.5,24.0
User_20,13,20,7,1,108.65,0.444,Highway,Rain,Video,4.0,5.0,25.67,21.92
User_21,13,21,1,1,30.68,0.813,Rural,Clear,Video,5.0,1.0,95.5,27.12
User_22,13,22,3,1,51.05,0.741,Urban,Rain,Text,5.0,4.0,100.0,38.65
User_23,13,23,2,0,123.01,0.855,Highway,Rain,Sensor,4.0,1.0,95.5,33.52
User_24,13,24,3,1,32.93,0.578,Rural,Clear,Sensor,3.0,1.0,95.5,28.66
User_25,13,25,0,2,25.85,0.754,Urban,Clear,Video,3.0,2.0,69.5,23.09
User_26,13,26,1,3,68.26,0.809,Urban,Clear,Sensor,3.0,2.0,69.5,30.18
User_27,13,27,5,3,108.56,0.615,Urban,Rain,Video,1.0,6.0,100.0,33.48
User_28,13,28,4,0,57.64,0.179,Highway,Rain,Emergency,1.0,6.0,100.0,26.41
User_29,13,29,3,3,25.02,0.251,Highway,Fog,Emergency,4.0,4.0,100.0,26.52
User_30,13,30,1,1,62.26,0.239,Highway,Clear,Emergency,3.0,1.0,95.5,17.45
User_31,13,31,4,0,22.76,0.703,Urban,Clear,Emergency,5.0,3.0,100.0,27.23
User_32,13,32,0,2,140.0,0.74,Rural,Rain,Emergency,5.0,2.0,69.5,29.3
User_33,13,33,1,1,126.43,0.208,Highway,Clear,Video,4.0,1.0,95.5,18.91
User_34,13,34,4,0,44.89,0.249,Highway,Fog,Emergency,3.0,3.0,100.0,27.08
User_35,13,35,5,1,59.59,0.659,Urban,Clear,Text,4.0,3.0,100.0,27.67
User_36,13,36,6,0,66.84,0.229,Urban,Fog,Video,4.0,3.0,100.0,26.44
User_37,13,37,3,3,28.87,0.607,Rural,Rain,Emergency,5.0,4.0,100.0,28.97
User_38,13,38,0,2,48.47,0.884,Urban,Rain,Emergency,5.0,2.0,69.5,30.71
User_39,13,39,3,1,46.09,0.139,Rural,Rain,Sensor,2.0,1.0,95.5,27.47
User_40,13,40,3,1,68.6,0.588,Rural,Clear,Sensor,5.0,4.0,100.0,29.88
User_41,13,41,2,2,57.05,0.503,Rural,Clear,Text,5.0,4.0,100.0,23.26
User_42,13,42,7,3,75.42,0.555,Urban,Rain,Video,3.0,6.0,100.0,31.59
User_43,13,43,4,0,74.4,0.481,Highway,Rain,Video,3.0,3.0,100.0,26.45
User_44,13,44,5,3,109.22,0.505,Highway,Fog,Emergency,4.0,6.0,100.0,32.85
User_45,13,45,3,3,33.74,0.308,Rural,Rain,Emergency,2.0,2.0,69.5,29.63
User_46,13,46,6,2,61.02,0.356,Rural,Rain,Video,5.0,6.0,100.0,21.17
User_47,13,47,1,1,15.19,0.223,Urban,Clear,Emergency,4.0,1.0,95.5,19.8
User_48,13,48,7,1,71.47,0.427,Highway,Rain,Sensor,1.0,5.0,25.67,20.55
User_49,13,49,0,0,79.85,0.629,Rural,Clear,Text,4.0,1.0,95.5,20.83
User_50,13,50,5,3,51.69,0.327,Highway,Clear,Sensor,5.0,6.0,100.0,18.46
User_51,13,51,4,2,60.88,0.825,Rural,Rain,Emergency,5.0,6.0,100.0,33.2
User_52,13,52,6,2,39.63,0.206,Rural,Fog,Text,1.0,6.0,100.0,23.28
User_53,13,53,0,2,69.79,0.196,Urban,Fog,Video,4.0,2.0,69.5,26.03
User_54,13,54,7,1,64.99,0.911,Urban,Clear,Text,2.0,5.0,25.67,26.61
User_55,13,55,7,1,51.32,0.763,Highway,Clear,Emergency,1.0,5.0,25.67,19.98
User_56,13,56,5,1,64.52,0.363,Urban,Clear,Emergency,3.0,3.0,100.0,23.38
User_57,13,57,7,1,31.74,0.384,Highway,Fog,Sensor,2.0,5.0,25.67,23.71
User_58,13,58,0,2,140.0,0.628,Urban,Fog,Video,3.0,2.0,69.5,34.62
User_59,13,59,1,1,33.99,0.425,Highway,Clear,Emergency,2.0,1.0,95.5,19.39
User_60,13,60,3,1,17.38,0.044,Highway,Clear,Sensor,4.0,4.0,100.0,18.18
User_61,13,61,4,2,40.82,0.495,Rural,Rain,Video,2.0,6.0,100.0,27.65
User_62,13,62,4,2,65.5,0.162,Highway,Clear,Sensor,4.0,6.0,100.0,16.39
User_63,13,63,1,3,105.98,0.682,Rural,Clear,Emergency,1.0,2.0,69.5,27.41
User_64,13,64,4,0,21.17,0.92,Highway,Clear,Video,5.0,3.0,100.0,26.44
User_65,13,65,3,3,50.01,0.685,Rural,Rain,Emergency,4.0,4.0,100.0,30.78
User_66,13,66,3,3,136.61,0.664,Rural,Rain,Sensor,3.0,2.0,69.5,38.06
User_67,13,67,3,3,52.99,0.357,Highway,Clear,Text,1.0,2.0,69.5,23.94
User_68,13,68,5,3,23.01,0.513,Highway,Fog,Text,3.0,6.0,100.0,30.39
User_69,13,69,5,3,66.11,0.477,Urban,Fog,Sensor,4.0,6.0,100.0,35.14
User_70,13,70,7,1,115.47,0.865,Urban,Rain,Text,5.0,5.0,25.67,32.44
User_71,13,71,7,3,62.24,0.383,Urban,Fog,Sensor,5.0,6.0,100.0,33.61
User_72,13,72,5,3,19.4,0.609,Highway,Clear,Sensor,2.0,6.0,100.0,21.72
User_73,13,73,6,2,62.24,0.717,Highway,Fog,Text,5.0,6.0,100.0,29.62
User_74,13,74,0,0,104.16,0.012,Rural,Fog,Emergency,4.0,1.0,95.5,22.3
User_75,13,75,7,1,49.72,0.868,Urban,Fog,Sensor,2.0,5.0,25.67,35.51
User_76,13,76,1,1,74.63,0.211,Highway,Clear,Emergency,3.0,1.0,95.5,17.4
User_77,13,77,3,1,29.0,0.526,Urban,Rain,Video,2.0,1.0,95.5,34.76
User_78,13,78,7,3,45.74,0.11,Urban,Fog,Emergency,3.0,6.0,100.0,29.02
User_79,13,79,6,0,36.94,0.299,Highway,Fog,Text,4.0,3.0,100.0,22.59
User_80,13,80,1,3,99.36,0.286,Urban,Rain,Text,5.0,4.0,100.0,23.27
User_81,13,81,3,1,48.24,0.126,Urban,Clear,Emergency,3.0,1.0,95.5,24.34
User_82,13,82,7,1,48.26,0.696,Highway,Fog,Sensor,4.0,5.0,25.67,28.89
User_83,13,83,7,1,54.61,0.318,Highway,Clear,Sensor,3.0,5.0,25.67,13.41
User_84,13,84,5,1,52.28,0.136,Rural,Fog,Text,3.0,6.0,100.0,27.61
User_85,13,85,6,0,28.7,0.548,Highway,Clear,Emergency,1.0,5.0,25.67,21.08
User_86,13,86,6,0,12.41,0.941,Highway,Clear,Emergency,1.0,5.0,25.67,26.49
User_87,13,87,0,2,45.0,0.715,Rural,Fog,Text,1.0,2.0,69.5,31.08
User_88,13,88,3,1,75.49,0.578,Highway,Fog,Text,1.0,1.0,95.5,37.93
User_89,13,89,6,2,40.52,0.545,Highway,Rain,Sensor,1.0,6.0,100.0,21.39
User_90,13,90,4,0,67.21,0.237,Rural,Rain,Emergency,4.0,3.0,100.0,24.57
User_91,13,91,5,1,56.28,0.415,Highway,Clear,Video,5.0,3.0,100.0,19.91
User_92,13,92,4,2,88.84,0.809,Highway,Rain,Emergency,1.0,6.0,100.0,31.8
User_93,13,93,1,3,93.03,0.21,Highway,Fog,Text,4.0,4.0,100.0,22.94
User_94,13,94,0,2,64.44,0.774,Highway,Fog,Sensor,5.0,2.0,69.5,30.54
User_95,13,95,5,3,27.92,0.12,Highway,Fog,Emergency,5.0,6.0,100.0,24.64
User_96,13,96,6,2,28.55,0.405,Urban,Rain,Text,5.0,6.0,100.0,22.93
User_97,13,97,7,1,56.03,0.415,Urban,Rain,Video,5.0,5.0,25.67,23.91
User_98,13,98,5,1,42.1,0.503,Rural,Clear,Video,3.0,6.0,100.0,22.81
User_99,13,99,0,0,31.34,0.633,Rural,Clear,Sensor,5.0,1.0,95.5,19.44
User_100,13,100,0,2,63.4,0.926,Highway,Clear,Video,3.0,2.0,69.5,22.79
User_101,13,101,4,0,54.2,0.85,Urban,Clear,Sensor,4.0,3.0,100.0,30.38
User_102,13,102,1,1,19.14,0.378,Highway,Clear,Video,3.0,1.0,95.5,18.24
User_103,13,103,3,1,69.93,0.6,Urban,Fog,Text,4.0,4.0,100.0,42.1
User_104,13,104,2,0,57.03,0.259,Highway,Fog,Video,4.0,1.0,95.5,27.6
User_105,13,105,4,0,31.72,0.762,Highway,Fog,Emergency,5.0,3.0,100.0,34.38
User_106,13,106,1,3,50.27,0.453,Urban,Clear,Sensor,2.0,2.0,69.5,24.3
User_107,13,107,3,3,73.73,0.338,Highway,Clear,Emergency,1.0,2.0,69.5,24.28
User_108,13,108,2,2,45.4,0.802,Urban,Fog,Video,5.0,4.0,100.0,39.39
User_109,13,109,0,0,54.94,0.875,Rural,Clear,Emergency,4.0,1.0,95.5,23.77
User_110,13,110,7,3,86.05,0.402,Highway,Rain,Sensor,5.0,6.0,100.0,25.61
User_111,13,111,5,1,43.99,0.862,Highway,Fog,Text,3.0,6.0,100.0,36.25
User_112,13,112,3,3,65.07,0.697,Urban,Rain,Text,5.0,4.0,100.0,33.41
User_113,13,113,6,2,51.91,0.609,Highway,Rain,Sensor,4.0,6.0,100.0,22.69
User_114,13,114,3,1,55.09,0.486,Urban,Fog,Text,3.0,1.0,95.5,39.94
User_115,13,115,1,3,19.84,0.332,Highway,Clear,Video,4.0,4.0,100.0,12.58
User_116,13,116,4,2,74.66,0.42,Highway,Clear,Emergency,4.0,6.0,100.0,20.54
User_117,13,117,6,2,41.84,0.246,Highway,Fog,Emergency,2.0,6.0,100.0,21.95
User_118,13,118,3,3,77.6,0.448,Urban,Clear,Sensor,5.0,4.0,100.0,25.05
User_119,13,119,5,3,49.34,0.623,Urban,Clear,Emergency,4.0,6.0,100.0,26.83
User_120,13,120,1,1,108.23,0.693,Urban,Rain,Sensor,2.0,1.0,95.5,34.64
User_121,13,121,4,0,49.54,0.651,Highway,Rain,Emergency,1.0,6.0,100.0,33.25
User_122,13,122,2,2,62.3,0.558,Rural,Rain,Emergency,2.0,2.0,69.5,29.24
User_123,13,123,6,2,47.43,0.468,Highway,Fog,Emergency,1.0,5.0,25.67,30.44
User_124,13,124,0,2,87.97,0.583,Rural,Fog,Video,4.0,2.0,69.5,30.38
User_125,13,125,3,1,35.19,0.692,Highway,Fog,Emergency,5.0,4.0,100.0,38.44
User_126,13,126,4,0,45.26,0.292,Highway,Fog,Text,5.0,3.0,100.0,27.74
User_127,13,127,2,0,123.18,0.644,Urban,Fog,Video,4.0,1.0,95.5,39.36
User_128,13,128,2,0,56.79,0.237,Rural,Rain,Sensor,3.0,1.0,95.5,24.26
User_129,13,129,4,2,77.3,0.265,Rural,Fog,Video,4.0,6.0,100.0,30.29
User_130,13,130,4,0,58.24,0.912,Urban,Rain,Emergency,1.0,5.0,25.67,41.43
User_131,13,131,7,3,31.28,0.86,Rural,Rain,Sensor,4.0,6.0,100.0,32.84
User_132,13,132,7,1,52.6,0.283,Urban,Clear,Text,2.0,5.0,25.67,16.82
User_133,13,133,7,1,75.25,0.17,Rural,Fog,Text,4.0,5.0,25.67,23.81
User_134,13,134,7,1,79.48,0.886,Rural,Fog,Emergency,5.0,5.0,25.67,34.67
User_135,13,135,5,1,67.97,0.515,Urban,Rain,Video,3.0,6.0,100.0,30.76
User_136,13,136,1,1,49.83,0.172,Highway,Rain,Emergency,3.0,1.0,95.5,21.07
User_137,13,137,6,0,101.02,0.543,Urban,Fog,Emergency,4.0,3.0,100.0,32.18
User_138,13,138,2,2,28.64,0.68,Highway,Rain,Emergency,5.0,4.0,100.0,28.06
User_139,13,139,6,0,100.44,0.591,Urban,Fog,Video,1.0,5.0,25.67,37.88
User_140,13,140,5,3,87.72,0.483,Highway,Fog,Text,4.0,6.0,100.0,31.88
User_141,13,141,2,0,42.28,0.609,Urban,Clear,Sensor,1.0,1.0,95.5,26.4
User_142,13,142,3,3,73.87,0.663,Urban,Fog,Emergency,1.0,2.0,69.5,43.16
User_143,13,143,2,2,66.12,0.953,Urban,Clear,Video,4.0,4.0,100.0,32.28
User_144,13,144,1,3,134.95,0.611,Rural,Clear,Emergency,5.0,4.0,100.0,22.21
User_145,13,145,6,0,38.11,0.811,Urban,Rain,Emergency,5.0,3.0,100.0,29.31
User_146,13,146,2,2,98.56,0.3,Urban,Clear,Text,4.0,2.0,69.5,23.46
User_147,13,147,6,2,49.37,0.311,Highway,Rain,Sensor,5.0,6.0,100.0,18.15
User_148,13,148,2,2,63.85,0.869,Urban,Rain,Video,3.0,2.0,69.5,35.95
User_149,13,149,6,0,127.56,0.655,Highway,Rain,Sensor,5.0,3.0,100.0,25.65
User_150,13,150,0,0,140.0,0.367,Rural,Clear,Video,2.0,1.0,95.5,18.7
User_151,13,151,1,3,78.45,0.682,Rural,Rain,Emergency,1.0,2.0,69.5,31.58
User_152,13,152,7,1,83.66,0.353,Rural,Clear,Emergency,1.0,5.0,25.67,16.8
User_153,13,153,0,2,67.47,0.396,Rural,Fog,Emergency,5.0,2.0,69.5,26.96
User_154,13,154,7,3,46.38,0.066,Urban,Rain,Sensor,4.0,6.0,100.0,23.38
User_155,13,155,6,2,109.28,0.302,Urban,Rain,Sensor,5.0,6.0,100.0,23.81
User_156,13,156,5,3,46.21,0.289,Highway,Clear,Emergency,1.0,5.0,25.67,22.72
User_157,13,157,4,2,43.83,0.078,Urban,Clear,Text,2.0,6.0,100.0,18.48
User_158,13,158,7,1,48.99,0.538,Urban,Clear,Text,5.0,5.0,25.67,20.54
User_159,13,159,1,3,79.31,0.695,Highway,Rain,Video,4.0,2.0,69.5,29.8
User_160,13,160,5,1,93.88,0.336,Urban,Rain,Sensor,1.0,6.0,100.0,28.86
User_161,13,161,2,2,46.66,0.455,Rural,Rain,Emergency,3.0,2.0,69.5,27.22
User_162,13,162,4,2,123.87,0.804,Urban,Rain,Video,4.0,6.0,100.0,36.78
User_163,13,163,3,1,24.45,0.07,Highway,Fog,Text,4.0,1.0,95.5,28.78
User_164,13,164,5,3,22.87,0.665,Highway,Fog,Text,3.0,6.0,100.0,32.66
User_165,13,165,4,0,84.27,0.682,Rural,Rain,Text,1.0,5.0,25.67,36.76
User_166,13,166,6,2,64.8,0.727,Urban,Rain,Video,3.0,6.0,100.0,28.85
User_167,13,167,4,0,70.6,0.466,Highway,Rain,Video,3.0,6.0,100.0,31.11
User_168,13,168,1,1,61.26,0.736,Highway,Rain,Emergency,5.0,1.0,95.5,29.88
User_169,13,169,1,3,13.65,0.432,Rural,Clear,Video,1.0,2.0,69.5,20.89
User_170,13,170,6,0,32.37,0.404,Rural,Fog,Video,1.0,5.0,25.67,31.03
User_171,13,171,4,2,35.0,0.714,Rural,Rain,Emergency,2.0,6.0,100.0,30.76
User_172,13,172,3,3,80.27,0.445,Highway,Fog,Video,4.0,2.0,69.5,36.08
User_173,13,173,5,1,27.89,0.622,Urban,Fog,Video,2.0,6.0,100.0,36.17
User_174,13,174,5,1,55.85,0.034,Highway,Fog,Text,5.0,3.0,100.0,24.19
User_175,13,175,1,3,20.34,0.737,Rural,Fog,Video,2.0,2.0,69.5,35.67
User_176,13,176,4,2,69.05,0.759,Rural,Fog,Text,1.0,5.0,25.67,42.46
User_177,13,177,5,1,46.51,0.633,Urban,Clear,Sensor,2.0,3.0,100.0,26.89
User_178,13,178,1,1,37.73,0.456,Highway,Rain,Video,2.0,1.0,95.5,24.97
User_179,13,179,4,0,94.34,0.573,Highway,Rain,Video,5.0,3.0,100.0,28.43
User_180,13,180,1,3,92.4,0.697,Rural,Clear,Text,1.0,2.0,69.5,27.23
User_181,13,181,4,0,75.8,0.321,Rural,Fog,Text,2.0,6.0,100.0,36.09
User_182,13,182,5,3,44.65,0.565,Rural,Fog,Emergency,4.0,6.0,100.0,33.81
User_183,13,183,4,0,52.1,0.654,Highway,Clear,Emergency,2.0,6.0,100.0,28.37
User_184,13,184,1,3,58.97,0.297,Rural,Fog,Text,4.0,2.0,69.5,30.22
User_185,13,185,7,3,30.49,0.591,Rural,Clear,Video,2.0,6.0,100.0,23.78
User_186,13,186,5,1,21.07,0.322,Highway,Fog,Sensor,5.0,3.0,100.0,27.46
User_187,13,187,1,3,28.55,0.482,Highway,Rain,Video,1.0,2.0,69.5,25.09
User_188,13,188,4,2,39.94,0.797,Rural,Fog,Sensor,1.0,5.0,25.67,42.15
User_189,13,189,3,3,24.82,0.072,Highway,Clear,Sensor,1.0,2.0,69.5,18.82
User_190,13,190,3,3,56.08,0.798,Rural,Fog,Text,1.0,2.0,69.5,42.65
User_191,13,191,4,0,34.65,0.335,Rural,Fog,Sensor,1.0,5.0,25.67,35.06
User_192,13,192,3,3,42.05,0.472,Rural,Clear,Emergency,5.0,4.0,100.0,22.34
User_193,13,193,3,1,140.0,0.674,Urban,Clear,Text,4.0,1.0,95.5,35.31
User_194,13,194,7,1,82.91,0.868,Highway,Clear,Video,3.0,5.0,25.67,22.51
User_195,13,195,7,3,93.83,0.436,Highway,Clear,Sensor,3.0,6.0,100.0,21.35
User_196,13,196,0,2,77.21,0.63,Rural,Clear,Text,3.0,2.0,69.5,20.77
User_197,13,197,2,2,46.81,0.463,Rural,Clear,Video,3.0,2.0,69.5,22.35
User_198,13,198,4,2,44.05,0.894,Urban,Rain,Video,2.0,6.0,100.0,35.73
User_199,13,199,4,2,76.37,0.385,Rural,Fog,Sensor,3.0,6.0,100.0,32.07
User_200,13,200,1,1,33.48,0.825,Rural,Clear,Emergency,2.0,1.0,95.5,27.38
User_201,13,201,4,0,47.9,0.309,Urban,Fog,Text,4.0,3.0,100.0,32.07
User_202,13,202,7,1,28.73,0.574,Rural,Fog,Video,1.0,5.0,25.67,28.47
User_203,13,203,0,0,50.3,0.455,Urban,Clear,Video,3.0,1.0,95.5,19.33
User_204,13,204,1,3,49.21,0.287,Highway,Clear,Text,1.0,2.0,69.5,17.78
User_205,13,205,6,0,17.43,0.942,Highway,Rain,Text,5.0,3.0,100.0,26.65
User_206,13,206,6,2,63.02,0.44,Urban,Fog,Sensor,2.0,6.0,100.0,29.49
User_7,14,7,2,0,79.49,0.528,Urban,Rain,Emergency,3.0,1.0,95.5,31.3
User_8,14,8,5,3,69.55,0.416,Rural,Clear,Emergency,3.0,6.0,100.0,22.33
User_9,14,9,6,2,50.68,0.364,Rural,Fog,Sensor,5.0,6.0,100.0,25.98
User_10,14,10,6,2,34.78,0.818,Highway,Rain,Sensor,3.0,6.0,100.0,25.31
User_11,14,11,7,3,27.75,0.342,Highway,Fog,Sensor,5.0,6.0,100.0,27.96
User_12,14,12,4,0,63.73,0.264,Highway,Clear,Emergency,5.0,3.0,100.0,17.87
User_13,14,13,6,0,87.76,0.333,Rural,Clear,Video,4.0,3.0,100.0,16.63
User_14,14,14,0,0,49.69,0.198,Highway,Rain,Sensor,5.0,1.0,95.5,16.46
User_15,14,15,4,0,75.0,0.652,Rural,Fog,Text,4.0,3.0,100.0,36.03
User_16,14,16,7,1,70.0,0.695,Urban,Rain,Text,5.0,5.0,25.67,28.52
User_17,14,17,7,3,31.04,0.159,Highway,Fog,Video,1.0,6.0,100.0,25.32
User_18,14,18,7,1,45.83,0.125,Highway,Rain,Text,1.0,5.0,25.67,15.25
User_19,14,19,0,0,61.96,0.876,Rural,Clear,Emergency,4.0,1.0,95.5,24.0
User_20,14,20,7,1,108.65,0.444,Highway,Rain,Video,4.0,5.0,25.67,21.92
User_21,14,21,1,1,30.68,0.813,Rural,Clear,Video,5.0,1.0,95.5,27.12
User_22,14,22,3,1,51.05,0.741,Urban,Rain,Text,5.0,4.0,100.0,38.65
User_23,14,23,2,0,123.01,0.855,Highway,Rain,Sensor,4.0,1.0,95.5,33.52
User_24,14,24,3,1,32.93,0.578,Rural,Clear,Sensor,3.0,1.0,95.5,28.66
User_25,14,25,0,2,25.85,0.754,Urban,Clear,Video,3.0,2.0,69.5,23.09
User_26,14,26,1,3,68.26,0.809,Urban,Clear,Sensor,3.0,2.0,69.5,30.18
User_27,14,27,5,3,108.56,0.615,Urban,Rain,Video,1.0,6.0,100.0,33.48
User_28,14,28,4,0,57.64,0.179,Highway,Rain,Emergency,1.0,6.0,100.0,26.41
User_29,14,29,3,3,25.02,0.251,Highway,Fog,Emergency,4.0,4.0,100.0,26.52
User_30,14,30,1,1,62.26,0.239,Highway,Clear,Emergency,3.0,1.0,95.5,17.45
User_31,14,31,4,0,22.76,0.703,Urban,Clear,Emergency,5.0,3.0,100.0,27.23
User_32,14,32,0,2,140.0,0.74,Rural,Rain,Emergency,5.0,2.0,69.5,29.3
User_33,14,33,1,1,126.43,0.208,Highway,Clear,Video,4.0,1.0,95.5,18.91
User_34,14,34,4,0,44.89,0.249,Highway,Fog,Emergency,3.0,3.0,100.0,27.08
User_35,14,35,5,1,59.59,0.659,Urban,Clear,Text,4.0,3.0,100.0,27.67
User_36,14,36,6,0,66.84,0.229,Urban,Fog,Video,4.0,3.0,100.0,26.44
User_37,14,37,3,3,28.87,0.607,Rural,Rain,Emergency,5.0,4.0,100.0,28.97
User_38,14,38,0,2,48.47,0.884,Urban,Rain,Emergency,5.0,2.0,69.5,30.71
User_39,14,39,3,1,46.09,0.139,Rural,Rain,Sensor,2.0,1.0,95.5,27.47
User_40,14,40,3,1,68.6,0.588,Rural,Clear,Sensor,5.0,4.0,100.0,29.88
User_41,14,41,2,2,57.05,0.503,Rural,Clear,Text,5.0,4.0,100.0,23.26
User_42,14,42,7,3,75.42,0.555,Urban,Rain,Video,3.0,6.0,100.0,31.59
User_43,14,43,4,0,74.4,0.481,Highway,Rain,Video,3.0,3.0,100.0,26.45
User_44,14,44,5,3,109.22,0.505,Highway,Fog,Emergency,4.0,6.0,100.0,32.85
User_45,14,45,3,3,33.74,0.308,Rural,Rain,Emergency,2.0,2.0,69.5,29.63
User_46,14,46,6,2,61.02,0.356,Rural,Rain,Video,5.0,6.0,100.0,21.17
User_47,14,47,1,1,15.19,0.223,Urban,Clear,Emergency,4.0,1.0,95.5,19.8
User_48,14,48,7,1,71.47,0.427,Highway,Rain,Sensor,1.0,5.0,25.67,20.55
User_49,14,49,0,0,79.85,0.629,Rural,Clear,Text,4.0,1.0,95.5,20.83
User_50,14,50,5,3,51.69,0.327,Highway,Clear,Sensor,5.0,6.0,100.0,18.46
User_51,14,51,4,2,60.88,0.825,Rural,Rain,Emergency,5.0,6.0,100.0,33.2
User_52,14,52,6,2,39.63,0.206,Rural,Fog,Text,1.0,6.0,100.0,23.28
User_53,14,53,0,2,69.79,0.196,Urban,Fog,Video,4.0,2.0,69.5,26.03
User_54,14,54,7,1,64.99,0.911,Urban,Clear,Text,2.0,5.0,25.67,26.61
User_55,14,55,7,1,51.32,0.763,Highway,Clear,Emergency,1.0,5.0,25.67,19.98
User_56,14,56,5,1,64.52,0.363,Urban,Clear,Emergency,3.0,3.0,100.0,23.38
User_57,14,57,7,1,31.74,0.384,Highway,Fog,Sensor,2.0,5.0,25.67,23.71
User_58,14,58,0,2,140.0,0.628,Urban,Fog,Video,3.0,2.0,69.5,34.62
User_59,14,59,1,1,33.99,0.425,Highway,Clear,Emergency,2.0,1.0,95.5,19.39
User_60,14,60,3,1,17.38,0.044,Highway,Clear,Sensor,4.0,4.0,100.0,18.18
User_61,14,61,4,2,40.82,0.495,Rural,Rain,Video,2.0,6.0,100.0,27.65
User_62,14,62,4,2,65.5,0.162,Highway,Clear,Sensor,4.0,6.0,100.0,16.39
User_63,14,63,1,3,105.98,0.682,Rural,Clear,Emergency,1.0,2.0,69.5,27.41
User_64,14,64,4,0,21.17,0.92,Highway,Clear,Video,5.0,3.0,100.0,26.44
User_65,14,65,3,3,50.01,0.685,Rural,Rain,Emergency,4.0,4.0,100.0,30.78
User_66,14,66,3,3,136.61,0.664,Rural,Rain,Sensor,3.0,2.0,69.5,38.06
User_67,14,67,3,3,52.99,0.357,Highway,Clear,Text,1.0,2.0,69.5,23.94
User_68,14,68,5,3,23.01,0.513,Highway,Fog,Text,3.0,6.0,100.0,30.39
User_69,14,69,5,3,66.11,0.477,Urban,Fog,Sensor,4.0,6.0,100.0,35.14
User_70,14,70,7,1,115.47,0.865,Urban,Rain,Text,5.0,5.0,25.67,32.44
User_71,14,71,7,3,62.24,0.383,Urban,Fog,Sensor,5.0,6.0,100.0,33.61
User_72,14,72,5,3,19.4,0.609,Highway,Clear,Sensor,2.0,6.0,100.0,21.72
User_73,14,73,6,2,62.24,0.717,Highway,Fog,Text,5.0,6.0,100.0,29.62
User_74,14,74,0,0,104.16,0.012,Rural,Fog,Emergency,4.0,1.0,95.5,22.3
User_75,14,75,7,1,49.72,0.868,Urban,Fog,Sensor,2.0,5.0,25.67,35.51
User_76,14,76,1,1,74.63,0.211,Highway,Clear,Emergency,3.0,1.0,95.5,17.4
User_77,14,77,3,1,29.0,0.526,Urban,Rain,Video,2.0,1.0,95.5,34.76
User_78,14,78,7,3,45.74,0.11,Urban,Fog,Emergency,3.0,6.0,100.0,29.02
User_79,14,79,6,0,36.94,0.299,Highway,Fog,Text,4.0,3.0,100.0,22.59
User_80,14,80,1,3,99.36,0.286,Urban,Rain,Text,5.0,4.0,100.0,23.27
User_81,14,81,3,1,48.24,0.126,Urban,Clear,Emergency,3.0,1.0,95.5,24.34
User_82,14,82,7,1,48.26,0.696,Highway,Fog,Sensor,4.0,5.0,25.67,28.89
User_83,14,83,7,1,54.61,0.318,Highway,Clear,Sensor,3.0,5.0,25.67,13.41
User_84,14,84,5,1,52.28,0.136,Rural,Fog,Text,3.0,6.0,100.0,27.61
User_85,14,85,6,0,28.7,0.548,Highway,Clear,Emergency,1.0,5.0,25.67,21.08
User_86,14,86,6,0,12.41,0.941,Highway,Clear,Emergency,1.0,5.0,25.67,26.49
User_87,14,87,0,2,45.0,0.715,Rural,Fog,Text,1.0,2.0,69.5,31.08
User_88,14,88,3,1,75.49,0.578,Highway,Fog,Text,1.0,1.0,95.5,37.93
User_89,14,89,6,2,40.52,0.545,Highway,Rain,Sensor,1.0,6.0,100.0,21.39
User_90,14,90,4,0,67.21,0.237,Rural,Rain,Emergency,4.0,3.0,100.0,24.57
User_91,14,91,5,1,56.28,0.415,Highway,Clear,Video,5.0,3.0,100.0,19.91
User_92,14,92,4,2,88.84,0.809,Highway,Rain,Emergency,1.0,6.0,100.0,31.8
User_93,14,93,1,3,93.03,0.21,Highway,Fog,Text,4.0,4.0,100.0,22.94
User_94,14,94,0,2,64.44,0.774,Highway,Fog,Sensor,5.0,2.0,69.5,30.54
User_95,14,95,5,3,27.92,0.12,Highway,Fog,Emergency,5.0,6.0,100.0,24.64
User_96,14,96,6,2,28.55,0.405,Urban,Rain,Text,5.0,6.0,100.0,22.93
User_97,14,97,7,1,56.03,0.415,Urban,Rain,Video,5.0,5.0,25.67,23.91
User_98,14,98,5,1,42.1,0.503,Rural,Clear,Video,3.0,6.0,100.0,22.81
User_99,14,99,0,0,31.34,0.633,Rural,Clear,Sensor,5.0,1.0,95.5,19.44
User_100,14,100,0,2,63.4,0.926,Highway,Clear,Video,3.0,2.0,69.5,22.79
User_101,14,101,4,0,54.2,0.85,Urban,Clear,Sensor,4.0,3.0,100.0,30.38
User_102,14,102,1,1,19.14,0.378,Highway,Clear,Video,3.0,1.0,95.5,18.24
User_103,14,103,3,1,69.93,0.6,Urban,Fog,Text,4.0,4.0,100.0,42.1
User_104,14,104,2,0,57.03,0.259,Highway,Fog,Video,4.0,1.0,95.5,27.6
User_105,14,105,4,0,31.72,0.762,Highway,Fog,Emergency,5.0,3.0,100.0,34.38
User_106,14,106,1,3,50.27,0.453,Urban,Clear,Sensor,2.0,2.0,69.5,24.3
User_107,14,107,3,3,73.73,0.338,Highway,Clear,Emergency,1.0,2.0,69.5,24.28
User_108,14,108,2,2,45.4,0.802,Urban,Fog,Video,5.0,4.0,100.0,39.39
User_109,14,109,0,0,54.94,0.875,Rural,Clear,Emergency,4.0,1.0,95.5,23.77
User_110,14,110,7,3,86.05,0.402,Highway,Rain,Sensor,5.0,6.0,100.0,25.61
User_111,14,111,5,1,43.99,0.862,Highway,Fog,Text,3.0,6.0,100.0,36.25
User_112,14,112,3,3,65.07,0.697,Urban,Rain,Text,5.0,4.0,100.0,33.41
User_113,14,113,6,2,51.91,0.609,Highway,Rain,Sensor,4.0,6.0,100.0,22.69
User_114,14,114,3,1,55.09,0.486,Urban,Fog,Text,3.0,1.0,95.5,39.94
User_115,14,115,1,3,19.84,0.332,Highway,Clear,Video,4.0,4.0,100.0,12.58
User_116,14,116,4,2,74.66,0.42,Highway,Clear,Emergency,4.0,6.0,100.0,20.54
User_117,14,117,6,2,41.84,0.246,Highway,Fog,Emergency,2.0,6.0,100.0,21.95
User_118,14,118,3,3,77.6,0.448,Urban,Clear,Sensor,5.0,4.0,100.0,25.05
User_119,14,119,5,3,49.34,0.623,Urban,Clear,Emergency,4.0,6.0,100.0,26.83
User_120,14,120,1,1,108.23,0.693,Urban,Rain,Sensor,2.0,1.0,95.5,34.64
User_121,14,121,4,0,49.54,0.651,Highway,Rain,Emergency,1.0,6.0,100.0,33.25
User_122,14,122,2,2,62.3,0.558,Rural,Rain,Emergency,2.0,2.0,69.5,29.24
User_123,14,123,6,2,47.43,0.468,Highway,Fog,Emergency,1.0,5.0,25.67,30.44
User_124,14,124,0,2,87.97,0.583,Rural,Fog,Video,4.0,2.0,69.5,30.38
User_125,14,125,3,1,35.19,0.692,Highway,Fog,Emergency,5.0,4.0,100.0,38.44
User_126,14,126,4,0,45.26,0.292,Highway,Fog,Text,5.0,3.0,100.0,27.74
User_127,14,127,2,0,123.18,0.644,Urban,Fog,Video,4.0,1.0,95.5,39.36
User_128,14,128,2,0,56.79,0.237,Rural,Rain,Sensor,3.0,1.0,95.5,24.26
User_129,14,129,4,2,77.3,0.265,Rural,Fog,Video,4.0,6.0,100.0,30.29
User_130,14,130,4,0,58.24,0.912,Urban,Rain,Emergency,1.0,5.0,25.67,41.43
User_131,14,131,7,3,31.28,0.86,Rural,Rain,Sensor,4.0,6.0,100.0,32.84
User_132,14,132,7,1,52.6,0.283,Urban,Clear,Text,2.0,5.0,25.67,16.82
User_133,14,133,7,1,75.25,0.17,Rural,Fog,Text,4.0,5.0,25.67,23.81
User_134,14,134,7,1,79.48,0.886,Rural,Fog,Emergency,5.0,5.0,25.67,34.67
User_135,14,135,5,1,67.97,0.515,Urban,Rain,Video,3.0,6.0,100.0,30.76
User_136,14,136,1,1,49.83,0.172,Highway,Rain,Emergency,3.0,1.0,95.5,21.07
User_137,14,137,6,0,101.02,0.543,Urban,Fog,Emergency,4.0,3.0,100.0,32.18
User_138,14,138,2,2,28.64,0.68,Highway,Rain,Emergency,5.0,4.0,100.0,28.06
User_139,14,139,6,0,100.44,0.591,Urban,Fog,Video,1.0,5.0,25.67,37.88
User_140,14,140,5,3,87.72,0.483,Highway,Fog,Text,4.0,6.0,100.0,31.88
User_141,14,141,2,0,42.28,0.609,Urban,Clear,Sensor,1.0,1.0,95.5,26.4
User_142,14,142,3,3,73.87,0.663,Urban,Fog,Emergency,1.0,2.0,69.5,43.16
User_143,14,143,2,2,66.12,0.953,Urban,Clear,Video,4.0,4.0,100.0,32.28
User_144,14,144,1,3,134.95,0.611,Rural,Clear,Emergency,5.0,4.0,100.0,22.21
User_145,14,145,6,0,38.11,0.811,Urban,Rain,Emergency,5.0,3.0,100.0,29.31
User_146,14,146,2,2,98.56,0.3,Urban,Clear,Text,4.0,2.0,69.5,23.46
User_147,14,147,6,2,49.37,0.311,Highway,Rain,Sensor,5.0,6.0,100.0,18.15
User_148,14,148,2,2,63.85,0.869,Urban,Rain,Video,3.0,2.0,69.5,35.95
User_149,14,149,6,0,127.56,0.655,Highway,Rain,Sensor,5.0,3.0,100.0,25.65
User_150,14,150,0,0,140.0,0.367,Rural,Clear,Video,2.0,1.0,95.5,18.7
User_151,14,151,1,3,78.45,0.682,Rural,Rain,Emergency,1.0,2.0,69.5,31.58
User_152,14,152,7,1,83.66,0.353,Rural,Clear,Emergency,1.0,5.0,25.67,16.8
User_153,14,153,0,2,67.47,0.396,Rural,Fog,Emergency,5.0,2.0,69.5,26.96
User_154,14,154,7,3,46.38,0.066,Urban,Rain,Sensor,4.0,6.0,100.0,23.38
User_155,14,155,6,2,109.28,0.302,Urban,Rain,Sensor,5.0,6.0,100.0,23.81
User_156,14,156,5,3,46.21,0.289,Highway,Clear,Emergency,1.0,5.0,25.67,22.72
User_157,14,157,4,2,43.83,0.078,Urban,Clear,Text,2.0,6.0,100.0,18.48
User_158,14,158,7,1,48.99,0.538,Urban,Clear,Text,5.0,5.0,25.67,20.54
User_159,14,159,1,3,79.31,0.695,Highway,Rain,Video,4.0,2.0,69.5,29.8
User_160,14,160,5,1,93.88,0.336,Urban,Rain,Sensor,1.0,6.0,100.0,28.86
User_161,14,161,2,2,46.66,0.455,Rural,Rain,Emergency,3.0,2.0,69.5,27.22
User_162,14,162,4,2,123.87,0.804,Urban,Rain,Video,4.0,6.0,100.0,36.78
User_163,14,163,3,1,24.45,0.07,Highway,Fog,Text,4.0,1.0,95.5,28.78
User_164,14,164,5,3,22.87,0.665,Highway,Fog,Text,3.0,6.0,100.0,32.66
User_165,14,165,4,0,84.27,0.682,Rural,Rain,Text,1.0,5.0,25.67,36.76
User_166,14,166,6,2,64.8,0.727,Urban,Rain,Video,3.0,6.0,100.0,28.85
User_167,14,167,4,0,70.6,0.466,Highway,Rain,Video,3.0,6.0,100.0,31.11
User_168,14,168,1,1,61.26,0.736,Highway,Rain,Emergency,5.0,1.0,95.5,29.88
User_169,14,169,1,3,13.65,0.432,Rural,Clear,Video,1.0,2.0,69.5,20.89
User_170,14,170,6,0,32.37,0.404,Rural,Fog,Video,1.0,5.0,25.67,31.03
User_171,14,171,4,2,35.0,0.714,Rural,Rain,Emergency,2.0,6.0,100.0,30.76
User_172,14,172,3,3,80.27,0.445,Highway,Fog,Video,4.0,2.0,69.5,36.08
User_173,14,173,5,1,27.89,0.622,Urban,Fog,Video,2.0,6.0,100.0,36.17
User_174,14,174,5,1,55.85,0.034,Highway,Fog,Text,5.0,3.0,100.0,24.19
User_175,14,175,1,3,20.34,0.737,Rural,Fog,Video,2.0,2.0,69.5,35.67
User_176,14,176,4,2,69.05,0.759,Rural,Fog,Text,1.0,5.0,25.67,42.46
User_177,14,177,5,1,46.51,0.633,Urban,Clear,Sensor,2.0,3.0,100.0,26.89
User_178,14,178,1,1,37.73,0.456,Highway,Rain,Video,2.0,1.0,95.5,24.97
User_179,14,179,4,0,94.34,0.573,Highway,Rain,Video,5.0,3.0,100.0,28.43
User_180,14,180,1,3,92.4,0.697,Rural,Clear,Text,1.0,2.0,69.5,27.23
User_181,14,181,4,0,75.8,0.321,Rural,Fog,Text,2.0,6.0,100.0,36.09
User_182,14,182,5,3,44.65,0.565,Rural,Fog,Emergency,4.0,6.0,100.0,33.81
User_183,14,183,4,0,52.1,0.654,Highway,Clear,Emergency,2.0,6.0,100.0,28.37
User_184,14,184,1,3,58.97,0.297,Rural,Fog,Text,4.0,2.0,69.5,30.22
User_185,14,185,7,3,30.49,0.591,Rural,Clear,Video,2.0,6.0,100.0,23.78
User_186,14,186,5,1,21.07,0.322,Highway,Fog,Sensor,5.0,3.0,100.0,27.46
User_187,14,187,1,3,28.55,0.482,Highway,Rain,Video,1.0,2.0,69.5,25.09
User_188,14,188,4,2,39.94,0.797,Rural,Fog,Sensor,1.0,5.0,25.67,42.15
User_189,14,189,3,3,24.82,0.072,Highway,Clear,Sensor,1.0,2.0,69.5,18.82
User_190,14,190,3,3,56.08,0.798,Rural,Fog,Text,1.0,2.0,69.5,42.65
User_191,14,191,4,0,34.65,0.335,Rural,Fog,Sensor,1.0,5.0,25.67,35.06
User_192,14,192,3,3,42.05,0.472,Rural,Clear,Emergency,5.0,4.0,100.0,22.34
User_193,14,193,3,1,140.0,0.674,Urban,Clear,Text,4.0,1.0,95.5,35.31
User_194,14,194,7,1,82.91,0.868,Highway,Clear,Video,3.0,5.0,25.67,22.51
User_195,14,195,7,3,93.83,0.436,Highway,Clear,Sensor,3.0,6.0,100.0,21.35
User_196,14,196,0,2,77.21,0.63,Rural,Clear,Text,3.0,2.0,69.5,20.77
User_197,14,197,2,2,46.81,0.463,Rural,Clear,Video,3.0,2.0,69.5,22.35
User_198,14,198,4,2,44.05,0.894,Urban,Rain,Video,2.0,6.0,100.0,35.73
User_199,14,199,4,2,76.37,0.385,Rural,Fog,Sensor,3.0,6.0,100.0,32.07
User_200,14,200,1,1,33.48,0.825,Rural,Clear,Emergency,2.0,1.0,95.5,27.38
User_201,14,201,4,0,47.9,0.309,Urban,Fog,Text,4.0,3.0,100.0,32.07
User_202,14,202,7,1,28.73,0.574,Rural,Fog,Video,1.0,5.0,25.67,28.47
User_203,14,203,0,0,50.3,0.455,Urban,Clear,Video,3.0,1.0,95.5,19.33
User_204,14,204,1,3,49.21,0.287,Highway,Clear,Text,1.0,2.0,69.5,17.78
User_205,14,205,6,0,17.43,0.942,Highway,Rain,Text,5.0,3.0,100.0,26.65
User_206,14,206,6,2,63.02,0.44,Urban,Fog,Sensor,2.0,6.0,100.0,29.49
User_7,15,7,2,0,79.49,0.528,Urban,Rain,Emergency,3.0,1.0,95.5,31.3
User_8,15,8,5,3,69.55,0.416,Rural,Clear,Emergency,3.0,6.0,100.0,22.33
User_9,15,9,6,2,50.68,0.364,Rural,Fog,Sensor,5.0,6.0,100.0,25.98
User_10,15,10,6,2,34.78,0.818,Highway,Rain,Sensor,3.0,6.0,100.0,25.31
User_11,15,11,7,3,27.75,0.342,Highway,Fog,Sensor,5.0,6.0,100.0,27.96
User_12,15,12,4,0,63.73,0.264,Highway,Clear,Emergency,5.0,3.0,100.0,17.87
User_13,15,13,6,0,87.76,0.333,Rural,Clear,Video,4.0,3.0,100.0,16.63
User_14,15,14,0,0,49.69,0.198,Highway,Rain,Sensor,5.0,1.0,95.5,16.46
User_15,15,15,4,0,75.0,0.652,Rural,Fog,Text,4.0,3.0,100.0,36.03
User_16,15,16,7,1,70.0,0.695,Urban,Rain,Text,5.0,5.0,25.67,28.52
User_17,15,17,7,3,31.04,0.159,Highway,Fog,Video,1.0,6.0,100.0,25.32
User_18,15,18,7,1,45.83,0.125,Highway,Rain,Text,1.0,5.0,25.67,15.25
User_19,15,19,0,0,61.96,0.876,Rural,Clear,Emergency,4.0,1.0,95.5,24.0
User_20,15,20,7,1,108.65,0.444,Highway,Rain,Video,4.0,5.0,25.67,21.92
User_21,15,21,1,1,30.68,0.813,Rural,Clear,Video,5.0,1.0,95.5,27.12
User_22,15,22,3,1,51.05,0.741,Urban,Rain,Text,5.0,4.0,100.0,38.65
User_23,15,23,2,0,123.01,0.855,Highway,Rain,Sensor,4.0,1.0,95.5,33.52
User_24,15,24,3,1,32.93,0.578,Rural,Clear,Sensor,3.0,1.0,95.5,28.66
User_25,15,25,0,2,25.85,0.754,Urban,Clear,Video,3.0,2.0,69.5,23.09
User_26,15,26,1,3,68.26,0.809,Urban,Clear,Sensor,3.0,2.0,69.5,30.18
User_27,15,27,5,3,108.56,0.615,Urban,Rain,Video,1.0,6.0,100.0,33.48
User_28,15,28,4,0,57.64,0.179,Highway,Rain,Emergency,1.0,6.0,100.0,26.41
User_29,15,29,3,3,25.02,0.251,Highway,Fog,Emergency,4.0,4.0,100.0,26.52
User_30,15,30,1,1,62.26,0.239,Highway,Clear,Emergency,3.0,1.0,95.5,17.45
User_31,15,31,4,0,22.76,0.703,Urban,Clear,Emergency,5.0,3.0,100.0,27.23
User_32,15,32,0,2,140.0,0.74,Rural,Rain,Emergency,5.0,2.0,69.5,29.3
User_33,15,33,1,1,126.43,0.208,Highway,Clear,Video,4.0,1.0,95.5,18.91
User_34,15,34,4,0,44.89,0.249,Highway,Fog,Emergency,3.0,3.0,100.0,27.08
User_35,15,35,5,1,59.59,0.659,Urban,Clear,Text,4.0,3.0,100.0,27.67
User_36,15,36,6,0,66.84,0.229,Urban,Fog,Video,4.0,3.0,100.0,26.44
User_37,15,37,3,3,28.87,0.607,Rural,Rain,Emergency,5.0,4.0,100.0,28.97
User_38,15,38,0,2,48.47,0.884,Urban,Rain,Emergency,5.0,2.0,69.5,30.71
User_39,15,39,3,1,46.09,0.139,Rural,Rain,Sensor,2.0,1.0,95.5,27.47
User_40,15,40,3,1,68.6,0.588,Rural,Clear,Sensor,5.0,4.0,100.0,29.88
User_41,15,41,2,2,57.05,0.503,Rural,Clear,Text,5.0,4.0,100.0,23.26
User_42,15,42,7,3,75.42,0.555,Urban,Rain,Video,3.0,6.0,100.0,31.59
User_43,15,43,4,0,74.4,0.481,Highway,Rain,Video,3.0,3.0,100.0,26.45
User_44,15,44,5,3,109.22,0.505,Highway,Fog,Emergency,4.0,6.0,100.0,32.85
User_45,15,45,3,3,33.74,0.308,Rural,Rain,Emergency,2.0,2.0,69.5,29.63
User_46,15,46,6,2,61.02,0.356,Rural,Rain,Video,5.0,6.0,100.0,21.17
User_47,15,47,1,1,15.19,0.223,Urban,Clear,Emergency,4.0,1.0,95.5,19.8
User_48,15,48,7,1,71.47,0.427,Highway,Rain,Sensor,1.0,5.0,25.67,20.55
User_49,15,49,0,0,79.85,0.629,Rural,Clear,Text,4.0,1.0,95.5,20.83
User_50,15,50,5,3,51.69,0.327,Highway,Clear,Sensor,5.0,6.0,100.0,18.46
User_51,15,51,4,2,60.88,0.825,Rural,Rain,Emergency,5.0,6.0,100.0,33.2
User_52,15,52,6,2,39.63,0.206,Rural,Fog,Text,1.0,6.0,100.0,23.28
User_53,15,53,0,2,69.79,0.196,Urban,Fog,Video,4.0,2.0,69.5,26.03
User_54,15,54,7,1,64.99,0.911,Urban,Clear,Text,2.0,5.0,25.67,26.61
User_55,15,55,7,1,51.32,0.763,Highway,Clear,Emergency,1.0,5.0,25.67,19.98
User_56,15,56,5,1,64.52,0.363,Urban,Clear,Emergency,3.0,3.0,100.0,23.38
User_57,15,57,7,1,31.74,0.384,Highway,Fog,Sensor,2.0,5.0,25.67,23.71
User_58,15,58,0,2,140.0,0.628,Urban,Fog,Video,3.0,2.0,69.5,34.62
User_59,15,59,1,1,33.99,0.425,Highway,Clear,Emergency,2.0,1.0,95.5,19.39
User_60,15,60,3,1,17.38,0.044,Highway,Clear,Sensor,4.0,4.0,100.0,18.18
User_61,15,61,4,2,40.82,0.495,Rural,Rain,Video,2.0,6.0,100.0,27.65
User_62,15,62,4,2,65.5,0.162,Highway,Clear,Sensor,4.0,6.0,100.0,16.39
User_63,15,63,1,3,105.98,0.682,Rural,Clear,Emergency,1.0,2.0,69.5,27.41
User_64,15,64,4,0,21.17,0.92,Highway,Clear,Video,5.0,3.0,100.0,26.44
User_65,15,65,3,3,50.01,0.685,Rural,Rain,Emergency,4.0,4.0,100.0,30.78
User_66,15,66,3,3,136.61,0.664,Rural,Rain,Sensor,3.0,2.0,69.5,38.06
User_67,15,67,3,3,52.99,0.357,Highway,Clear,Text,1.0,2.0,69.5,23.94
User_68,15,68,5,3,23.01,0.513,Highway,Fog,Text,3.0,6.0,100.0,30.39
User_69,15,69,5,3,66.11,0.477,Urban,Fog,Sensor,4.0,6.0,100.0,35.14
User_70,15,70,7,1,115.47,0.865,Urban,Rain,Text,5.0,5.0,25.67,32.44
User_71,15,71,7,3,62.24,0.383,Urban,Fog,Sensor,5.0,6.0,100.0,33.61
User_72,15,72,5,3,19.4,0.609,Highway,Clear,Sensor,2.0,6.0,100.0,21.72
User_73,15,73,6,2,62.24,0.717,Highway,Fog,Text,5.0,6.0,100.0,29.62
User_74,15,74,0,0,104.16,0.012,Rural,Fog,Emergency,4.0,1.0,95.5,22.3
User_75,15,75,7,1,49.72,0.868,Urban,Fog,Sensor,2.0,5.0,25.67,35.51
User_76,15,76,1,1,74.63,0.211,Highway,Clear,Emergency,3.0,1.0,95.5,17.4
User_77,15,77,3,1,29.0,0.526,Urban,Rain,Video,2.0,1.0,95.5,34.76
User_78,15,78,7,3,45.74,0.11,Urban,Fog,Emergency,3.0,6.0,100.0,29.02
User_79,15,79,6,0,36.94,0.299,Highway,Fog,Text,4.0,3.0,100.0,22.59
User_80,15,80,1,3,99.36,0.286,Urban,Rain,Text,5.0,4.0,100.0,23.27
User_81,15,81,3,1,48.24,0.126,Urban,Clear,Emergency,3.0,1.0,95.5,24.34
User_82,15,82,7,1,48.26,0.696,Highway,Fog,Sensor,4.0,5.0,25.67,28.89
User_83,15,83,7,1,54.61,0.318,Highway,Clear,Sensor,3.0,5.0,25.67,13.41
User_84,15,84,5,1,52.28,0.136,Rural,Fog,Text,3.0,6.0,100.0,27.61
User_85,15,85,6,0,28.7,0.548,Highway,Clear,Emergency,1.0,5.0,25.67,21.08
User_86,15,86,6,0,12.41,0.941,Highway,Clear,Emergency,1.0,5.0,25.67,26.49
User_87,15,87,0,2,45.0,0.715,Rural,Fog,Text,1.0,2.0,69.5,31.08
User_88,15,88,3,1,75.49,0.578,Highway,Fog,Text,1.0,1.0,95.5,37.93
User_89,15,89,6,2,40.52,0.545,Highway,Rain,Sensor,1.0,6.0,100.0,21.39
User_90,15,90,4,0,67.21,0.237,Rural,Rain,Emergency,4.0,3.0,100.0,24.57
User_91,15,91,5,1,56.28,0.415,Highway,Clear,Video,5.0,3.0,100.0,19.91
User_92,15,92,4,2,88.84,0.809,Highway,Rain,Emergency,1.0,6.0,100.0,31.8
User_93,15,93,1,3,93.03,0.21,Highway,Fog,Text,4.0,4.0,100.0,22.94
User_94,15,94,0,2,64.44,0.774,Highway,Fog,Sensor,5.0,2.0,69.5,30.54
User_95,15,95,5,3,27.92,0.12,Highway,Fog,Emergency,5.0,6.0,100.0,24.64
User_96,15,96,6,2,28.55,0.405,Urban,Rain,Text,5.0,6.0,100.0,22.93
User_97,15,97,7,1,56.03,0.415,Urban,Rain,Video,5.0,5.0,25.67,23.91
User_98,15,98,5,1,42.1,0.503,Rural,Clear,Video,3.0,6.0,100.0,22.81
User_99,15,99,0,0,31.34,0.633,Rural,Clear,Sensor,5.0,1.0,95.5,19.44
User_100,15,100,0,2,63.4,0.926,Highway,Clear,Video,3.0,2.0,69.5,22.79
User_101,15,101,4,0,54.2,0.85,Urban,Clear,Sensor,4.0,3.0,100.0,30.38
User_102,15,102,1,1,19.14,0.378,Highway,Clear,Video,3.0,1.0,95.5,18.24
User_103,15,103,3,1,69.93,0.6,Urban,Fog,Text,4.0,4.0,100.0,42.1
User_104,15,104,2,0,57.03,0.259,Highway,Fog,Video,4.0,1.0,95.5,27.6
User_105,15,105,4,0,31.72,0.762,Highway,Fog,Emergency,5.0,3.0,100.0,34.38
User_106,15,106,1,3,50.27,0.453,Urban,Clear,Sensor,2.0,2.0,69.5,24.3
User_107,15,107,3,3,73.73,0.338,Highway,Clear,Emergency,1.0,2.0,69.5,24.28
User_108,15,108,2,2,45.4,0.802,Urban,Fog,Video,5.0,4.0,100.0,39.39
User_109,15,109,0,0,54.94,0.875,Rural,Clear,Emergency,4.0,1.0,95.5,23.77
User_110,15,110,7,3,86.05,0.402,Highway,Rain,Sensor,5.0,6.0,100.0,25.61
User_111,15,111,5,1,43.99,0.862,Highway,Fog,Text,3.0,6.0,100.0,36.25
User_112,15,112,3,3,65.07,0.697,Urban,Rain,Text,5.0,4.0,100.0,33.41
User_113,15,113,6,2,51.91,0.609,Highway,Rain,Sensor,4.0,6.0,100.0,22.69
User_114,15,114,3,1,55.09,0.486,Urban,Fog,Text,3.0,1.0,95.5,39.94
User_115,15,115,1,3,19.84,0.332,Highway,Clear,Video,4.0,4.0,100.0,12.58
User_116,15,116,4,2,74.66,0.42,Highway,Clear,Emergency,4.0,6.0,100.0,20.54
User_117,15,117,6,2,41.84,0.246,Highway,Fog,Emergency,2.0,6.0,100.0,21.95
User_118,15,118,3,3,77.6,0.448,Urban,Clear,Sensor,5.0,4.0,100.0,25.05
User_119,15,119,5,3,49.34,0.623,Urban,Clear,Emergency,4.0,6.0,100.0,26.83
User_120,15,120,1,1,108.23,0.693,Urban,Rain,Sensor,2.0,1.0,95.5,34.64
User_121,15,121,4,0,49.54,0.651,Highway,Rain,Emergency,1.0,6.0,100.0,33.25
User_122,15,122,2,2,62.3,0.558,Rural,Rain,Emergency,2.0,2.0,69.5,29.24
User_123,15,123,6,2,47.43,0.468,Highway,Fog,Emergency,1.0,5.0,25.67,30.44
User_124,15,124,0,2,87.97,0.583,Rural,Fog,Video,4.0,2.0,69.5,30.38
User_125,15,125,3,1,35.19,0.692,Highway,Fog,Emergency,5.0,4.0,100.0,38.44
User_126,15,126,4,0,45.26,0.292,Highway,Fog,Text,5.0,3.0,100.0,27.74
User_127,15,127,2,0,123.18,0.644,Urban,Fog,Video,4.0,1.0,95.5,39.36
User_128,15,128,2,0,56.79,0.237,Rural,Rain,Sensor,3.0,1.0,95.5,24.26
User_129,15,129,4,2,77.3,0.265,Rural,Fog,Video,4.0,6.0,100.0,30.29
User_130,15,130,4,0,58.24,0.912,Urban,Rain,Emergency,1.0,5.0,25.67,41.43
User_131,15,131,7,3,31.28,0.86,Rural,Rain,Sensor,4.0,6.0,100.0,32.84
User_132,15,132,7,1,52.6,0.283,Urban,Clear,Text,2.0,5.0,25.67,16.82
User_133,15,133,7,1,75.25,0.17,Rural,Fog,Text,4.0,5.0,25.67,23.81
User_134,15,134,7,1,79.48,0.886,Rural,Fog,Emergency,5.0,5.0,25.67,34.67
User_135,15,135,5,1,67.97,0.515,Urban,Rain,Video,3.0,6.0,100.0,30.76
User_136,15,136,1,1,49.83,0.172,Highway,Rain,Emergency,3.0,1.0,95.5,21.07
User_137,15,137,6,0,101.02,0.543,Urban,Fog,Emergency,4.0,3.0,100.0,32.18
User_138,15,138,2,2,28.64,0.68,Highway,Rain,Emergency,5.0,4.0,100.0,28.06
User_139,15,139,6,0,100.44,0.591,Urban,Fog,Video,1.0,5.0,25.67,37.88
User_140,15,140,5,3,87.72,0.483,Highway,Fog,Text,4.0,6.0,100.0,31.88
User_141,15,141,2,0,42.28,0.609,Urban,Clear,Sensor,1.0,1.0,95.5,26.4
User_142,15,142,3,3,73.87,0.663,Urban,Fog,Emergency,1.0,2.0,69.5,43.16
User_143,15,143,2,2,66.12,0.953,Urban,Clear,Video,4.0,4.0,100.0,32.28
User_144,15,144,1,3,134.95,0.611,Rural,Clear,Emergency,5.0,4.0,100.0,22.21
User_145,15,145,6,0,38.11,0.811,Urban,Rain,Emergency,5.0,3.0,100.0,29.31
User_146,15,146,2,2,98.56,0.3,Urban,Clear,Text,4.0,2.0,69.5,23.46
User_147,15,147,6,2,49.37,0.311,Highway,Rain,Sensor,5.0,6.0,100.0,18.15
User_148,15,148,2,2,63.85,0.869,Urban,Rain,Video,3.0,2.0,69.5,35.95
User_149,15,149,6,0,127.56,0.655,Highway,Rain,Sensor,5.0,3.0,100.0,25.65
User_150,15,150,0,0,140.0,0.367,Rural,Clear,Video,2.0,1.0,95.5,18.7
User_151,15,151,1,3,78.45,0.682,Rural,Rain,Emergency,1.0,2.0,69.5,31.58
User_152,15,152,7,1,83.66,0.353,Rural,Clear,Emergency,1.0,5.0,25.67,16.8
User_153,15,153,0,2,67.47,0.396,Rural,Fog,Emergency,5.0,2.0,69.5,26.96
User_154,15,154,7,3,46.38,0.066,Urban,Rain,Sensor,4.0,6.0,100.0,23.38
User_155,15,155,6,2,109.28,0.302,Urban,Rain,Sensor,5.0,6.0,100.0,23.81
User_156,15,156,5,3,46.21,0.289,Highway,Clear,Emergency,1.0,5.0,25.67,22.72
User_157,15,157,4,2,43.83,0.078,Urban,Clear,Text,2.0,6.0,100.0,18.48
User_158,15,158,7,1,48.99,0.538,Urban,Clear,Text,5.0,5.0,25.67,20.54
User_159,15,159,1,3,79.31,0.695,Highway,Rain,Video,4.0,2.0,69.5,29.8
User_160,15,160,5,1,93.88,0.336,Urban,Rain,Sensor,1.0,6.0,100.0,28.86
User_161,15,161,2,2,46.66,0.455,Rural,Rain,Emergency,3.0,2.0,69.5,27.22
User_162,15,162,4,2,123.87,0.804,Urban,Rain,Video,4.0,6.0,100.0,36.78
User_163,15,163,3,1,24.45,0.07,Highway,Fog,Text,4.0,1.0,95.5,28.78
User_164,15,164,5,3,22.87,0.665,Highway,Fog,Text,3.0,6.0,100.0,32.66
User_165,15,165,4,0,84.27,0.682,Rural,Rain,Text,1.0,5.0,25.67,36.76
User_166,15,166,6,2,64.8,0.727,Urban,Rain,Video,3.0,6.0,100.0,28.85
User_167,15,167,4,0,70.6,0.466,Highway,Rain,Video,3.0,6.0,100.0,31.11
User_168,15,168,1,1,61.26,0.736,Highway,Rain,Emergency,5.0,1.0,95.5,29.88
User_169,15,169,1,3,13.65,0.432,Rural,Clear,Video,1.0,2.0,69.5,20.89
User_170,15,170,6,0,32.37,0.404,Rural,Fog,Video,1.0,5.0,25.67,31.03
User_171,15,171,4,2,35.0,0.714,Rural,Rain,Emergency,2.0,6.0,100.0,30.76
User_172,15,172,3,3,80.27,0.445,Highway,Fog,Video,4.0,2.0,69.5,36.08
User_173,15,173,5,1,27.89,0.622,Urban,Fog,Video,2.0,6.0,100.0,36.17
User_174,15,174,5,1,55.85,0.034,Highway,Fog,Text,5.0,3.0,100.0,24.19
User_175,15,175,1,3,20.34,0.737,Rural,Fog,Video,2.0,2.0,69.5,35.67
User_176,15,176,4,2,69.05,0.759,Rural,Fog,Text,1.0,5.0,25.67,42.46
User_177,15,177,5,1,46.51,0.633,Urban,Clear,Sensor,2.0,3.0,100.0,26.89
User_178,15,178,1,1,37.73,0.456,Highway,Rain,Video,2.0,1.0,95.5,24.97
User_179,15,179,4,0,94.34,0.573,Highway,Rain,Video,5.0,3.0,100.0,28.43
User_180,15,180,1,3,92.4,0.697,Rural,Clear,Text,1.0,2.0,69.5,27.23
User_181,15,181,4,0,75.8,0.321,Rural,Fog,Text,2.0,6.0,100.0,36.09
User_182,15,182,5,3,44.65,0.565,Rural,Fog,Emergency,4.0,6.0,100.0,33.81
User_183,15,183,4,0,52.1,0.654,Highway,Clear,Emergency,2.0,6.0,100.0,28.37
User_184,15,184,1,3,58.97,0.297,Rural,Fog,Text,4.0,2.0,69.5,30.22
User_185,15,185,7,3,30.49,0.591,Rural,Clear,Video,2.0,6.0,100.0,23.78
User_186,15,186,5,1,21.07,0.322,Highway,Fog,Sensor,5.0,3.0,100.0,27.46
User_187,15,187,1,3,28.55,0.482,Highway,Rain,Video,1.0,2.0,69.5,25.09
User_188,15,188,4,2,39.94,0.797,Rural,Fog,Sensor,1.0,5.0,25.67,42.15
User_189,15,189,3,3,24.82,0.072,Highway,Clear,Sensor,1.0,2.0,69.5,18.82
User_190,15,190,3,3,56.08,0.798,Rural,Fog,Text,1.0,2.0,69.5,42.65
User_191,15,191,4,0,34.65,0.335,Rural,Fog,Sensor,1.0,5.0,25.67,35.06
User_192,15,192,3,3,42.05,0.472,Rural,Clear,Emergency,5.0,4.0,100.0,22.34
User_193,15,193,3,1,140.0,0.674,Urban,Clear,Text,4.0,1.0,95.5,35.31
User_194,15,194,7,1,82.91,0.868,Highway,Clear,Video,3.0,5.0,25.67,22.51
User_195,15,195,7,3,93.83,0.436,Highway,Clear,Sensor,3.0,6.0,100.0,21.35
User_196,15,196,0,2,77.21,0.63,Rural,Clear,Text,3.0,2.0,69.5,20.77
User_197,15,197,2,2,46.81,0.463,Rural,Clear,Video,3.0,2.0,69.5,22.35
User_198,15,198,4,2,44.05,0.894,Urban,Rain,Video,2.0,6.0,100.0,35.73
User_199,15,199,4,2,76.37,0.385,Rural,Fog,Sensor,3.0,6.0,100.0,32.07
User_200,15,200,1,1,33.48,0.825,Rural,Clear,Emergency,2.0,1.0,95.5,27.38
User_201,15,201,4,0,47.9,0.309,Urban,Fog,Text,4.0,3.0,100.0,32.07
User_202,15,202,7,1,28.73,0.574,Rural,Fog,Video,1.0,5.0,25.67,28.47
User_203,15,203,0,0,50.3,0.455,Urban,Clear,Video,3.0,1.0,95.5,19.33
User_204,15,204,1,3,49.21,0.287,Highway,Clear,Text,1.0,2.0,69.5,17.78
User_205,15,205,6,0,17.43,0.942,Highway,Rain,Text,5.0,3.0,100.0,26.65
User_206,15,206,6,2,63.02,0.44,Urban,Fog,Sensor,2.0,6.0,100.0,29.49
User_7,16,7,2,0,79.49,0.528,Urban,Rain,Emergency,3.0,1.0,95.5,31.3
User_8,16,8,5,3,69.55,0.416,Rural,Clear,Emergency,3.0,6.0,100.0,22.33
User_9,16,9,6,2,50.68,0.364,Rural,Fog,Sensor,5.0,6.0,100.0,25.98
User_10,16,10,6,2,34.78,0.818,Highway,Rain,Sensor,3.0,6.0,100.0,25.31
User_11,16,11,7,3,27.75,0.342,Highway,Fog,Sensor,5.0,6.0,100.0,27.96
User_12,16,12,4,0,63.73,0.264,Highway,Clear,Emergency,5.0,3.0,100.0,17.87
User_13,16,13,6,0,87.76,0.333,Rural,Clear,Video,4.0,3.0,100.0,16.63
User_14,16,14,0,0,49.69,0.198,Highway,Rain,Sensor,5.0,1.0,95.5,16.46
User_15,16,15,4,0,75.0,0.652,Rural,Fog,Text,4.0,3.0,100.0,36.03
User_16,16,16,7,1,70.0,0.695,Urban,Rain,Text,5.0,5.0,25.67,28.52
User_17,16,17,7,3,31.04,0.159,Highway,Fog,Video,1.0,6.0,100.0,25.32
User_18,16,18,7,1,45.83,0.125,Highway,Rain,Text,1.0,5.0,25.67,15.25
User_19,16,19,0,0,61.96,0.876,Rural,Clear,Emergency,4.0,1.0,95.5,24.0
User_20,16,20,7,1,108.65,0.444,Highway,Rain,Video,4.0,5.0,25.67,21.92
User_21,16,21,1,1,30.68,0.813,Rural,Clear,Video,5.0,1.0,95.5,27.12
User_22,16,22,3,1,51.05,0.741,Urban,Rain,Text,5.0,4.0,100.0,38.65
User_23,16,23,2,0,123.01,0.855,Highway,Rain,Sensor,4.0,1.0,95.5,33.52
User_24,16,24,3,1,32.93,0.578,Rural,Clear,Sensor,3.0,1.0,95.5,28.66
User_25,16,25,0,2,25.85,0.754,Urban,Clear,Video,3.0,2.0,69.5,23.09
User_26,16,26,1,3,68.26,0.809,Urban,Clear,Sensor,3.0,2.0,69.5,30.18
User_27,16,27,5,3,108.56,0.615,Urban,Rain,Video,1.0,6.0,100.0,33.48
User_28,16,28,4,0,57.64,0.179,Highway,Rain,Emergency,1.0,6.0,100.0,26.41
User_29,16,29,3,3,25.02,0.251,Highway,Fog,Emergency,4.0,4.0,100.0,26.52
User_30,16,30,1,1,62.26,0.239,Highway,Clear,Emergency,3.0,1.0,95.5,17.45
User_31,16,31,4,0,22.76,0.703,Urban,Clear,Emergency,5.0,3.0,100.0,27.23
User_32,16,32,0,2,140.0,0.74,Rural,Rain,Emergency,5.0,2.0,69.5,29.3
User_33,16,33,1,1,126.43,0.208,Highway,Clear,Video,4.0,1.0,95.5,18.91
User_34,16,34,4,0,44.89,0.249,Highway,Fog,Emergency,3.0,3.0,100.0,27.08
User_35,16,35,5,1,59.59,0.659,Urban,Clear,Text,4.0,3.0,100.0,27.67
User_36,16,36,6,0,66.84,0.229,Urban,Fog,Video,4.0,3.0,100.0,26.44
User_37,16,37,3,3,28.87,0.607,Rural,Rain,Emergency,5.0,4.0,100.0,28.97
User_38,16,38,0,2,48.47,0.884,Urban,Rain,Emergency,5.0,2.0,69.5,30.71
User_39,16,39,3,1,46.09,0.139,Rural,Rain,Sensor,2.0,1.0,95.5,27.47
User_40,16,40,3,1,68.6,0.588,Rural,Clear,Sensor,5.0,4.0,100.0,29.88
User_41,16,41,2,2,57.05,0.503,Rural,Clear,Text,5.0,4.0,100.0,23.26
User_42,16,42,7,3,75.42,0.555,Urban,Rain,Video,3.0,6.0,100.0,31.59
User_43,16,43,4,0,74.4,0.481,Highway,Rain,Video,3.0,3.0,100.0,26.45
User_44,16,44,5,3,109.22,0.505,Highway,Fog,Emergency,4.0,6.0,100.0,32.85
User_45,16,45,3,3,33.74,0.308,Rural,Rain,Emergency,2.0,2.0,69.5,29.63
User_46,16,46,6,2,61.02,0.356,Rural,Rain,Video,5.0,6.0,100.0,21.17
User_47,16,47,1,1,15.19,0.223,Urban,Clear,Emergency,4.0,1.0,95.5,19.8
User_48,16,48,7,1,71.47,0.427,Highway,Rain,Sensor,1.0,5.0,25.67,20.55
User_49,16,49,0,0,79.85,0.629,Rural,Clear,Text,4.0,1.0,95.5,20.83
User_50,16,50,5,3,51.69,0.327,Highway,Clear,Sensor,5.0,6.0,100.0,18.46
User_51,16,51,4,2,60.88,0.825,Rural,Rain,Emergency,5.0,6.0,100.0,33.2
User_52,16,52,6,2,39.63,0.206,Rural,Fog,Text,1.0,6.0,100.0,23.28
User_53,16,53,0,2,69.79,0.196,Urban,Fog,Video,4.0,2.0,69.5,26.03
User_54,16,54,7,1,64.99,0.911,Urban,Clear,Text,2.0,5.0,25.67,26.61
User_55,16,55,7,1,51.32,0.763,Highway,Clear,Emergency,1.0,5.0,25.67,19.98
User_56,16,56,5,1,64.52,0.363,Urban,Clear,Emergency,3.0,3.0,100.0,23.38
User_57,16,57,7,1,31.74,0.384,Highway,Fog,Sensor,2.0,5.0,25.67,23.71
User_58,16,58,0,2,140.0,0.628,Urban,Fog,Video,3.0,2.0,69.5,34.62
User_59,16,59,1,1,33.99,0.425,Highway,Clear,Emergency,2.0,1.0,95.5,19.39
User_60,16,60,3,1,17.38,0.044,Highway,Clear,Sensor,4.0,4.0,100.0,18.18
User_61,16,61,4,2,40.82,0.495,Rural,Rain,Video,2.0,6.0,100.0,27.65
User_62,16,62,4,2,65.5,0.162,Highway,Clear,Sensor,4.0,6.0,100.0,16.39
User_63,16,63,1,3,105.98,0.682,Rural,Clear,Emergency,1.0,2.0,69.5,27.41
User_64,16,64,4,0,21.17,0.92,Highway,Clear,Video,5.0,3.0,100.0,26.44
User_65,16,65,3,3,50.01,0.685,Rural,Rain,Emergency,4.0,4.0,100.0,30.78
User_66,16,66,3,3,136.61,0.664,Rural,Rain,Sensor,3.0,2.0,69.5,38.06
User_67,16,67,3,3,52.99,0.357,Highway,Clear,Text,1.0,2.0,69.5,23.94
User_68,16,68,5,3,23.01,0.513,Highway,Fog,Text,3.0,6.0,100.0,30.39
User_69,16,69,5,3,66.11,0.477,Urban,Fog,Sensor,4.0,6.0,100.0,35.14
User_70,16,70,7,1,115.47,0.865,Urban,Rain,Text,5.0,5.0,25.67,32.44
User_71,16,71,7,3,62.24,0.383,Urban,Fog,Sensor,5.0,6.0,100.0,33.61
User_72,16,72,5,3,19.4,0.609,Highway,Clear,Sensor,2.0,6.0,100.0,21.72
User_73,16,73,6,2,62.24,0.717,Highway,Fog,Text,5.0,6.0,100.0,29.62
User_74,16,74,0,0,104.16,0.012,Rural,Fog,Emergency,4.0,1.0,95.5,22.3
User_75,16,75,7,1,49.72,0.868,Urban,Fog,Sensor,2.0,5.0,25.67,35.51
User_76,16,76,1,1,74.63,0.211,Highway,Clear,Emergency,3.0,1.0,95.5,17.4
User_77,16,77,3,1,29.0,0.526,Urban,Rain,Video,2.0,1.0,95.5,34.76
User_78,16,78,7,3,45.74,0.11,Urban,Fog,Emergency,3.0,6.0,100.0,29.02
User_79,16,79,6,0,36.94,0.299,Highway,Fog,Text,4.0,3.0,100.0,22.59
User_80,16,80,1,3,99.36,0.286,Urban,Rain,Text,5.0,4.0,100.0,23.27
User_81,16,81,3,1,48.24,0.126,Urban,Clear,Emergency,3.0,1.0,95.5,24.34
User_82,16,82,7,1,48.26,0.696,Highway,Fog,Sensor,4.0,5.0,25.67,28.89
User_83,16,83,7,1,54.61,0.318,Highway,Clear,Sensor,3.0,5.0,25.67,13.41
User_84,16,84,5,1,52.28,0.136,Rural,Fog,Text,3.0,6.0,100.0,27.61
User_85,16,85,6,0,28.7,0.548,Highway,Clear,Emergency,1.0,5.0,25.67,21.08
User_86,16,86,6,0,12.41,0.941,Highway,Clear,Emergency,1.0,5.0,25.67,26.49
User_87,16,87,0,2,45.0,0.715,Rural,Fog,Text,1.0,2.0,69.5,31.08
User_88,16,88,3,1,75.49,0.578,Highway,Fog,Text,1.0,1.0,95.5,37.93
User_89,16,89,6,2,40.52,0.545,Highway,Rain,Sensor,1.0,6.0,100.0,21.39
User_90,16,90,4,0,67.21,0.237,Rural,Rain,Emergency,4.0,3.0,100.0,24.57
User_91,16,91,5,1,56.28,0.415,Highway,Clear,Video,5.0,3.0,100.0,19.91
User_92,16,92,4,2,88.84,0.809,Highway,Rain,Emergency,1.0,6.0,100.0,31.8
User_93,16,93,1,3,93.03,0.21,Highway,Fog,Text,4.0,4.0,100.0,22.94
User_94,16,94,0,2,64.44,0.774,Highway,Fog,Sensor,5.0,2.0,69.5,30.54
User_95,16,95,5,3,27.92,0.12,Highway,Fog,Emergency,5.0,6.0,100.0,24.64
User_96,16,96,6,2,28.55,0.405,Urban,Rain,Text,5.0,6.0,100.0,22.93
User_97,16,97,7,1,56.03,0.415,Urban,Rain,Video,5.0,5.0,25.67,23.91
User_98,16,98,5,1,42.1,0.503,Rural,Clear,Video,3.0,6.0,100.0,22.81
User_99,16,99,0,0,31.34,0.633,Rural,Clear,Sensor,5.0,1.0,95.5,19.44
User_100,16,100,0,2,63.4,0.926,Highway,Clear,Video,3.0,2.0,69.5,22.79
User_101,16,101,4,0,54.2,0.85,Urban,Clear,Sensor,4.0,3.0,100.0,30.38
User_102,16,102,1,1,19.14,0.378,Highway,Clear,Video,3.0,1.0,95.5,18.24
User_103,16,103,3,1,69.93,0.6,Urban,Fog,Text,4.0,4.0,100.0,42.1
User_104,16,104,2,0,57.03,0.259,Highway,Fog,Video,4.0,1.0,95.5,27.6
User_105,16,105,4,0,31.72,0.762,Highway,Fog,Emergency,5.0,3.0,100.0,34.38
User_106,16,106,1,3,50.27,0.453,Urban,Clear,Sensor,2.0,2.0,69.5,24.3
User_107,16,107,3,3,73.73,0.338,Highway,Clear,Emergency,1.0,2.0,69.5,24.28
User_108,16,108,2,2,45.4,0.802,Urban,Fog,Video,5.0,4.0,100.0,39.39
User_109,16,109,0,0,54.94,0.875,Rural,Clear,Emergency,4.0,1.0,95.5,23.77
User_110,16,110,7,3,86.05,0.402,Highway,Rain,Sensor,5.0,6.0,100.0,25.61
User_111,16,111,5,1,43.99,0.862,Highway,Fog,Text,3.0,6.0,100.0,36.25
User_112,16,112,3,3,65.07,0.697,Urban,Rain,Text,5.0,4.0,100.0,33.41
User_113,16,113,6,2,51.91,0.609,Highway,Rain,Sensor,4.0,6.0,100.0,22.69
User_114,16,114,3,1,55.09,0.486,Urban,Fog,Text,3.0,1.0,95.5,39.94
User_115,16,115,1,3,19.84,0.332,Highway,Clear,Video,4.0,4.0,100.0,12.58
User_116,16,116,4,2,74.66,0.42,Highway,Clear,Emergency,4.0,6.0,100.0,20.54
User_117,16,117,6,2,41.84,0.246,Highway,Fog,Emergency,2.0,6.0,100.0,21.95
User_118,16,118,3,3,77.6,0.448,Urban,Clear,Sensor,5.0,4.0,100.0,25.05
User_119,16,119,5,3,49.34,0.623,Urban,Clear,Emergency,4.0,6.0,100.0,26.83
User_120,16,120,1,1,108.23,0.693,Urban,Rain,Sensor,2.0,1.0,95.5,34.64
User_121,16,121,4,0,49.54,0.651,Highway,Rain,Emergency,1.0,6.0,100.0,33.25
User_122,16,122,2,2,62.3,0.558,Rural,Rain,Emergency,2.0,2.0,69.5,29.24
User_123,16,123,6,2,47.43,0.468,Highway,Fog,Emergency,1.0,5.0,25.67,30.44
User_124,16,124,0,2,87.97,0.583,Rural,Fog,Video,4.0,2.0,69.5,30.38
User_125,16,125,3,1,35.19,0.692,Highway,Fog,Emergency,5.0,4.0,100.0,38.44
User_126,16,126,4,0,45.26,0.292,Highway,Fog,Text,5.0,3.0,100.0,27.74
User_127,16,127,2,0,123.18,0.644,Urban,Fog,Video,4.0,1.0,95.5,39.36
User_128,16,128,2,0,56.79,0.237,Rural,Rain,Sensor,3.0,1.0,95.5,24.26
User_129,16,129,4,2,77.3,0.265,Rural,Fog,Video,4.0,6.0,100.0,30.29
User_130,16,130,4,0,58.24,0.912,Urban,Rain,Emergency,1.0,5.0,25.67,41.43
User_131,16,131,7,3,31.28,0.86,Rural,Rain,Sensor,4.0,6.0,100.0,32.84
User_132,16,132,7,1,52.6,0.283,Urban,Clear,Text,2.0,5.0,25.67,16.82
User_133,16,133,7,1,75.25,0.17,Rural,Fog,Text,4.0,5.0,25.67,23.81
User_134,16,134,7,1,79.48,0.886,Rural,Fog,Emergency,5.0,5.0,25.67,34.67
User_135,16,135,5,1,67.97,0.515,Urban,Rain,Video,3.0,6.0,100.0,30.76
User_136,16,136,1,1,49.83,0.172,Highway,Rain,Emergency,3.0,1.0,95.5,21.07
User_137,16,137,6,0,101.02,0.543,Urban,Fog,Emergency,4.0,3.0,100.0,32.18
User_138,16,138,2,2,28.64,0.68,Highway,Rain,Emergency,5.0,4.0,100.0,28.06
User_139,16,139,6,0,100.44,0.591,Urban,Fog,Video,1.0,5.0,25.67,37.88
User_140,16,140,5,3,87.72,0.483,Highway,Fog,Text,4.0,6.0,100.0,31.88
User_141,16,141,2,0,42.28,0.609,Urban,Clear,Sensor,1.0,1.0,95.5,26.4
User_142,16,142,3,3,73.87,0.663,Urban,Fog,Emergency,1.0,2.0,69.5,43.16
User_143,16,143,2,2,66.12,0.953,Urban,Clear,Video,4.0,4.0,100.0,32.28
User_144,16,144,1,3,134.95,0.611,Rural,Clear,Emergency,5.0,4.0,100.0,22.21
User_145,16,145,6,0,38.11,0.811,Urban,Rain,Emergency,5.0,3.0,100.0,29.31
User_146,16,146,2,2,98.56,0.3,Urban,Clear,Text,4.0,2.0,69.5,23.46
User_147,16,147,6,2,49.37,0.311,Highway,Rain,Sensor,5.0,6.0,100.0,18.15
User_148,16,148,2,2,63.85,0.869,Urban,Rain,Video,3.0,2.0,69.5,35.95
User_149,16,149,6,0,127.56,0.655,Highway,Rain,Sensor,5.0,3.0,100.0,25.65
User_150,16,150,0,0,140.0,0.367,Rural,Clear,Video,2.0,1.0,95.5,18.7
User_151,16,151,1,3,78.45,0.682,Rural,Rain,Emergency,1.0,2.0,69.5,31.58
User_152,16,152,7,1,83.66,0.353,Rural,Clear,Emergency,1.0,5.0,25.67,16.8
User_153,16,153,0,2,67.47,0.396,Rural,Fog,Emergency,5.0,2.0,69.5,26.96
User_154,16,154,7,3,46.38,0.066,Urban,Rain,Sensor,4.0,6.0,100.0,23.38
User_155,16,155,6,2,109.28,0.302,Urban,Rain,Sensor,5.0,6.0,100.0,23.81
User_156,16,156,5,3,46.21,0.289,Highway,Clear,Emergency,1.0,5.0,25.67,22.72
User_157,16,157,4,2,43.83,0.078,Urban,Clear,Text,2.0,6.0,100.0,18.48
User_158,16,158,7,1,48.99,0.538,Urban,Clear,Text,5.0,5.0,25.67,20.54
User_159,16,159,1,3,79.31,0.695,Highway,Rain,Video,4.0,2.0,69.5,29.8
User_160,16,160,5,1,93.88,0.336,Urban,Rain,Sensor,1.0,6.0,100.0,28.86
User_161,16,161,2,2,46.66,0.455,Rural,Rain,Emergency,3.0,2.0,69.5,27.22
User_162,16,162,4,2,123.87,0.804,Urban,Rain,Video,4.0,6.0,100.0,36.78
User_163,16,163,3,1,24.45,0.07,Highway,Fog,Text,4.0,1.0,95.5,28.78
User_164,16,164,5,3,22.87,0.665,Highway,Fog,Text,3.0,6.0,100.0,32.66
User_165,16,165,4,0,84.27,0.682,Rural,Rain,Text,1.0,5.0,25.67,36.76
User_166,16,166,6,2,64.8,0.727,Urban,Rain,Video,3.0,6.0,100.0,28.85
User_167,16,167,4,0,70.6,0.466,Highway,Rain,Video,3.0,6.0,100.0,31.11
User_168,16,168,1,1,61.26,0.736,Highway,Rain,Emergency,5.0,1.0,95.5,29.88
User_169,16,169,1,3,13.65,0.432,Rural,Clear,Video,1.0,2.0,69.5,20.89
User_170,16,170,6,0,32.37,0.404,Rural,Fog,Video,1.0,5.0,25.67,31.03
User_171,16,171,4,2,35.0,0.714,Rural,Rain,Emergency,2.0,6.0,100.0,30.76
User_172,16,172,3,3,80.27,0.445,Highway,Fog,Video,4.0,2.0,69.5,36.08
User_173,16,173,5,1,27.89,0.622,Urban,Fog,Video,2.0,6.0,100.0,36.17
User_174,16,174,5,1,55.85,0.034,Highway,Fog,Text,5.0,3.0,100.0,24.19
User_175,16,175,1,3,20.34,0.737,Rural,Fog,Video,2.0,2.0,69.5,35.67
User_176,16,176,4,2,69.05,0.759,Rural,Fog,Text,1.0,5.0,25.67,42.46
User_177,16,177,5,1,46.51,0.633,Urban,Clear,Sensor,2.0,3.0,100.0,26.89
User_178,16,178,1,1,37.73,0.456,Highway,Rain,Video,2.0,1.0,95.5,24.97
User_179,16,179,4,0,94.34,0.573,Highway,Rain,Video,5.0,3.0,100.0,28.43
User_180,16,180,1,3,92.4,0.697,Rural,Clear,Text,1.0,2.0,69.5,27.23
User_181,16,181,4,0,75.8,0.321,Rural,Fog,Text,2.0,6.0,100.0,36.09
User_182,16,182,5,3,44.65,0.565,Rural,Fog,Emergency,4.0,6.0,100.0,33.81
User_183,16,183,4,0,52.1,0.654,Highway,Clear,Emergency,2.0,6.0,100.0,28.37
User_184,16,184,1,3,58.97,0.297,Rural,Fog,Text,4.0,2.0,69.5,30.22
User_185,16,185,7,3,30.49,0.591,Rural,Clear,Video,2.0,6.0,100.0,23.78
User_186,16,186,5,1,21.07,0.322,Highway,Fog,Sensor,5.0,3.0,100.0,27.46
User_187,16,187,1,3,28.55,0.482,Highway,Rain,Video,1.0,2.0,69.5,25.09
User_188,16,188,4,2,39.94,0.797,Rural,Fog,Sensor,1.0,5.0,25.67,42.15
User_189,16,189,3,3,24.82,0.072,Highway,Clear,Sensor,1.0,2.0,69.5,18.82
User_190,16,190,3,3,56.08,0.798,Rural,Fog,Text,1.0,2.0,69.5,42.65
User_191,16,191,4,0,34.65,0.335,Rural,Fog,Sensor,1.0,5.0,25.67,35.06
User_192,16,192,3,3,42.05,0.472,Rural,Clear,Emergency,5.0,4.0,100.0,22.34
User_193,16,193,3,1,140.0,0.674,Urban,Clear,Text,4.0,1.0,95.5,35.31
User_194,16,194,7,1,82.91,0.868,Highway,Clear,Video,3.0,5.0,25.67,22.51
User_195,16,195,7,3,93.83,0.436,Highway,Clear,Sensor,3.0,6.0,100.0,21.35
User_196,16,196,0,2,77.21,0.63,Rural,Clear,Text,3.0,2.0,69.5,20.77
User_197,16,197,2,2,46.81,0.463,Rural,Clear,Video,3.0,2.0,69.5,22.35
User_198,16,198,4,2,44.05,0.894,Urban,Rain,Video,2.0,6.0,100.0,35.73
User_199,16,199,4,2,76.37,0.385,Rural,Fog,Sensor,3.0,6.0,100.0,32.07
User_200,16,200,1,1,33.48,0.825,Rural,Clear,Emergency,2.0,1.0,95.5,27.38
User_201,16,201,4,0,47.9,0.309,Urban,Fog,Text,4.0,3.0,100.0,32.07
User_202,16,202,7,1,28.73,0.574,Rural,Fog,Video,1.0,5.0,25.67,28.47
User_203,16,203,0,0,50.3,0.455,Urban,Clear,Video,3.0,1.0,95.5,19.33
User_204,16,204,1,3,49.21,0.287,Highway,Clear,Text,1.0,2.0,69.5,17.78
User_205,16,205,6,0,17.43,0.942,Highway,Rain,Text,5.0,3.0,100.0,26.65
User_206,16,206,6,2,63.02,0.44,Urban,Fog,Sensor,2.0,6.0,100.0,29.49
User_7,17,7,2,0,79.49,0.528,Urban,Rain,Emergency,3.0,1.0,95.5,31.3
User_8,17,8,5,3,69.55,0.416,Rural,Clear,Emergency,3.0,6.0,100.0,22.33
User_9,17,9,6,2,50.68,0.364,Rural,Fog,Sensor,5.0,6.0,100.0,25.98
User_10,17,10,6,2,34.78,0.818,Highway,Rain,Sensor,3.0,6.0,100.0,25.31
User_11,17,11,7,3,27.75,0.342,Highway,Fog,Sensor,5.0,6.0,100.0,27.96
User_12,17,12,4,0,63.73,0.264,Highway,Clear,Emergency,5.0,3.0,100.0,17.87
User_13,17,13,6,0,87.76,0.333,Rural,Clear,Video,4.0,3.0,100.0,16.63
User_14,17,14,0,0,49.69,0.198,Highway,Rain,Sensor,5.0,1.0,95.5,16.46
User_15,17,15,4,0,75.0,0.652,Rural,Fog,Text,4.0,3.0,100.0,36.03
User_16,17,16,7,1,70.0,0.695,Urban,Rain,Text,5.0,5.0,25.67,28.52
User_17,17,17,7,3,31.04,0.159,Highway,Fog,Video,1.0,6.0,100.0,25.32
User_18,17,18,7,1,45.83,0.125,Highway,Rain,Text,1.0,5.0,25.67,15.25
User_19,17,19,0,0,61.96,0.876,Rural,Clear,Emergency,4.0,1.0,95.5,24.0
User_20,17,20,7,1,108.65,0.444,Highway,Rain,Video,4.0,5.0,25.67,21.92
User_21,17,21,1,1,30.68,0.813,Rural,Clear,Video,5.0,1.0,95.5,27.12
User_22,17,22,3,1,51.05,0.741,Urban,Rain,Text,5.0,4.0,100.0,38.65
User_23,17,23,2,0,123.01,0.855,Highway,Rain,Sensor,4.0,1.0,95.5,33.52
User_24,17,24,3,1,32.93,0.578,Rural,Clear,Sensor,3.0,1.0,95.5,28.66
User_25,17,25,0,2,25.85,0.754,Urban,Clear,Video,3.0,2.0,69.5,23.09
User_26,17,26,1,3,68.26,0.809,Urban,Clear,Sensor,3.0,2.0,69.5,30.18
User_27,17,27,5,3,108.56,0.615,Urban,Rain,Video,1.0,6.0,100.0,33.48
User_28,17,28,4,0,57.64,0.179,Highway,Rain,Emergency,1.0,6.0,100.0,26.41
User_29,17,29,3,3,25.02,0.251,Highway,Fog,Emergency,4.0,4.0,100.0,26.52
User_30,17,30,1,1,62.26,0.239,Highway,Clear,Emergency,3.0,1.0,95.5,17.45
User_31,17,31,4,0,22.76,0.703,Urban,Clear,Emergency,5.0,3.0,100.0,27.23
User_32,17,32,0,2,140.0,0.74,Rural,Rain,Emergency,5.0,2.0,69.5,29.3
User_33,17,33,1,1,126.43,0.208,Highway,Clear,Video,4.0,1.0,95.5,18.91
User_34,17,34,4,0,44.89,0.249,Highway,Fog,Emergency,3.0,3.0,100.0,27.08
User_35,17,35,5,1,59.59,0.659,Urban,Clear,Text,4.0,3.0,100.0,27.67
User_36,17,36,6,0,66.84,0.229,Urban,Fog,Video,4.0,3.0,100.0,26.44
User_37,17,37,3,3,28.87,0.607,Rural,Rain,Emergency,5.0,4.0,100.0,28.97
User_38,17,38,0,2,48.47,0.884,Urban,Rain,Emergency,5.0,2.0,69.5,30.71
User_39,17,39,3,1,46.09,0.139,Rural,Rain,Sensor,2.0,1.0,95.5,27.47
User_40,17,40,3,1,68.6,0.588,Rural,Clear,Sensor,5.0,4.0,100.0,29.88
User_41,17,41,2,2,57.05,0.503,Rural,Clear,Text,5.0,4.0,100.0,23.26
User_42,17,42,7,3,75.42,0.555,Urban,Rain,Video,3.0,6.0,100.0,31.59
User_43,17,43,4,0,74.4,0.481,Highway,Rain,Video,3.0,3.0,100.0,26.45
User_44,17,44,5,3,109.22,0.505,Highway,Fog,Emergency,4.0,6.0,100.0,32.85
User_45,17,45,3,3,33.74,0.308,Rural,Rain,Emergency,2.0,2.0,69.5,29.63
User_46,17,46,6,2,61.02,0.356,Rural,Rain,Video,5.0,6.0,100.0,21.17
User_47,17,47,1,1,15.19,0.223,Urban,Clear,Emergency,4.0,1.0,95.5,19.8
User_48,17,48,7,1,71.47,0.427,Highway,Rain,Sensor,1.0,5.0,25.67,20.55
User_49,17,49,0,0,79.85,0.629,Rural,Clear,Text,4.0,1.0,95.5,20.83
User_50,17,50,5,3,51.69,0.327,Highway,Clear,Sensor,5.0,6.0,100.0,18.46
User_51,17,51,4,2,60.88,0.825,Rural,Rain,Emergency,5.0,6.0,100.0,33.2
User_52,17,52,6,2,39.63,0.206,Rural,Fog,Text,1.0,6.0,100.0,23.28
User_53,17,53,0,2,69.79,0.196,Urban,Fog,Video,4.0,2.0,69.5,26.03
User_54,17,54,7,1,64.99,0.911,Urban,Clear,Text,2.0,5.0,25.67,26.61
User_55,17,55,7,1,51.32,0.763,Highway,Clear,Emergency,1.0,5.0,25.67,19.98
User_56,17,56,5,1,64.52,0.363,Urban,Clear,Emergency,3.0,3.0,100.0,23.38
User_57,17,57,7,1,31.74,0.384,Highway,Fog,Sensor,2.0,5.0,25.67,23.71
User_58,17,58,0,2,140.0,0.628,Urban,Fog,Video,3.0,2.0,69.5,34.62
User_59,17,59,1,1,33.99,0.425,Highway,Clear,Emergency,2.0,1.0,95.5,19.39
User_60,17,60,3,1,17.38,0.044,Highway,Clear,Sensor,4.0,4.0,100.0,18.18
User_61,17,61,4,2,40.82,0.495,Rural,Rain,Video,2.0,6.0,100.0,27.65
User_62,17,62,4,2,65.5,0.162,Highway,Clear,Sensor,4.0,6.0,100.0,16.39
User_63,17,63,1,3,105.98,0.682,Rural,Clear,Emergency,1.0,2.0,69.5,27.41
User_64,17,64,4,0,21.17,0.92,Highway,Clear,Video,5.0,3.0,100.0,26.44
User_65,17,65,3,3,50.01,0.685,Rural,Rain,Emergency,4.0,4.0,100.0,30.78
User_66,17,66,3,3,136.61,0.664,Rural,Rain,Sensor,3.0,2.0,69.5,38.06
User_67,17,67,3,3,52.99,0.357,Highway,Clear,Text,1.0,2.0,69.5,23.94
User_68,17,68,5,3,23.01,0.513,Highway,Fog,Text,3.0,6.0,100.0,30.39
User_69,17,69,5,3,66.11,0.477,Urban,Fog,Sensor,4.0,6.0,100.0,35.14
User_70,17,70,7,1,115.47,0.865,Urban,Rain,Text,5.0,5.0,25.67,32.44
User_71,17,71,7,3,62.24,0.383,Urban,Fog,Sensor,5.0,6.0,100.0,33.61
User_72,17,72,5,3,19.4,0.609,Highway,Clear,Sensor,2.0,6.0,100.0,21.72
User_73,17,73,6,2,62.24,0.717,Highway,Fog,Text,5.0,6.0,100.0,29.62
User_74,17,74,0,0,104.16,0.012,Rural,Fog,Emergency,4.0,1.0,95.5,22.3
User_75,17,75,7,1,49.72,0.868,Urban,Fog,Sensor,2.0,5.0,25.67,35.51
User_76,17,76,1,1,74.63,0.211,Highway,Clear,Emergency,3.0,1.0,95.5,17.4
User_77,17,77,3,1,29.0,0.526,Urban,Rain,Video,2.0,1.0,95.5,34.76
User_78,17,78,7,3,45.74,0.11,Urban,Fog,Emergency,3.0,6.0,100.0,29.02
User_79,17,79,6,0,36.94,0.299,Highway,Fog,Text,4.0,3.0,100.0,22.59
User_80,17,80,1,3,99.36,0.286,Urban,Rain,Text,5.0,4.0,100.0,23.27
User_81,17,81,3,1,48.24,0.126,Urban,Clear,Emergency,3.0,1.0,95.5,24.34
User_82,17,82,7,1,48.26,0.696,Highway,Fog,Sensor,4.0,5.0,25.67,28.89
User_83,17,83,7,1,54.61,0.318,Highway,Clear,Sensor,3.0,5.0,25.67,13.41
User_84,17,84,5,1,52.28,0.136,Rural,Fog,Text,3.0,6.0,100.0,27.61
User_85,17,85,6,0,28.7,0.548,Highway,Clear,Emergency,1.0,5.0,25.67,21.08
User_86,17,86,6,0,12.41,0.941,Highway,Clear,Emergency,1.0,5.0,25.67,26.49
User_87,17,87,0,2,45.0,0.715,Rural,Fog,Text,1.0,2.0,69.5,31.08
User_88,17,88,3,1,75.49,0.578,Highway,Fog,Text,1.0,1.0,95.5,37.93
User_89,17,89,6,2,40.52,0.545,Highway,Rain,Sensor,1.0,6.0,100.0,21.39
User_90,17,90,4,0,67.21,0.237,Rural,Rain,Emergency,4.0,3.0,100.0,24.57
User_91,17,91,5,1,56.28,0.415,Highway,Clear,Video,5.0,3.0,100.0,19.91
User_92,17,92,4,2,88.84,0.809,Highway,Rain,Emergency,1.0,6.0,100.0,31.8
User_93,17,93,1,3,93.03,0.21,Highway,Fog,Text,4.0,4.0,100.0,22.94
User_94,17,94,0,2,64.44,0.774,Highway,Fog,Sensor,5.0,2.0,69.5,30.54
User_95,17,95,5,3,27.92,0.12,Highway,Fog,Emergency,5.0,6.0,100.0,24.64
User_96,17,96,6,2,28.55,0.405,Urban,Rain,Text,5.0,6.0,100.0,22.93
User_97,17,97,7,1,56.03,0.415,Urban,Rain,Video,5.0,5.0,25.67,23.91
User_98,17,98,5,1,42.1,0.503,Rural,Clear,Video,3.0,6.0,100.0,22.81
User_99,17,99,0,0,31.34,0.633,Rural,Clear,Sensor,5.0,1.0,95.5,19.44
User_100,17,100,0,2,63.4,0.926,Highway,Clear,Video,3.0,2.0,69.5,22.79
User_101,17,101,4,0,54.2,0.85,Urban,Clear,Sensor,4.0,3.0,100.0,30.38
User_102,17,102,1,1,19.14,0.378,Highway,Clear,Video,3.0,1.0,95.5,18.24
User_103,17,103,3,1,69.93,0.6,Urban,Fog,Text,4.0,4.0,100.0,42.1
User_104,17,104,2,0,57.03,0.259,Highway,Fog,Video,4.0,1.0,95.5,27.6
User_105,17,105,4,0,31.72,0.762,Highway,Fog,Emergency,5.0,3.0,100.0,34.38
User_106,17,106,1,3,50.27,0.453,Urban,Clear,Sensor,2.0,2.0,69.5,24.3
User_107,17,107,3,3,73.73,0.338,Highway,Clear,Emergency,1.0,2.0,69.5,24.28
User_108,17,108,2,2,45.4,0.802,Urban,Fog,Video,5.0,4.0,100.0,39.39
User_109,17,109,0,0,54.94,0.875,Rural,Clear,Emergency,4.0,1.0,95.5,23.77
User_110,17,110,7,3,86.05,0.402,Highway,Rain,Sensor,5.0,6.0,100.0,25.61
User_111,17,111,5,1,43.99,0.862,Highway,Fog,Text,3.0,6.0,100.0,36.25
User_112,17,112,3,3,65.07,0.697,Urban,Rain,Text,5.0,4.0,100.0,33.41
User_113,17,113,6,2,51.91,0.609,Highway,Rain,Sensor,4.0,6.0,100.0,22.69
User_114,17,114,3,1,55.09,0.486,Urban,Fog,Text,3.0,1.0,95.5,39.94
User_115,17,115,1,3,19.84,0.332,Highway,Clear,Video,4.0,4.0,100.0,12.58
User_116,17,116,4,2,74.66,0.42,Highway,Clear,Emergency,4.0,6.0,100.0,20.54
User_117,17,117,6,2,41.84,0.246,Highway,Fog,Emergency,2.0,6.0,100.0,21.95
User_118,17,118,3,3,77.6,0.448,Urban,Clear,Sensor,5.0,4.0,100.0,25.05
User_119,17,119,5,3,49.34,0.623,Urban,Clear,Emergency,4.0,6.0,100.0,26.83
User_120,17,120,1,1,108.23,0.693,Urban,Rain,Sensor,2.0,1.0,95.5,34.64
User_121,17,121,4,0,49.54,0.651,Highway,Rain,Emergency,1.0,6.0,100.0,33.25
User_122,17,122,2,2,62.3,0.558,Rural,Rain,Emergency,2.0,2.0,69.5,29.24
User_123,17,123,6,2,47.43,0.468,Highway,Fog,Emergency,1.0,5.0,25.67,30.44
User_124,17,124,0,2,87.97,0.583,Rural,Fog,Video,4.0,2.0,69.5,30.38
User_125,17,125,3,1,35.19,0.692,Highway,Fog,Emergency,5.0,4.0,100.0,38.44
User_126,17,126,4,0,45.26,0.292,Highway,Fog,Text,5.0,3.0,100.0,27.74
User_127,17,127,2,0,123.18,0.644,Urban,Fog,Video,4.0,1.0,95.5,39.36
User_128,17,128,2,0,56.79,0.237,Rural,Rain,Sensor,3.0,1.0,95.5,24.26
User_129,17,129,4,2,77.3,0.265,Rural,Fog,Video,4.0,6.0,100.0,30.29
User_130,17,130,4,0,58.24,0.912,Urban,Rain,Emergency,1.0,5.0,25.67,41.43
User_131,17,131,7,3,31.28,0.86,Rural,Rain,Sensor,4.0,6.0,100.0,32.84
User_132,17,132,7,1,52.6,0.283,Urban,Clear,Text,2.0,5.0,25.67,16.82
User_133,17,133,7,1,75.25,0.17,Rural,Fog,Text,4.0,5.0,25.67,23.81
User_134,17,134,7,1,79.48,0.886,Rural,Fog,Emergency,5.0,5.0,25.67,34.67
User_135,17,135,5,1,67.97,0.515,Urban,Rain,Video,3.0,6.0,100.0,30.76
User_136,17,136,1,1,49.83,0.172,Highway,Rain,Emergency,3.0,1.0,95.5,21.07
User_137,17,137,6,0,101.02,0.543,Urban,Fog,Emergency,4.0,3.0,100.0,32.18
User_138,17,138,2,2,28.64,0.68,Highway,Rain,Emergency,5.0,4.0,100.0,28.06
User_139,17,139,6,0,100.44,0.591,Urban,Fog,Video,1.0,5.0,25.67,37.88
User_140,17,140,5,3,87.72,0.483,Highway,Fog,Text,4.0,6.0,100.0,31.88
User_141,17,141,2,0,42.28,0.609,Urban,Clear,Sensor,1.0,1.0,95.5,26.4
User_142,17,142,3,3,73.87,0.663,Urban,Fog,Emergency,1.0,2.0,69.5,43.16
User_143,17,143,2,2,66.12,0.953,Urban,Clear,Video,4.0,4.0,100.0,32.28
User_144,17,144,1,3,134.95,0.611,Rural,Clear,Emergency,5.0,4.0,100.0,22.21
User_145,17,145,6,0,38.11,0.811,Urban,Rain,Emergency,5.0,3.0,100.0,29.31
User_146,17,146,2,2,98.56,0.3,Urban,Clear,Text,4.0,2.0,69.5,23.46
User_147,17,147,6,2,49.37,0.311,Highway,Rain,Sensor,5.0,6.0,100.0,18.15
User_148,17,148,2,2,63.85,0.869,Urban,Rain,Video,3.0,2.0,69.5,35.95
User_149,17,149,6,0,127.56,0.655,Highway,Rain,Sensor,5.0,3.0,100.0,25.65
User_150,17,150,0,0,140.0,0.367,Rural,Clear,Video,2.0,1.0,95.5,18.7
User_151,17,151,1,3,78.45,0.682,Rural,Rain,Emergency,1.0,2.0,69.5,31.58
User_152,17,152,7,1,83.66,0.353,Rural,Clear,Emergency,1.0,5.0,25.67,16.8
User_153,17,153,0,2,67.47,0.396,Rural,Fog,Emergency,5.0,2.0,69.5,26.96
User_154,17,154,7,3,46.38,0.066,Urban,Rain,Sensor,4.0,6.0,100.0,23.38
User_155,17,155,6,2,109.28,0.302,Urban,Rain,Sensor,5.0,6.0,100.0,23.81
User_156,17,156,5,3,46.21,0.289,Highway,Clear,Emergency,1.0,5.0,25.67,22.72
User_157,17,157,4,2,43.83,0.078,Urban,Clear,Text,2.0,6.0,100.0,18.48
User_158,17,158,7,1,48.99,0.538,Urban,Clear,Text,5.0,5.0,25.67,20.54
User_159,17,159,1,3,79.31,0.695,Highway,Rain,Video,4.0,2.0,69.5,29.8
User_160,17,160,5,1,93.88,0.336,Urban,Rain,Sensor,1.0,6.0,100.0,28.86
User_161,17,161,2,2,46.66,0.455,Rural,Rain,Emergency,3.0,2.0,69.5,27.22
User_162,17,162,4,2,123.87,0.804,Urban,Rain,Video,4.0,6.0,100.0,36.78
User_163,17,163,3,1,24.45,0.07,Highway,Fog,Text,4.0,1.0,95.5,28.78
User_164,17,164,5,3,22.87,0.665,Highway,Fog,Text,3.0,6.0,100.0,32.66
User_165,17,165,4,0,84.27,0.682,Rural,Rain,Text,1.0,5.0,25.67,36.76
User_166,17,166,6,2,64.8,0.727,Urban,Rain,Video,3.0,6.0,100.0,28.85
User_167,17,167,4,0,70.6,0.466,Highway,Rain,Video,3.0,6.0,100.0,31.11
User_168,17,168,1,1,61.26,0.736,Highway,Rain,Emergency,5.0,1.0,95.5,29.88
User_169,17,169,1,3,13.65,0.432,Rural,Clear,Video,1.0,2.0,69.5,20.89
User_170,17,170,6,0,32.37,0.404,Rural,Fog,Video,1.0,5.0,25.67,31.03
User_171,17,171,4,2,35.0,0.714,Rural,Rain,Emergency,2.0,6.0,100.0,30.76
User_172,17,172,3,3,80.27,0.445,Highway,Fog,Video,4.0,2.0,69.5,36.08
User_173,17,173,5,1,27.89,0.622,Urban,Fog,Video,2.0,6.0,100.0,36.17
User_174,17,174,5,1,55.85,0.034,Highway,Fog,Text,5.0,3.0,100.0,24.19
User_175,17,175,1,3,20.34,0.737,Rural,Fog,Video,2.0,2.0,69.5,35.67
User_176,17,176,4,2,69.05,0.759,Rural,Fog,Text,1.0,5.0,25.67,42.46
User_177,17,177,5,1,46.51,0.633,Urban,Clear,Sensor,2.0,3.0,100.0,26.89
User_178,17,178,1,1,37.73,0.456,Highway,Rain,Video,2.0,1.0,95.5,24.97
User_179,17,179,4,0,94.34,0.573,Highway,Rain,Video,5.0,3.0,100.0,28.43
User_180,17,180,1,3,92.4,0.697,Rural,Clear,Text,1.0,2.0,69.5,27.23
User_181,17,181,4,0,75.8,0.321,Rural,Fog,Text,2.0,6.0,100.0,36.09
User_182,17,182,5,3,44.65,0.565,Rural,Fog,Emergency,4.0,6.0,100.0,33.81
User_183,17,183,4,0,52.1,0.654,Highway,Clear,Emergency,2.0,6.0,100.0,28.37
User_184,17,184,1,3,58.97,0.297,Rural,Fog,Text,4.0,2.0,69.5,30.22
User_185,17,185,7,3,30.49,0.591,Rural,Clear,Video,2.0,6.0,100.0,23.78
User_186,17,186,5,1,21.07,0.322,Highway,Fog,Sensor,5.0,3.0,100.0,27.46
User_187,17,187,1,3,28.55,0.482,Highway,Rain,Video,1.0,2.0,69.5,25.09
User_188,17,188,4,2,39.94,0.797,Rural,Fog,Sensor,1.0,5.0,25.67,42.15
User_189,17,189,3,3,24.82,0.072,Highway,Clear,Sensor,1.0,2.0,69.5,18.82
User_190,17,190,3,3,56.08,0.798,Rural,Fog,Text,1.0,2.0,69.5,42.65
User_191,17,191,4,0,34.65,0.335,Rural,Fog,Sensor,1.0,5.0,25.67,35.06
User_192,17,192,3,3,42.05,0.472,Rural,Clear,Emergency,5.0,4.0,100.0,22.34
User_193,17,193,3,1,140.0,0.674,Urban,Clear,Text,4.0,1.0,95.5,35.31
User_194,17,194,7,1,82.91,0.868,Highway,Clear,Video,3.0,5.0,25.67,22.51
User_195,17,195,7,3,93.83,0.436,Highway,Clear,Sensor,3.0,6.0,100.0,21.35
User_196,17,196,0,2,77.21,0.63,Rural,Clear,Text,3.0,2.0,69.5,20.77
User_197,17,197,2,2,46.81,0.463,Rural,Clear,Video,3.0,2.0,69.5,22.35
User_198,17,198,4,2,44.05,0.894,Urban,Rain,Video,2.0,6.0,100.0,35.73
User_199,17,199,4,2,76.37,0.385,Rural,Fog,Sensor,3.0,6.0,100.0,32.07
User_200,17,200,1,1,33.48,0.825,Rural,Clear,Emergency,2.0,1.0,95.5,27.38
User_201,17,201,4,0,47.9,0.309,Urban,Fog,Text,4.0,3.0,100.0,32.07
User_202,17,202,7,1,28.73,0.574,Rural,Fog,Video,1.0,5.0,25.67,28.47
User_203,17,203,0,0,50.3,0.455,Urban,Clear,Video,3.0,1.0,95.5,19.33
User_204,17,204,1,3,49.21,0.287,Highway,Clear,Text,1.0,2.0,69.5,17.78
User_205,17,205,6,0,17.43,0.942,Highway,Rain,Text,5.0,3.0,100.0,26.65
User_206,17,206,6,2,63.02,0.44,Urban,Fog,Sensor,2.0,6.0,100.0,29.49
User_7,18,7,2,0,79.49,0.528,Urban,Rain,Emergency,3.0,1.0,95.5,31.3
User_8,18,8,5,3,69.55,0.416,Rural,Clear,Emergency,3.0,6.0,100.0,22.33
User_9,18,9,6,2,50.68,0.364,Rural,Fog,Sensor,5.0,6.0,100.0,25.98
User_10,18,10,6,2,34.78,0.818,Highway,Rain,Sensor,3.0,6.0,100.0,25.31
User_11,18,11,7,3,27.75,0.342,Highway,Fog,Sensor,5.0,6.0,100.0,27.96
User_12,18,12,4,0,63.73,0.264,Highway,Clear,Emergency,5.0,3.0,100.0,17.87
User_13,18,13,6,0,87.76,0.333,Rural,Clear,Video,4.0,3.0,100.0,16.63
User_14,18,14,0,0,49.69,0.198,Highway,Rain,Sensor,5.0,1.0,95.5,16.46
User_15,18,15,4,0,75.0,0.652,Rural,Fog,Text,4.0,3.0,100.0,36.03
User_16,18,16,7,1,70.0,0.695,Urban,Rain,Text,5.0,5.0,25.67,28.52
User_17,18,17,7,3,31.04,0.159,Highway,Fog,Video,1.0,6.0,100.0,25.32
User_18,18,18,7,1,45.83,0.125,Highway,Rain,Text,1.0,5.0,25.67,15.25
User_19,18,19,0,0,61.96,0.876,Rural,Clear,Emergency,4.0,1.0,95.5,24.0
User_20,18,20,7,1,108.65,0.444,Highway,Rain,Video,4.0,5.0,25.67,21.92
User_21,18,21,1,1,30.68,0.813,Rural,Clear,Video,5.0,1.0,95.5,27.12
User_22,18,22,3,1,51.05,0.741,Urban,Rain,Text,5.0,4.0,100.0,38.65
User_23,18,23,2,0,123.01,0.855,Highway,Rain,Sensor,4.0,1.0,95.5,33.52
User_24,18,24,3,1,32.93,0.578,Rural,Clear,Sensor,3.0,1.0,95.5,28.66
User_25,18,25,0,2,25.85,0.754,Urban,Clear,Video,3.0,2.0,69.5,23.09
User_26,18,26,1,3,68.26,0.809,Urban,Clear,Sensor,3.0,2.0,69.5,30.18
User_27,18,27,5,3,108.56,0.615,Urban,Rain,Video,1.0,6.0,100.0,33.48
User_28,18,28,4,0,57.64,0.179,Highway,Rain,Emergency,1.0,6.0,100.0,26.41
User_29,18,29,3,3,25.02,0.251,Highway,Fog,Emergency,4.0,4.0,100.0,26.52
User_30,18,30,1,1,62.26,0.239,Highway,Clear,Emergency,3.0,1.0,95.5,17.45
User_31,18,31,4,0,22.76,0.703,Urban,Clear,Emergency,5.0,3.0,100.0,27.23
User_32,18,32,0,2,140.0,0.74,Rural,Rain,Emergency,5.0,2.0,69.5,29.3
User_33,18,33,1,1,126.43,0.208,Highway,Clear,Video,4.0,1.0,95.5,18.91
User_34,18,34,4,0,44.89,0.249,Highway,Fog,Emergency,3.0,3.0,100.0,27.08
User_35,18,35,5,1,59.59,0.659,Urban,Clear,Text,4.0,3.0,100.0,27.67
User_36,18,36,6,0,66.84,0.229,Urban,Fog,Video,4.0,3.0,100.0,26.44
User_37,18,37,3,3,28.87,0.607,Rural,Rain,Emergency,5.0,4.0,100.0,28.97
User_38,18,38,0,2,48.47,0.884,Urban,Rain,Emergency,5.0,2.0,69.5,30.71
User_39,18,39,3,1,46.09,0.139,Rural,Rain,Sensor,2.0,1.0,95.5,27.47
User_40,18,40,3,1,68.6,0.588,Rural,Clear,Sensor,5.0,4.0,100.0,29.88
User_41,18,41,2,2,57.05,0.503,Rural,Clear,Text,5.0,4.0,100.0,23.26
User_42,18,42,7,3,75.42,0.555,Urban,Rain,Video,3.0,6.0,100.0,31.59
User_43,18,43,4,0,74.4,0.481,Highway,Rain,Video,3.0,3.0,100.0,26.45
User_44,18,44,5,3,109.22,0.505,Highway,Fog,Emergency,4.0,6.0,100.0,32.85
User_45,18,45,3,3,33.74,0.308,Rural,Rain,Emergency,2.0,2.0,69.5,29.63
User_46,18,46,6,2,61.02,0.356,Rural,Rain,Video,5.0,6.0,100.0,21.17
User_47,18,47,1,1,15.19,0.223,Urban,Clear,Emergency,4.0,1.0,95.5,19.8
User_48,18,48,7,1,71.47,0.427,Highway,Rain,Sensor,1.0,5.0,25.67,20.55
User_49,18,49,0,0,79.85,0.629,Rural,Clear,Text,4.0,1.0,95.5,20.83
User_50,18,50,5,3,51.69,0.327,Highway,Clear,Sensor,5.0,6.0,100.0,18.46
User_51,18,51,4,2,60.88,0.825,Rural,Rain,Emergency,5.0,6.0,100.0,33.2
User_52,18,52,6,2,39.63,0.206,Rural,Fog,Text,1.0,6.0,100.0,23.28
User_53,18,53,0,2,69.79,0.196,Urban,Fog,Video,4.0,2.0,69.5,26.03
User_54,18,54,7,1,64.99,0.911,Urban,Clear,Text,2.0,5.0,25.67,26.61
User_55,18,55,7,1,51.32,0.763,Highway,Clear,Emergency,1.0,5.0,25.67,19.98
User_56,18,56,5,1,64.52,0.363,Urban,Clear,Emergency,3.0,3.0,100.0,23.38
User_57,18,57,7,1,31.74,0.384,Highway,Fog,Sensor,2.0,5.0,25.67,23.71
User_58,18,58,0,2,140.0,0.628,Urban,Fog,Video,3.0,2.0,69.5,34.62
User_59,18,59,1,1,33.99,0.425,Highway,Clear,Emergency,2.0,1.0,95.5,19.39
User_60,18,60,3,1,17.38,0.044,Highway,Clear,Sensor,4.0,4.0,100.0,18.18
User_61,18,61,4,2,40.82,0.495,Rural,Rain,Video,2.0,6.0,100.0,27.65
User_62,18,62,4,2,65.5,0.162,Highway,Clear,Sensor,4.0,6.0,100.0,16.39
User_63,18,63,1,3,105.98,0.682,Rural,Clear,Emergency,1.0,2.0,69.5,27.41
User_64,18,64,4,0,21.17,0.92,Highway,Clear,Video,5.0,3.0,100.0,26.44
User_65,18,65,3,3,50.01,0.685,Rural,Rain,Emergency,4.0,4.0,100.0,30.78
User_66,18,66,3,3,136.61,0.664,Rural,Rain,Sensor,3.0,2.0,69.5,38.06
User_67,18,67,3,3,52.99,0.357,Highway,Clear,Text,1.0,2.0,69.5,23.94
User_68,18,68,5,3,23.01,0.513,Highway,Fog,Text,3.0,6.0,100.0,30.39
User_69,18,69,5,3,66.11,0.477,Urban,Fog,Sensor,4.0,6.0,100.0,35.14
User_70,18,70,7,1,115.47,0.865,Urban,Rain,Text,5.0,5.0,25.67,32.44
User_71,18,71,7,3,62.24,0.383,Urban,Fog,Sensor,5.0,6.0,100.0,33.61
User_72,18,72,5,3,19.4,0.609,Highway,Clear,Sensor,2.0,6.0,100.0,21.72
User_73,18,73,6,2,62.24,0.717,Highway,Fog,Text,5.0,6.0,100.0,29.62
User_74,18,74,0,0,104.16,0.012,Rural,Fog,Emergency,4.0,1.0,95.5,22.3
User_75,18,75,7,1,49.72,0.868,Urban,Fog,Sensor,2.0,5.0,25.67,35.51
User_76,18,76,1,1,74.63,0.211,Highway,Clear,Emergency,3.0,1.0,95.5,17.4
User_77,18,77,3,1,29.0,0.526,Urban,Rain,Video,2.0,1.0,95.5,34.76
User_78,18,78,7,3,45.74,0.11,Urban,Fog,Emergency,3.0,6.0,100.0,29.02
User_79,18,79,6,0,36.94,0.299,Highway,Fog,Text,4.0,3.0,100.0,22.59
User_80,18,80,1,3,99.36,0.286,Urban,Rain,Text,5.0,4.0,100.0,23.27
User_81,18,81,3,1,48.24,0.126,Urban,Clear,Emergency,3.0,1.0,95.5,24.34
User_82,18,82,7,1,48.26,0.696,Highway,Fog,Sensor,4.0,5.0,25.67,28.89
User_83,18,83,7,1,54.61,0.318,Highway,Clear,Sensor,3.0,5.0,25.67,13.41
User_84,18,84,5,1,52.28,0.136,Rural,Fog,Text,3.0,6.0,100.0,27.61
User_85,18,85,6,0,28.7,0.548,Highway,Clear,Emergency,1.0,5.0,25.67,21.08
User_86,18,86,6,0,12.41,0.941,Highway,Clear,Emergency,1.0,5.0,25.67,26.49
User_87,18,87,0,2,45.0,0.715,Rural,Fog,Text,1.0,2.0,69.5,31.08
User_88,18,88,3,1,75.49,0.578,Highway,Fog,Text,1.0,1.0,95.5,37.93
User_89,18,89,6,2,40.52,0.545,Highway,Rain,Sensor,1.0,6.0,100.0,21.39
User_90,18,90,4,0,67.21,0.237,Rural,Rain,Emergency,4.0,3.0,100.0,24.57
User_91,18,91,5,1,56.28,0.415,Highway,Clear,Video,5.0,3.0,100.0,19.91
User_92,18,92,4,2,88.84,0.809,Highway,Rain,Emergency,1.0,6.0,100.0,31.8
User_93,18,93,1,3,93.03,0.21,Highway,Fog,Text,4.0,4.0,100.0,22.94
User_94,18,94,0,2,64.44,0.774,Highway,Fog,Sensor,5.0,2.0,69.5,30.54
User_95,18,95,5,3,27.92,0.12,Highway,Fog,Emergency,5.0,6.0,100.0,24.64
User_96,18,96,6,2,28.55,0.405,Urban,Rain,Text,5.0,6.0,100.0,22.93
User_97,18,97,7,1,56.03,0.415,Urban,Rain,Video,5.0,5.0,25.67,23.91
User_98,18,98,5,1,42.1,0.503,Rural,Clear,Video,3.0,6.0,100.0,22.81
User_99,18,99,0,0,31.34,0.633,Rural,Clear,Sensor,5.0,1.0,95.5,19.44
User_100,18,100,0,2,63.4,0.926,Highway,Clear,Video,3.0,2.0,69.5,22.79
User_101,18,101,4,0,54.2,0.85,Urban,Clear,Sensor,4.0,3.0,100.0,30.38
User_102,18,102,1,1,19.14,0.378,Highway,Clear,Video,3.0,1.0,95.5,18.24
User_103,18,103,3,1,69.93,0.6,Urban,Fog,Text,4.0,4.0,100.0,42.1
User_104,18,104,2,0,57.03,0.259,Highway,Fog,Video,4.0,1.0,95.5,27.6
User_105,18,105,4,0,31.72,0.762,Highway,Fog,Emergency,5.0,3.0,100.0,34.38
User_106,18,106,1,3,50.27,0.453,Urban,Clear,Sensor,2.0,2.0,69.5,24.3
User_107,18,107,3,3,73.73,0.338,Highway,Clear,Emergency,1.0,2.0,69.5,24.28
User_108,18,108,2,2,45.4,0.802,Urban,Fog,Video,5.0,4.0,100.0,39.39
User_109,18,109,0,0,54.94,0.875,Rural,Clear,Emergency,4.0,1.0,95.5,23.77
User_110,18,110,7,3,86.05,0.402,Highway,Rain,Sensor,5.0,6.0,100.0,25.61
User_111,18,111,5,1,43.99,0.862,Highway,Fog,Text,3.0,6.0,100.0,36.25
User_112,18,112,3,3,65.07,0.697,Urban,Rain,Text,5.0,4.0,100.0,33.41
User_113,18,113,6,2,51.91,0.609,Highway,Rain,Sensor,4.0,6.0,100.0,22.69
User_114,18,114,3,1,55.09,0.486,Urban,Fog,Text,3.0,1.0,95.5,39.94
User_115,18,115,1,3,19.84,0.332,Highway,Clear,Video,4.0,4.0,100.0,12.58
User_116,18,116,4,2,74.66,0.42,Highway,Clear,Emergency,4.0,6.0,100.0,20.54
User_117,18,117,6,2,41.84,0.246,Highway,Fog,Emergency,2.0,6.0,100.0,21.95
User_118,18,118,3,3,77.6,0.448,Urban,Clear,Sensor,5.0,4.0,100.0,25.05
User_119,18,119,5,3,49.34,0.623,Urban,Clear,Emergency,4.0,6.0,100.0,26.83
User_120,18,120,1,1,108.23,0.693,Urban,Rain,Sensor,2.0,1.0,95.5,34.64
User_121,18,121,4,0,49.54,0.651,Highway,Rain,Emergency,1.0,6.0,100.0,33.25
User_122,18,122,2,2,62.3,0.558,Rural,Rain,Emergency,2.0,2.0,69.5,29.24
User_123,18,123,6,2,47.43,0.468,Highway,Fog,Emergency,1.0,5.0,25.67,30.44
User_124,18,124,0,2,87.97,0.583,Rural,Fog,Video,4.0,2.0,69.5,30.38
User_125,18,125,3,1,35.19,0.692,Highway,Fog,Emergency,5.0,4.0,100.0,38.44
User_126,18,126,4,0,45.26,0.292,Highway,Fog,Text,5.0,3.0,100.0,27.74
User_127,18,127,2,0,123.18,0.644,Urban,Fog,Video,4.0,1.0,95.5,39.36
User_128,18,128,2,0,56.79,0.237,Rural,Rain,Sensor,3.0,1.0,95.5,24.26
User_129,18,129,4,2,77.3,0.265,Rural,Fog,Video,4.0,6.0,100.0,30.29
User_130,18,130,4,0,58.24,0.912,Urban,Rain,Emergency,1.0,5.0,25.67,41.43
User_131,18,131,7,3,31.28,0.86,Rural,Rain,Sensor,4.0,6.0,100.0,32.84
User_132,18,132,7,1,52.6,0.283,Urban,Clear,Text,2.0,5.0,25.67,16.82
User_133,18,133,7,1,75.25,0.17,Rural,Fog,Text,4.0,5.0,25.67,23.81
User_134,18,134,7,1,79.48,0.886,Rural,Fog,Emergency,5.0,5.0,25.67,34.67
User_135,18,135,5,1,67.97,0.515,Urban,Rain,Video,3.0,6.0,100.0,30.76
User_136,18,136,1,1,49.83,0.172,Highway,Rain,Emergency,3.0,1.0,95.5,21.07
User_137,18,137,6,0,101.02,0.543,Urban,Fog,Emergency,4.0,3.0,100.0,32.18
User_138,18,138,2,2,28.64,0.68,Highway,Rain,Emergency,5.0,4.0,100.0,28.06
User_139,18,139,6,0,100.44,0.591,Urban,Fog,Video,1.0,5.0,25.67,37.88
User_140,18,140,5,3,87.72,0.483,Highway,Fog,Text,4.0,6.0,100.0,31.88
User_141,18,141,2,0,42.28,0.609,Urban,Clear,Sensor,1.0,1.0,95.5,26.4
User_142,18,142,3,3,73.87,0.663,Urban,Fog,Emergency,1.0,2.0,69.5,43.16
User_143,18,143,2,2,66.12,0.953,Urban,Clear,Video,4.0,4.0,100.0,32.28
User_144,18,144,1,3,134.95,0.611,Rural,Clear,Emergency,5.0,4.0,100.0,22.21
User_145,18,145,6,0,38.11,0.811,Urban,Rain,Emergency,5.0,3.0,100.0,29.31
User_146,18,146,2,2,98.56,0.3,Urban,Clear,Text,4.0,2.0,69.5,23.46
User_147,18,147,6,2,49.37,0.311,Highway,Rain,Sensor,5.0,6.0,100.0,18.15
User_148,18,148,2,2,63.85,0.869,Urban,Rain,Video,3.0,2.0,69.5,35.95
User_149,18,149,6,0,127.56,0.655,Highway,Rain,Sensor,5.0,3.0,100.0,25.65
User_150,18,150,0,0,140.0,0.367,Rural,Clear,Video,2.0,1.0,95.5,18.7
User_151,18,151,1,3,78.45,0.682,Rural,Rain,Emergency,1.0,2.0,69.5,31.58
User_152,18,152,7,1,83.66,0.353,Rural,Clear,Emergency,1.0,5.0,25.67,16.8
User_153,18,153,0,2,67.47,0.396,Rural,Fog,Emergency,5.0,2.0,69.5,26.96
User_154,18,154,7,3,46.38,0.066,Urban,Rain,Sensor,4.0,6.0,100.0,23.38
User_155,18,155,6,2,109.28,0.302,Urban,Rain,Sensor,5.0,6.0,100.0,23.81
User_156,18,156,5,3,46.21,0.289,Highway,Clear,Emergency,1.0,5.0,25.67,22.72
User_157,18,157,4,2,43.83,0.078,Urban,Clear,Text,2.0,6.0,100.0,18.48
User_158,18,158,7,1,48.99,0.538,Urban,Clear,Text,5.0,5.0,25.67,20.54
User_159,18,159,1,3,79.31,0.695,Highway,Rain,Video,4.0,2.0,69.5,29.8
User_160,18,160,5,1,93.88,0.336,Urban,Rain,Sensor,1.0,6.0,100.0,28.86
User_161,18,161,2,2,46.66,0.455,Rural,Rain,Emergency,3.0,2.0,69.5,27.22
User_162,18,162,4,2,123.87,0.804,Urban,Rain,Video,4.0,6.0,100.0,36.78
User_163,18,163,3,1,24.45,0.07,Highway,Fog,Text,4.0,1.0,95.5,28.78
User_164,18,164,5,3,22.87,0.665,Highway,Fog,Text,3.0,6.0,100.0,32.66
User_165,18,165,4,0,84.27,0.682,Rural,Rain,Text,1.0,5.0,25.67,36.76
User_166,18,166,6,2,64.8,0.727,Urban,Rain,Video,3.0,6.0,100.0,28.85
User_167,18,167,4,0,70.6,0.466,Highway,Rain,Video,3.0,6.0,100.0,31.11
User_168,18,168,1,1,61.26,0.736,Highway,Rain,Emergency,5.0,1.0,95.5,29.88
User_169,18,169,1,3,13.65,0.432,Rural,Clear,Video,1.0,2.0,69.5,20.89
User_170,18,170,6,0,32.37,0.404,Rural,Fog,Video,1.0,5.0,25.67,31.03
User_171,18,171,4,2,35.0,0.714,Rural,Rain,Emergency,2.0,6.0,100.0,30.76
User_172,18,172,3,3,80.27,0.445,Highway,Fog,Video,4.0,2.0,69.5,36.08
User_173,18,173,5,1,27.89,0.622,Urban,Fog,Video,2.0,6.0,100.0,36.17
User_174,18,174,5,1,55.85,0.034,Highway,Fog,Text,5.0,3.0,100.0,24.19
User_175,18,175,1,3,20.34,0.737,Rural,Fog,Video,2.0,2.0,69.5,35.67
User_176,18,176,4,2,69.05,0.759,Rural,Fog,Text,1.0,5.0,25.67,42.46
User_177,18,177,5,1,46.51,0.633,Urban,Clear,Sensor,2.0,3.0,100.0,26.89
User_178,18,178,1,1,37.73,0.456,Highway,Rain,Video,2.0,1.0,95.5,24.97
User_179,18,179,4,0,94.34,0.573,Highway,Rain,Video,5.0,3.0,100.0,28.43
User_180,18,180,1,3,92.4,0.697,Rural,Clear,Text,1.0,2.0,69.5,27.23
User_181,18,181,4,0,75.8,0.321,Rural,Fog,Text,2.0,6.0,100.0,36.09
User_182,18,182,5,3,44.65,0.565,Rural,Fog,Emergency,4.0,6.0,100.0,33.81
User_183,18,183,4,0,52.1,0.654,Highway,Clear,Emergency,2.0,6.0,100.0,28.37
User_184,18,184,1,3,58.97,0.297,Rural,Fog,Text,4.0,2.0,69.5,30.22
User_185,18,185,7,3,30.49,0.591,Rural,Clear,Video,2.0,6.0,100.0,23.78
User_186,18,186,5,1,21.07,0.322,Highway,Fog,Sensor,5.0,3.0,100.0,27.46
User_187,18,187,1,3,28.55,0.482,Highway,Rain,Video,1.0,2.0,69.5,25.09
User_188,18,188,4,2,39.94,0.797,Rural,Fog,Sensor,1.0,5.0,25.67,42.15
User_189,18,189,3,3,24.82,0.072,Highway,Clear,Sensor,1.0,2.0,69.5,18.82
User_190,18,190,3,3,56.08,0.798,Rural,Fog,Text,1.0,2.0,69.5,42.65
User_191,18,191,4,0,34.65,0.335,Rural,Fog,Sensor,1.0,5.0,25.67,35.06
User_192,18,192,3,3,42.05,0.472,Rural,Clear,Emergency,5.0,4.0,100.0,22.34
User_193,18,193,3,1,140.0,0.674,Urban,Clear,Text,4.0,1.0,95.5,35.31
User_194,18,194,7,1,82.91,0.868,Highway,Clear,Video,3.0,5.0,25.67,22.51
User_195,18,195,7,3,93.83,0.436,Highway,Clear,Sensor,3.0,6.0,100.0,21.35
User_196,18,196,0,2,77.21,0.63,Rural,Clear,Text,3.0,2.0,69.5,20.77
User_197,18,197,2,2,46.81,0.463,Rural,Clear,Video,3.0,2.0,69.5,22.35
User_198,18,198,4,2,44.05,0.894,Urban,Rain,Video,2.0,6.0,100.0,35.73
User_199,18,199,4,2,76.37,0.385,Rural,Fog,Sensor,3.0,6.0,100.0,32.07
User_200,18,200,1,1,33.48,0.825,Rural,Clear,Emergency,2.0,1.0,95.5,27.38
User_201,18,201,4,0,47.9,0.309,Urban,Fog,Text,4.0,3.0,100.0,32.07
User_202,18,202,7,1,28.73,0.574,Rural,Fog,Video,1.0,5.0,25.67,28.47
User_203,18,203,0,0,50.3,0.455,Urban,Clear,Video,3.0,1.0,95.5,19.33
User_204,18,204,1,3,49.21,0.287,Highway,Clear,Text,1.0,2.0,69.5,17.78
User_205,18,205,6,0,17.43,0.942,Highway,Rain,Text,5.0,3.0,100.0,26.65
User_206,18,206,6,2,63.02,0.44,Urban,Fog,Sensor,2.0,6.0,100.0,29.49
User_7,19,7,2,0,79.49,0.528,Urban,Rain,Emergency,3.0,1.0,95.5,31.3
User_8,19,8,5,3,69.55,0.416,Rural,Clear,Emergency,3.0,6.0,100.0,22.33
User_9,19,9,6,2,50.68,0.364,Rural,Fog,Sensor,5.0,6.0,100.0,25.98
User_10,19,10,6,2,34.78,0.818,Highway,Rain,Sensor,3.0,6.0,100.0,25.31
User_11,19,11,7,3,27.75,0.342,Highway,Fog,Sensor,5.0,6.0,100.0,27.96
User_12,19,12,4,0,63.73,0.264,Highway,Clear,Emergency,5.0,3.0,100.0,17.87
User_13,19,13,6,0,87.76,0.333,Rural,Clear,Video,4.0,3.0,100.0,16.63
User_14,19,14,0,0,49.69,0.198,Highway,Rain,Sensor,5.0,1.0,95.5,16.46
User_15,19,15,4,0,75.0,0.652,Rural,Fog,Text,4.0,3.0,100.0,36.03
User_16,19,16,7,1,70.0,0.695,Urban,Rain,Text,5.0,5.0,25.67,28.52
User_17,19,17,7,3,31.04,0.159,Highway,Fog,Video,1.0,6.0,100.0,25.32
User_18,19,18,7,1,45.83,0.125,Highway,Rain,Text,1.0,5.0,25.67,15.25
User_19,19,19,0,0,61.96,0.876,Rural,Clear,Emergency,4.0,1.0,95.5,24.0
User_20,19,20,7,1,108.65,0.444,Highway,Rain,Video,4.0,5.0,25.67,21.92
User_21,19,21,1,1,30.68,0.813,Rural,Clear,Video,5.0,1.0,95.5,27.12
User_22,19,22,3,1,51.05,0.741,Urban,Rain,Text,5.0,4.0,100.0,38.65
User_23,19,23,2,0,123.01,0.855,Highway,Rain,Sensor,4.0,1.0,95.5,33.52
User_24,19,24,3,1,32.93,0.578,Rural,Clear,Sensor,3.0,1.0,95.5,28.66
User_25,19,25,0,2,25.85,0.754,Urban,Clear,Video,3.0,2.0,69.5,23.09
User_26,19,26,1,3,68.26,0.809,Urban,Clear,Sensor,3.0,2.0,69.5,30.18
User_27,19,27,5,3,108.56,0.615,Urban,Rain,Video,1.0,6.0,100.0,33.48
User_28,19,28,4,0,57.64,0.179,Highway,Rain,Emergency,1.0,6.0,100.0,26.41
User_29,19,29,3,3,25.02,0.251,Highway,Fog,Emergency,4.0,4.0,100.0,26.52
User_30,19,30,1,1,62.26,0.239,Highway,Clear,Emergency,3.0,1.0,95.5,17.45
User_31,19,31,4,0,22.76,0.703,Urban,Clear,Emergency,5.0,3.0,100.0,27.23
User_32,19,32,0,2,140.0,0.74,Rural,Rain,Emergency,5.0,2.0,69.5,29.3
User_33,19,33,1,1,126.43,0.208,Highway,Clear,Video,4.0,1.0,95.5,18.91
User_34,19,34,4,0,44.89,0.249,Highway,Fog,Emergency,3.0,3.0,100.0,27.08
User_35,19,35,5,1,59.59,0.659,Urban,Clear,Text,4.0,3.0,100.0,27.67
User_36,19,36,6,0,66.84,0.229,Urban,Fog,Video,4.0,3.0,100.0,26.44
User_37,19,37,3,3,28.87,0.607,Rural,Rain,Emergency,5.0,4.0,100.0,28.97
User_38,19,38,0,2,48.47,0.884,Urban,Rain,Emergency,5.0,2.0,69.5,30.71
User_39,19,39,3,1,46.09,0.139,Rural,Rain,Sensor,2.0,1.0,95.5,27.47
User_40,19,40,3,1,68.6,0.588,Rural,Clear,Sensor,5.0,4.0,100.0,29.88
User_41,19,41,2,2,57.05,0.503,Rural,Clear,Text,5.0,4.0,100.0,23.26
User_42,19,42,7,3,75.42,0.555,Urban,Rain,Video,3.0,6.0,100.0,31.59
User_43,19,43,4,0,74.4,0.481,Highway,Rain,Video,3.0,3.0,100.0,26.45
User_44,19,44,5,3,109.22,0.505,Highway,Fog,Emergency,4.0,6.0,100.0,32.85
User_45,19,45,3,3,33.74,0.308,Rural,Rain,Emergency,2.0,2.0,69.5,29.63
User_46,19,46,6,2,61.02,0.356,Rural,Rain,Video,5.0,6.0,100.0,21.17
User_47,19,47,1,1,15.19,0.223,Urban,Clear,Emergency,4.0,1.0,95.5,19.8
User_48,19,48,7,1,71.47,0.427,Highway,Rain,Sensor,1.0,5.0,25.67,20.55
User_49,19,49,0,0,79.85,0.629,Rural,Clear,Text,4.0,1.0,95.5,20.83
User_50,19,50,5,3,51.69,0.327,Highway,Clear,Sensor,5.0,6.0,100.0,18.46
User_51,19,51,4,2,60.88,0.825,Rural,Rain,Emergency,5.0,6.0,100.0,33.2
User_52,19,52,6,2,39.63,0.206,Rural,Fog,Text,1.0,6.0,100.0,23.28
User_53,19,53,0,2,69.79,0.196,Urban,Fog,Video,4.0,2.0,69.5,26.03
User_54,19,54,7,1,64.99,0.911,Urban,Clear,Text,2.0,5.0,25.67,26.61
User_55,19,55,7,1,51.32,0.763,Highway,Clear,Emergency,1.0,5.0,25.67,19.98
User_56,19,56,5,1,64.52,0.363,Urban,Clear,Emergency,3.0,3.0,100.0,23.38
User_57,19,57,7,1,31.74,0.384,Highway,Fog,Sensor,2.0,5.0,25.67,23.71
User_58,19,58,0,2,140.0,0.628,Urban,Fog,Video,3.0,2.0,69.5,34.62
User_59,19,59,1,1,33.99,0.425,Highway,Clear,Emergency,2.0,1.0,95.5,19.39
User_60,19,60,3,1,17.38,0.044,Highway,Clear,Sensor,4.0,4.0,100.0,18.18
User_61,19,61,4,2,40.82,0.495,Rural,Rain,Video,2.0,6.0,100.0,27.65
User_62,19,62,4,2,65.5,0.162,Highway,Clear,Sensor,4.0,6.0,100.0,16.39
User_63,19,63,1,3,105.98,0.682,Rural,Clear,Emergency,1.0,2.0,69.5,27.41
User_64,19,64,4,0,21.17,0.92,Highway,Clear,Video,5.0,3.0,100.0,26.44
User_65,19,65,3,3,50.01,0.685,Rural,Rain,Emergency,4.0,4.0,100.0,30.78
User_66,19,66,3,3,136.61,0.664,Rural,Rain,Sensor,3.0,2.0,69.5,38.06
User_67,19,67,3,3,52.99,0.357,Highway,Clear,Text,1.0,2.0,69.5,23.94
User_68,19,68,5,3,23.01,0.513,Highway,Fog,Text,3.0,6.0,100.0,30.39
User_69,19,69,5,3,66.11,0.477,Urban,Fog,Sensor,4.0,6.0,100.0,35.14
User_70,19,70,7,1,115.47,0.865,Urban,Rain,Text,5.0,5.0,25.67,32.44
User_71,19,71,7,3,62.24,0.383,Urban,Fog,Sensor,5.0,6.0,100.0,33.61
User_72,19,72,5,3,19.4,0.609,Highway,Clear,Sensor,2.0,6.0,100.0,21.72
User_73,19,73,6,2,62.24,0.717,Highway,Fog,Text,5.0,6.0,100.0,29.62
User_74,19,74,0,0,104.16,0.012,Rural,Fog,Emergency,4.0,1.0,95.5,22.3
User_75,19,75,7,1,49.72,0.868,Urban,Fog,Sensor,2.0,5.0,25.67,35.51
User_76,19,76,1,1,74.63,0.211,Highway,Clear,Emergency,3.0,1.0,95.5,17.4
User_77,19,77,3,1,29.0,0.526,Urban,Rain,Video,2.0,1.0,95.5,34.76
User_78,19,78,7,3,45.74,0.11,Urban,Fog,Emergency,3.0,6.0,100.0,29.02
User_79,19,79,6,0,36.94,0.299,Highway,Fog,Text,4.0,3.0,100.0,22.59
User_80,19,80,1,3,99.36,0.286,Urban,Rain,Text,5.0,4.0,100.0,23.27
User_81,19,81,3,1,48.24,0.126,Urban,Clear,Emergency,3.0,1.0,95.5,24.34
User_82,19,82,7,1,48.26,0.696,Highway,Fog,Sensor,4.0,5.0,25.67,28.89
User_83,19,83,7,1,54.61,0.318,Highway,Clear,Sensor,3.0,5.0,25.67,13.41
User_84,19,84,5,1,52.28,0.136,Rural,Fog,Text,3.0,6.0,100.0,27.61
User_85,19,85,6,0,28.7,0.548,Highway,Clear,Emergency,1.0,5.0,25.67,21.08
User_86,19,86,6,0,12.41,0.941,Highway,Clear,Emergency,1.0,5.0,25.67,26.49
User_87,19,87,0,2,45.0,0.715,Rural,Fog,Text,1.0,2.0,69.5,31.08
User_88,19,88,3,1,75.49,0.578,Highway,Fog,Text,1.0,1.0,95.5,37.93
User_89,19,89,6,2,40.52,0.545,Highway,Rain,Sensor,1.0,6.0,100.0,21.39
User_90,19,90,4,0,67.21,0.237,Rural,Rain,Emergency,4.0,3.0,100.0,24.57
User_91,19,91,5,1,56.28,0.415,Highway,Clear,Video,5.0,3.0,100.0,19.91
User_92,19,92,4,2,88.84,0.809,Highway,Rain,Emergency,1.0,6.0,100.0,31.8
User_93,19,93,1,3,93.03,0.21,Highway,Fog,Text,4.0,4.0,100.0,22.94
User_94,19,94,0,2,64.44,0.774,Highway,Fog,Sensor,5.0,2.0,69.5,30.54
User_95,19,95,5,3,27.92,0.12,Highway,Fog,Emergency,5.0,6.0,100.0,24.64
User_96,19,96,6,2,28.55,0.405,Urban,Rain,Text,5.0,6.0,100.0,22.93
User_97,19,97,7,1,56.03,0.415,Urban,Rain,Video,5.0,5.0,25.67,23.91
User_98,19,98,5,1,42.1,0.503,Rural,Clear,Video,3.0,6.0,100.0,22.81
User_99,19,99,0,0,31.34,0.633,Rural,Clear,Sensor,5.0,1.0,95.5,19.44
User_100,19,100,0,2,63.4,0.926,Highway,Clear,Video,3.0,2.0,69.5,22.79
User_101,19,101,4,0,54.2,0.85,Urban,Clear,Sensor,4.0,3.0,100.0,30.38
User_102,19,102,1,1,19.14,0.378,Highway,Clear,Video,3.0,1.0,95.5,18.24
User_103,19,103,3,1,69.93,0.6,Urban,Fog,Text,4.0,4.0,100.0,42.1
User_104,19,104,2,0,57.03,0.259,Highway,Fog,Video,4.0,1.0,95.5,27.6
User_105,19,105,4,0,31.72,0.762,Highway,Fog,Emergency,5.0,3.0,100.0,34.38
User_106,19,106,1,3,50.27,0.453,Urban,Clear,Sensor,2.0,2.0,69.5,24.3
User_107,19,107,3,3,73.73,0.338,Highway,Clear,Emergency,1.0,2.0,69.5,24.28
User_108,19,108,2,2,45.4,0.802,Urban,Fog,Video,5.0,4.0,100.0,39.39
User_109,19,109,0,0,54.94,0.875,Rural,Clear,Emergency,4.0,1.0,95.5,23.77
User_110,19,110,7,3,86.05,0.402,Highway,Rain,Sensor,5.0,6.0,100.0,25.61
User_111,19,111,5,1,43.99,0.862,Highway,Fog,Text,3.0,6.0,100.0,36.25
User_112,19,112,3,3,65.07,0.697,Urban,Rain,Text,5.0,4.0,100.0,33.41
User_113,19,113,6,2,51.91,0.609,Highway,Rain,Sensor,4.0,6.0,100.0,22.69
User_114,19,114,3,1,55.09,0.486,Urban,Fog,Text,3.0,1.0,95.5,39.94
User_115,19,115,1,3,19.84,0.332,Highway,Clear,Video,4.0,4.0,100.0,12.58
User_116,19,116,4,2,74.66,0.42,Highway,Clear,Emergency,4.0,6.0,100.0,20.54
User_117,19,117,6,2,41.84,0.246,Highway,Fog,Emergency,2.0,6.0,100.0,21.95
User_118,19,118,3,3,77.6,0.448,Urban,Clear,Sensor,5.0,4.0,100.0,25.05
User_119,19,119,5,3,49.34,0.623,Urban,Clear,Emergency,4.0,6.0,100.0,26.83
User_120,19,120,1,1,108.23,0.693,Urban,Rain,Sensor,2.0,1.0,95.5,34.64
User_121,19,121,4,0,49.54,0.651,Highway,Rain,Emergency,1.0,6.0,100.0,33.25
User_122,19,122,2,2,62.3,0.558,Rural,Rain,Emergency,2.0,2.0,69.5,29.24
User_123,19,123,6,2,47.43,0.468,Highway,Fog,Emergency,1.0,5.0,25.67,30.44
User_124,19,124,0,2,87.97,0.583,Rural,Fog,Video,4.0,2.0,69.5,30.38
User_125,19,125,3,1,35.19,0.692,Highway,Fog,Emergency,5.0,4.0,100.0,38.44
User_126,19,126,4,0,45.26,0.292,Highway,Fog,Text,5.0,3.0,100.0,27.74
User_127,19,127,2,0,123.18,0.644,Urban,Fog,Video,4.0,1.0,95.5,39.36
User_128,19,128,2,0,56.79,0.237,Rural,Rain,Sensor,3.0,1.0,95.5,24.26
User_129,19,129,4,2,77.3,0.265,Rural,Fog,Video,4.0,6.0,100.0,30.29
User_130,19,130,4,0,58.24,0.912,Urban,Rain,Emergency,1.0,5.0,25.67,41.43
User_131,19,131,7,3,31.28,0.86,Rural,Rain,Sensor,4.0,6.0,100.0,32.84
User_132,19,132,7,1,52.6,0.283,Urban,Clear,Text,2.0,5.0,25.67,16.82
User_133,19,133,7,1,75.25,0.17,Rural,Fog,Text,4.0,5.0,25.67,23.81
User_134,19,134,7,1,79.48,0.886,Rural,Fog,Emergency,5.0,5.0,25.67,34.67
User_135,19,135,5,1,67.97,0.515,Urban,Rain,Video,3.0,6.0,100.0,30.76
User_136,19,136,1,1,49.83,0.172,Highway,Rain,Emergency,3.0,1.0,95.5,21.07
User_137,19,137,6,0,101.02,0.543,Urban,Fog,Emergency,4.0,3.0,100.0,32.18
User_138,19,138,2,2,28.64,0.68,Highway,Rain,Emergency,5.0,4.0,100.0,28.06
User_139,19,139,6,0,100.44,0.591,Urban,Fog,Video,1.0,5.0,25.67,37.88
User_140,19,140,5,3,87.72,0.483,Highway,Fog,Text,4.0,6.0,100.0,31.88
User_141,19,141,2,0,42.28,0.609,Urban,Clear,Sensor,1.0,1.0,95.5,26.4
User_142,19,142,3,3,73.87,0.663,Urban,Fog,Emergency,1.0,2.0,69.5,43.16
User_143,19,143,2,2,66.12,0.953,Urban,Clear,Video,4.0,4.0,100.0,32.28
User_144,19,144,1,3,134.95,0.611,Rural,Clear,Emergency,5.0,4.0,100.0,22.21
User_145,19,145,6,0,38.11,0.811,Urban,Rain,Emergency,5.0,3.0,100.0,29.31
User_146,19,146,2,2,98.56,0.3,Urban,Clear,Text,4.0,2.0,69.5,23.46
User_147,19,147,6,2,49.37,0.311,Highway,Rain,Sensor,5.0,6.0,100.0,18.15
User_148,19,148,2,2,63.85,0.869,Urban,Rain,Video,3.0,2.0,69.5,35.95
User_149,19,149,6,0,127.56,0.655,Highway,Rain,Sensor,5.0,3.0,100.0,25.65
User_150,19,150,0,0,140.0,0.367,Rural,Clear,Video,2.0,1.0,95.5,18.7
User_151,19,151,1,3,78.45,0.682,Rural,Rain,Emergency,1.0,2.0,69.5,31.58
User_152,19,152,7,1,83.66,0.353,Rural,Clear,Emergency,1.0,5.0,25.67,16.8
User_153,19,153,0,2,67.47,0.396,Rural,Fog,Emergency,5.0,2.0,69.5,26.96
User_154,19,154,7,3,46.38,0.066,Urban,Rain,Sensor,4.0,6.0,100.0,23.38
User_155,19,155,6,2,109.28,0.302,Urban,Rain,Sensor,5.0,6.0,100.0,23.81
User_156,19,156,5,3,46.21,0.289,Highway,Clear,Emergency,1.0,5.0,25.67,22.72
User_157,19,157,4,2,43.83,0.078,Urban,Clear,Text,2.0,6.0,100.0,18.48
User_158,19,158,7,1,48.99,0.538,Urban,Clear,Text,5.0,5.0,25.67,20.54
User_159,19,159,1,3,79.31,0.695,Highway,Rain,Video,4.0,2.0,69.5,29.8
User_160,19,160,5,1,93.88,0.336,Urban,Rain,Sensor,1.0,6.0,100.0,28.86
User_161,19,161,2,2,46.66,0.455,Rural,Rain,Emergency,3.0,2.0,69.5,27.22
User_162,19,162,4,2,123.87,0.804,Urban,Rain,Video,4.0,6.0,100.0,36.78
User_163,19,163,3,1,24.45,0.07,Highway,Fog,Text,4.0,1.0,95.5,28.78
User_164,19,164,5,3,22.87,0.665,Highway,Fog,Text,3.0,6.0,100.0,32.66
User_165,19,165,4,0,84.27,0.682,Rural,Rain,Text,1.0,5.0,25.67,36.76
User_166,19,166,6,2,64.8,0.727,Urban,Rain,Video,3.0,6.0,100.0,28.85
User_167,19,167,4,0,70.6,0.466,Highway,Rain,Video,3.0,6.0,100.0,31.11
User_168,19,168,1,1,61.26,0.736,Highway,Rain,Emergency,5.0,1.0,95.5,29.88
User_169,19,169,1,3,13.65,0.432,Rural,Clear,Video,1.0,2.0,69.5,20.89
User_170,19,170,6,0,32.37,0.404,Rural,Fog,Video,1.0,5.0,25.67,31.03
User_171,19,171,4,2,35.0,0.714,Rural,Rain,Emergency,2.0,6.0,100.0,30.76
User_172,19,172,3,3,80.27,0.445,Highway,Fog,Video,4.0,2.0,69.5,36.08
User_173,19,173,5,1,27.89,0.622,Urban,Fog,Video,2.0,6.0,100.0,36.17
User_174,19,174,5,1,55.85,0.034,Highway,Fog,Text,5.0,3.0,100.0,24.19
User_175,19,175,1,3,20.34,0.737,Rural,Fog,Video,2.0,2.0,69.5,35.67
User_176,19,176,4,2,69.05,0.759,Rural,Fog,Text,1.0,5.0,25.67,42.46
User_177,19,177,5,1,46.51,0.633,Urban,Clear,Sensor,2.0,3.0,100.0,26.89
User_178,19,178,1,1,37.73,0.456,Highway,Rain,Video,2.0,1.0,95.5,24.97
User_179,19,179,4,0,94.34,0.573,Highway,Rain,Video,5.0,3.0,100.0,28.43
User_180,19,180,1,3,92.4,0.697,Rural,Clear,Text,1.0,2.0,69.5,27.23
User_181,19,181,4,0,75.8,0.321,Rural,Fog,Text,2.0,6.0,100.0,36.09
User_182,19,182,5,3,44.65,0.565,Rural,Fog,Emergency,4.0,6.0,100.0,33.81
User_183,19,183,4,0,52.1,0.654,Highway,Clear,Emergency,2.0,6.0,100.0,28.37
User_184,19,184,1,3,58.97,0.297,Rural,Fog,Text,4.0,2.0,69.5,30.22
User_185,19,185,7,3,30.49,0.591,Rural,Clear,Video,2.0,6.0,100.0,23.78
User_186,19,186,5,1,21.07,0.322,Highway,Fog,Sensor,5.0,3.0,100.0,27.46
User_187,19,187,1,3,28.55,0.482,Highway,Rain,Video,1.0,2.0,69.5,25.09
User_188,19,188,4,2,39.94,0.797,Rural,Fog,Sensor,1.0,5.0,25.67,42.15
User_189,19,189,3,3,24.82,0.072,Highway,Clear,Sensor,1.0,2.0,69.5,18.82
User_190,19,190,3,3,56.08,0.798,Rural,Fog,Text,1.0,2.0,69.5,42.65
User_191,19,191,4,0,34.65,0.335,Rural,Fog,Sensor,1.0,5.0,25.67,35.06
User_192,19,192,3,3,42.05,0.472,Rural,Clear,Emergency,5.0,4.0,100.0,22.34
User_193,19,193,3,1,140.0,0.674,Urban,Clear,Text,4.0,1.0,95.5,35.31
User_194,19,194,7,1,82.91,0.868,Highway,Clear,Video,3.0,5.0,25.67,22.51
User_195,19,195,7,3,93.83,0.436,Highway,Clear,Sensor,3.0,6.0,100.0,21.35
User_196,19,196,0,2,77.21,0.63,Rural,Clear,Text,3.0,2.0,69.5,20.77
User_197,19,197,2,2,46.81,0.463,Rural,Clear,Video,3.0,2.0,69.5,22.35
User_198,19,198,4,2,44.05,0.894,Urban,Rain,Video,2.0,6.0,100.0,35.73
User_199,19,199,4,2,76.37,0.385,Rural,Fog,Sensor,3.0,6.0,100.0,32.07
User_200,19,200,1,1,33.48,0.825,Rural,Clear,Emergency,2.0,1.0,95.5,27.38
User_201,19,201,4,0,47.9,0.309,Urban,Fog,Text,4.0,3.0,100.0,32.07
User_202,19,202,7,1,28.73,0.574,Rural,Fog,Video,1.0,5.0,25.67,28.47
User_203,19,203,0,0,50.3,0.455,Urban,Clear,Video,3.0,1.0,95.5,19.33
User_204,19,204,1,3,49.21,0.287,Highway,Clear,Text,1.0,2.0,69.5,17.78
User_205,19,205,6,0,17.43,0.942,Highway,Rain,Text,5.0,3.0,100.0,26.65
User_206,19,206,6,2,63.02,0.44,Urban,Fog,Sensor,2.0,6.0,100.0,29.49
User_7,20,7,2,0,79.49,0.528,Urban,Rain,Emergency,3.0,1.0,95.5,31.3
User_8,20,8,5,3,69.55,0.416,Rural,Clear,Emergency,3.0,6.0,100.0,22.33
User_9,20,9,6,2,50.68,0.364,Rural,Fog,Sensor,5.0,6.0,100.0,25.98
User_10,20,10,6,2,34.78,0.818,Highway,Rain,Sensor,3.0,6.0,100.0,25.31
User_11,20,11,7,3,27.75,0.342,Highway,Fog,Sensor,5.0,6.0,100.0,27.96
User_12,20,12,4,0,63.73,0.264,Highway,Clear,Emergency,5.0,3.0,100.0,17.87
User_13,20,13,6,0,87.76,0.333,Rural,Clear,Video,4.0,3.0,100.0,16.63
User_14,20,14,0,0,49.69,0.198,Highway,Rain,Sensor,5.0,1.0,95.5,16.46
User_15,20,15,4,0,75.0,0.652,Rural,Fog,Text,4.0,3.0,100.0,36.03
User_16,20,16,7,1,70.0,0.695,Urban,Rain,Text,5.0,5.0,25.67,28.52
User_17,20,17,7,3,31.04,0.159,Highway,Fog,Video,1.0,6.0,100.0,25.32
User_18,20,18,7,1,45.83,0.125,Highway,Rain,Text,1.0,5.0,25.67,15.25
User_19,20,19,0,0,61.96,0.876,Rural,Clear,Emergency,4.0,1.0,95.5,24.0
User_20,20,20,7,1,108.65,0.444,Highway,Rain,Video,4.0,5.0,25.67,21.92
User_21,20,21,1,1,30.68,0.813,Rural,Clear,Video,5.0,1.0,95.5,27.12
User_22,20,22,3,1,51.05,0.741,Urban,Rain,Text,5.0,4.0,100.0,38.65
User_23,20,23,2,0,123.01,0.855,Highway,Rain,Sensor,4.0,1.0,95.5,33.52
User_24,20,24,3,1,32.93,0.578,Rural,Clear,Sensor,3.0,1.0,95.5,28.66
User_25,20,25,0,2,25.85,0.754,Urban,Clear,Video,3.0,2.0,69.5,23.09
User_26,20,26,1,3,68.26,0.809,Urban,Clear,Sensor,3.0,2.0,69.5,30.18
User_27,20,27,5,3,108.56,0.615,Urban,Rain,Video,1.0,6.0,100.0,33.48
User_28,20,28,4,0,57.64,0.179,Highway,Rain,Emergency,1.0,6.0,100.0,26.41
User_29,20,29,3,3,25.02,0.251,Highway,Fog,Emergency,4.0,4.0,100.0,26.52
User_30,20,30,1,1,62.26,0.239,Highway,Clear,Emergency,3.0,1.0,95.5,17.45
User_31,20,31,4,0,22.76,0.703,Urban,Clear,Emergency,5.0,3.0,100.0,27.23
User_32,20,32,0,2,140.0,0.74,Rural,Rain,Emergency,5.0,2.0,69.5,29.3
User_33,20,33,1,1,126.43,0.208,Highway,Clear,Video,4.0,1.0,95.5,18.91
User_34,20,34,4,0,44.89,0.249,Highway,Fog,Emergency,3.0,3.0,100.0,27.08
User_35,20,35,5,1,59.59,0.659,Urban,Clear,Text,4.0,3.0,100.0,27.67
User_36,20,36,6,0,66.84,0.229,Urban,Fog,Video,4.0,3.0,100.0,26.44
User_37,20,37,3,3,28.87,0.607,Rural,Rain,Emergency,5.0,4.0,100.0,28.97
User_38,20,38,0,2,48.47,0.884,Urban,Rain,Emergency,5.0,2.0,69.5,30.71
User_39,20,39,3,1,46.09,0.139,Rural,Rain,Sensor,2.0,1.0,95.5,27.47
User_40,20,40,3,1,68.6,0.588,Rural,Clear,Sensor,5.0,4.0,100.0,29.88
User_41,20,41,2,2,57.05,0.503,Rural,Clear,Text,5.0,4.0,100.0,23.26
User_42,20,42,7,3,75.42,0.555,Urban,Rain,Video,3.0,6.0,100.0,31.59
User_43,20,43,4,0,74.4,0.481,Highway,Rain,Video,3.0,3.0,100.0,26.45
User_44,20,44,5,3,109.22,0.505,Highway,Fog,Emergency,4.0,6.0,100.0,32.85
User_45,20,45,3,3,33.74,0.308,Rural,Rain,Emergency,2.0,2.0,69.5,29.63
User_46,20,46,6,2,61.02,0.356,Rural,Rain,Video,5.0,6.0,100.0,21.17
User_47,20,47,1,1,15.19,0.223,Urban,Clear,Emergency,4.0,1.0,95.5,19.8
User_48,20,48,7,1,71.47,0.427,Highway,Rain,Sensor,1.0,5.0,25.67,20.55
User_49,20,49,0,0,79.85,0.629,Rural,Clear,Text,4.0,1.0,95.5,20.83
User_50,20,50,5,3,51.69,0.327,Highway,Clear,Sensor,5.0,6.0,100.0,18.46
User_51,20,51,4,2,60.88,0.825,Rural,Rain,Emergency,5.0,6.0,100.0,33.2
User_52,20,52,6,2,39.63,0.206,Rural,Fog,Text,1.0,6.0,100.0,23.28
User_53,20,53,0,2,69.79,0.196,Urban,Fog,Video,4.0,2.0,69.5,26.03
User_54,20,54,7,1,64.99,0.911,Urban,Clear,Text,2.0,5.0,25.67,26.61
User_55,20,55,7,1,51.32,0.763,Highway,Clear,Emergency,1.0,5.0,25.67,19.98
User_56,20,56,5,1,64.52,0.363,Urban,Clear,Emergency,3.0,3.0,100.0,23.38
User_57,20,57,7,1,31.74,0.384,Highway,Fog,Sensor,2.0,5.0,25.67,23.71
User_58,20,58,0,2,140.0,0.628,Urban,Fog,Video,3.0,2.0,69.5,34.62
User_59,20,59,1,1,33.99,0.425,Highway,Clear,Emergency,2.0,1.0,95.5,19.39
User_60,20,60,3,1,17.38,0.044,Highway,Clear,Sensor,4.0,4.0,100.0,18.18
User_61,20,61,4,2,40.82,0.495,Rural,Rain,Video,2.0,6.0,100.0,27.65
User_62,20,62,4,2,65.5,0.162,Highway,Clear,Sensor,4.0,6.0,100.0,16.39
User_63,20,63,1,3,105.98,0.682,Rural,Clear,Emergency,1.0,2.0,69.5,27.41
User_64,20,64,4,0,21.17,0.92,Highway,Clear,Video,5.0,3.0,100.0,26.44
User_65,20,65,3,3,50.01,0.685,Rural,Rain,Emergency,4.0,4.0,100.0,30.78
User_66,20,66,3,3,136.61,0.664,Rural,Rain,Sensor,3.0,2.0,69.5,38.06
User_67,20,67,3,3,52.99,0.357,Highway,Clear,Text,1.0,2.0,69.5,23.94
User_68,20,68,5,3,23.01,0.513,Highway,Fog,Text,3.0,6.0,100.0,30.39
User_69,20,69,5,3,66.11,0.477,Urban,Fog,Sensor,4.0,6.0,100.0,35.14
User_70,20,70,7,1,115.47,0.865,Urban,Rain,Text,5.0,5.0,25.67,32.44
User_71,20,71,7,3,62.24,0.383,Urban,Fog,Sensor,5.0,6.0,100.0,33.61
User_72,20,72,5,3,19.4,0.609,Highway,Clear,Sensor,2.0,6.0,100.0,21.72
User_73,20,73,6,2,62.24,0.717,Highway,Fog,Text,5.0,6.0,100.0,29.62
User_74,20,74,0,0,104.16,0.012,Rural,Fog,Emergency,4.0,1.0,95.5,22.3
User_75,20,75,7,1,49.72,0.868,Urban,Fog,Sensor,2.0,5.0,25.67,35.51
User_76,20,76,1,1,74.63,0.211,Highway,Clear,Emergency,3.0,1.0,95.5,17.4
User_77,20,77,3,1,29.0,0.526,Urban,Rain,Video,2.0,1.0,95.5,34.76
User_78,20,78,7,3,45.74,0.11,Urban,Fog,Emergency,3.0,6.0,100.0,29.02
User_79,20,79,6,0,36.94,0.299,Highway,Fog,Text,4.0,3.0,100.0,22.59
User_80,20,80,1,3,99.36,0.286,Urban,Rain,Text,5.0,4.0,100.0,23.27
User_81,20,81,3,1,48.24,0.126,Urban,Clear,Emergency,3.0,1.0,95.5,24.34
User_82,20,82,7,1,48.26,0.696,Highway,Fog,Sensor,4.0,5.0,25.67,28.89
User_83,20,83,7,1,54.61,0.318,Highway,Clear,Sensor,3.0,5.0,25.67,13.41
User_84,20,84,5,1,52.28,0.136,Rural,Fog,Text,3.0,6.0,100.0,27.61
User_85,20,85,6,0,28.7,0.548,Highway,Clear,Emergency,1.0,5.0,25.67,21.08
User_86,20,86,6,0,12.41,0.941,Highway,Clear,Emergency,1.0,5.0,25.67,26.49
User_87,20,87,0,2,45.0,0.715,Rural,Fog,Text,1.0,2.0,69.5,31.08
User_88,20,88,3,1,75.49,0.578,Highway,Fog,Text,1.0,1.0,95.5,37.93
User_89,20,89,6,2,40.52,0.545,Highway,Rain,Sensor,1.0,6.0,100.0,21.39
User_90,20,90,4,0,67.21,0.237,Rural,Rain,Emergency,4.0,3.0,100.0,24.57
User_91,20,91,5,1,56.28,0.415,Highway,Clear,Video,5.0,3.0,100.0,19.91
User_92,20,92,4,2,88.84,0.809,Highway,Rain,Emergency,1.0,6.0,100.0,31.8
User_93,20,93,1,3,93.03,0.21,Highway,Fog,Text,4.0,4.0,100.0,22.94
User_94,20,94,0,2,64.44,0.774,Highway,Fog,Sensor,5.0,2.0,69.5,30.54
User_95,20,95,5,3,27.92,0.12,Highway,Fog,Emergency,5.0,6.0,100.0,24.64
User_96,20,96,6,2,28.55,0.405,Urban,Rain,Text,5.0,6.0,100.0,22.93
User_97,20,97,7,1,56.03,0.415,Urban,Rain,Video,5.0,5.0,25.67,23.91
User_98,20,98,5,1,42.1,0.503,Rural,Clear,Video,3.0,6.0,100.0,22.81
User_99,20,99,0,0,31.34,0.633,Rural,Clear,Sensor,5.0,1.0,95.5,19.44
User_100,20,100,0,2,63.4,0.926,Highway,Clear,Video,3.0,2.0,69.5,22.79
User_101,20,101,4,0,54.2,0.85,Urban,Clear,Sensor,4.0,3.0,100.0,30.38
User_102,20,102,1,1,19.14,0.378,Highway,Clear,Video,3.0,1.0,95.5,18.24
User_103,20,103,3,1,69.93,0.6,Urban,Fog,Text,4.0,4.0,100.0,42.1
User_104,20,104,2,0,57.03,0.259,Highway,Fog,Video,4.0,1.0,95.5,27.6
User_105,20,105,4,0,31.72,0.762,Highway,Fog,Emergency,5.0,3.0,100.0,34.38
User_106,20,106,1,3,50.27,0.453,Urban,Clear,Sensor,2.0,2.0,69.5,24.3
User_107,20,107,3,3,73.73,0.338,Highway,Clear,Emergency,1.0,2.0,69.5,24.28
User_108,20,108,2,2,45.4,0.802,Urban,Fog,Video,5.0,4.0,100.0,39.39
User_109,20,109,0,0,54.94,0.875,Rural,Clear,Emergency,4.0,1.0,95.5,23.77
User_110,20,110,7,3,86.05,0.402,Highway,Rain,Sensor,5.0,6.0,100.0,25.61
User_111,20,111,5,1,43.99,0.862,Highway,Fog,Text,3.0,6.0,100.0,36.25
User_112,20,112,3,3,65.07,0.697,Urban,Rain,Text,5.0,4.0,100.0,33.41
User_113,20,113,6,2,51.91,0.609,Highway,Rain,Sensor,4.0,6.0,100.0,22.69
User_114,20,114,3,1,55.09,0.486,Urban,Fog,Text,3.0,1.0,95.5,39.94
User_115,20,115,1,3,19.84,0.332,Highway,Clear,Video,4.0,4.0,100.0,12.58
User_116,20,116,4,2,74.66,0.42,Highway,Clear,Emergency,4.0,6.0,100.0,20.54
User_117,20,117,6,2,41.84,0.246,Highway,Fog,Emergency,2.0,6.0,100.0,21.95
User_118,20,118,3,3,77.6,0.448,Urban,Clear,Sensor,5.0,4.0,100.0,25.05
User_119,20,119,5,3,49.34,0.623,Urban,Clear,Emergency,4.0,6.0,100.0,26.83
User_120,20,120,1,1,108.23,0.693,Urban,Rain,Sensor,2.0,1.0,95.5,34.64
User_121,20,121,4,0,49.54,0.651,Highway,Rain,Emergency,1.0,6.0,100.0,33.25
User_122,20,122,2,2,62.3,0.558,Rural,Rain,Emergency,2.0,2.0,69.5,29.24
User_123,20,123,6,2,47.43,0.468,Highway,Fog,Emergency,1.0,5.0,25.67,30.44
User_124,20,124,0,2,87.97,0.583,Rural,Fog,Video,4.0,2.0,69.5,30.38
User_125,20,125,3,1,35.19,0.692,Highway,Fog,Emergency,5.0,4.0,100.0,38.44
User_126,20,126,4,0,45.26,0.292,Highway,Fog,Text,5.0,3.0,100.0,27.74
User_127,20,127,2,0,123.18,0.644,Urban,Fog,Video,4.0,1.0,95.5,39.36
User_128,20,128,2,0,56.79,0.237,Rural,Rain,Sensor,3.0,1.0,95.5,24.26
User_129,20,129,4,2,77.3,0.265,Rural,Fog,Video,4.0,6.0,100.0,30.29
User_130,20,130,4,0,58.24,0.912,Urban,Rain,Emergency,1.0,5.0,25.67,41.43
User_131,20,131,7,3,31.28,0.86,Rural,Rain,Sensor,4.0,6.0,100.0,32.84
User_132,20,132,7,1,52.6,0.283,Urban,Clear,Text,2.0,5.0,25.67,16.82
User_133,20,133,7,1,75.25,0.17,Rural,Fog,Text,4.0,5.0,25.67,23.81
User_134,20,134,7,1,79.48,0.886,Rural,Fog,Emergency,5.0,5.0,25.67,34.67
User_135,20,135,5,1,67.97,0.515,Urban,Rain,Video,3.0,6.0,100.0,30.76
User_136,20,136,1,1,49.83,0.172,Highway,Rain,Emergency,3.0,1.0,95.5,21.07
User_137,20,137,6,0,101.02,0.543,Urban,Fog,Emergency,4.0,3.0,100.0,32.18
User_138,20,138,2,2,28.64,0.68,Highway,Rain,Emergency,5.0,4.0,100.0,28.06
User_139,20,139,6,0,100.44,0.591,Urban,Fog,Video,1.0,5.0,25.67,37.88
User_140,20,140,5,3,87.72,0.483,Highway,Fog,Text,4.0,6.0,100.0,31.88
User_141,20,141,2,0,42.28,0.609,Urban,Clear,Sensor,1.0,1.0,95.5,26.4
User_142,20,142,3,3,73.87,0.663,Urban,Fog,Emergency,1.0,2.0,69.5,43.16
User_143,20,143,2,2,66.12,0.953,Urban,Clear,Video,4.0,4.0,100.0,32.28
User_144,20,144,1,3,134.95,0.611,Rural,Clear,Emergency,5.0,4.0,100.0,22.21
User_145,20,145,6,0,38.11,0.811,Urban,Rain,Emergency,5.0,3.0,100.0,29.31
User_146,20,146,2,2,98.56,0.3,Urban,Clear,Text,4.0,2.0,69.5,23.46
User_147,20,147,6,2,49.37,0.311,Highway,Rain,Sensor,5.0,6.0,100.0,18.15
User_148,20,148,2,2,63.85,0.869,Urban,Rain,Video,3.0,2.0,69.5,35.95
User_149,20,149,6,0,127.56,0.655,Highway,Rain,Sensor,5.0,3.0,100.0,25.65
User_150,20,150,0,0,140.0,0.367,Rural,Clear,Video,2.0,1.0,95.5,18.7
User_151,20,151,1,3,78.45,0.682,Rural,Rain,Emergency,1.0,2.0,69.5,31.58
User_152,20,152,7,1,83.66,0.353,Rural,Clear,Emergency,1.0,5.0,25.67,16.8
User_153,20,153,0,2,67.47,0.396,Rural,Fog,Emergency,5.0,2.0,69.5,26.96
User_154,20,154,7,3,46.38,0.066,Urban,Rain,Sensor,4.0,6.0,100.0,23.38
User_155,20,155,6,2,109.28,0.302,Urban,Rain,Sensor,5.0,6.0,100.0,23.81
User_156,20,156,5,3,46.21,0.289,Highway,Clear,Emergency,1.0,5.0,25.67,22.72
User_157,20,157,4,2,43.83,0.078,Urban,Clear,Text,2.0,6.0,100.0,18.48
User_158,20,158,7,1,48.99,0.538,Urban,Clear,Text,5.0,5.0,25.67,20.54
User_159,20,159,1,3,79.31,0.695,Highway,Rain,Video,4.0,2.0,69.5,29.8
User_160,20,160,5,1,93.88,0.336,Urban,Rain,Sensor,1.0,6.0,100.0,28.86
User_161,20,161,2,2,46.66,0.455,Rural,Rain,Emergency,3.0,2.0,69.5,27.22
User_162,20,162,4,2,123.87,0.804,Urban,Rain,Video,4.0,6.0,100.0,36.78
User_163,20,163,3,1,24.45,0.07,Highway,Fog,Text,4.0,1.0,95.5,28.78
User_164,20,164,5,3,22.87,0.665,Highway,Fog,Text,3.0,6.0,100.0,32.66
User_165,20,165,4,0,84.27,0.682,Rural,Rain,Text,1.0,5.0,25.67,36.76
User_166,20,166,6,2,64.8,0.727,Urban,Rain,Video,3.0,6.0,100.0,28.85
User_167,20,167,4,0,70.6,0.466,Highway,Rain,Video,3.0,6.0,100.0,31.11
User_168,20,168,1,1,61.26,0.736,Highway,Rain,Emergency,5.0,1.0,95.5,29.88
User_169,20,169,1,3,13.65,0.432,Rural,Clear,Video,1.0,2.0,69.5,20.89
User_170,20,170,6,0,32.37,0.404,Rural,Fog,Video,1.0,5.0,25.67,31.03
User_171,20,171,4,2,35.0,0.714,Rural,Rain,Emergency,2.0,6.0,100.0,30.76
User_172,20,172,3,3,80.27,0.445,Highway,Fog,Video,4.0,2.0,69.5,36.08
User_173,20,173,5,1,27.89,0.622,Urban,Fog,Video,2.0,6.0,100.0,36.17
User_174,20,174,5,1,55.85,0.034,Highway,Fog,Text,5.0,3.0,100.0,24.19
User_175,20,175,1,3,20.34,0.737,Rural,Fog,Video,2.0,2.0,69.5,35.67
User_176,20,176,4,2,69.05,0.759,Rural,Fog,Text,1.0,5.0,25.67,42.46
User_177,20,177,5,1,46.51,0.633,Urban,Clear,Sensor,2.0,3.0,100.0,26.89
User_178,20,178,1,1,37.73,0.456,Highway,Rain,Video,2.0,1.0,95.5,24.97
User_179,20,179,4,0,94.34,0.573,Highway,Rain,Video,5.0,3.0,100.0,28.43
User_180,20,180,1,3,92.4,0.697,Rural,Clear,Text,1.0,2.0,69.5,27.23
User_181,20,181,4,0,75.8,0.321,Rural,Fog,Text,2.0,6.0,100.0,36.09
User_182,20,182,5,3,44.65,0.565,Rural,Fog,Emergency,4.0,6.0,100.0,33.81
User_183,20,183,4,0,52.1,0.654,Highway,Clear,Emergency,2.0,6.0,100.0,28.37
User_184,20,184,1,3,58.97,0.297,Rural,Fog,Text,4.0,2.0,69.5,30.22
User_185,20,185,7,3,30.49,0.591,Rural,Clear,Video,2.0,6.0,100.0,23.78
User_186,20,186,5,1,21.07,0.322,Highway,Fog,Sensor,5.0,3.0,100.0,27.46
User_187,20,187,1,3,28.55,0.482,Highway,Rain,Video,1.0,2.0,69.5,25.09
User_188,20,188,4,2,39.94,0.797,Rural,Fog,Sensor,1.0,5.0,25.67,42.15
User_189,20,189,3,3,24.82,0.072,Highway,Clear,Sensor,1.0,2.0,69.5,18.82
User_190,20,190,3,3,56.08,0.798,Rural,Fog,Text,1.0,2.0,69.5,42.65
User_191,20,191,4,0,34.65,0.335,Rural,Fog,Sensor,1.0,5.0,25.67,35.06
User_192,20,192,3,3,42.05,0.472,Rural,Clear,Emergency,5.0,4.0,100.0,22.34
User_193,20,193,3,1,140.0,0.674,Urban,Clear,Text,4.0,1.0,95.5,35.31
User_194,20,194,7,1,82.91,0.868,Highway,Clear,Video,3.0,5.0,25.67,22.51
User_195,20,195,7,3,93.83,0.436,Highway,Clear,Sensor,3.0,6.0,100.0,21.35
User_196,20,196,0,2,77.21,0.63,Rural,Clear,Text,3.0,2.0,69.5,20.77
User_197,20,197,2,2,46.81,0.463,Rural,Clear,Video,3.0,2.0,69.5,22.35
User_198,20,198,4,2,44.05,0.894,Urban,Rain,Video,2.0,6.0,100.0,35.73
User_199,20,199,4,2,76.37,0.385,Rural,Fog,Sensor,3.0,6.0,100.0,32.07
User_200,20,200,1,1,33.48,0.825,Rural,Clear,Emergency,2.0,1.0,95.5,27.38
User_201,20,201,4,0,47.9,0.309,Urban,Fog,Text,4.0,3.0,100.0,32.07
User_202,20,202,7,1,28.73,0.574,Rural,Fog,Video,1.0,5.0,25.67,28.47
User_203,20,203,0,0,50.3,0.455,Urban,Clear,Video,3.0,1.0,95.5,19.33
User_204,20,204,1,3,49.21,0.287,Highway,Clear,Text,1.0,2.0,69.5,17.78
User_205,20,205,6,0,17.43,0.942,Highway,Rain,Text,5.0,3.0,100.0,26.65
User_206,20,206,6,2,63.02,0.44,Urban,Fog,Sensor,2.0,6.0,100.0,29.49
User_7,21,7,2,0,79.49,0.528,Urban,Rain,Emergency,3.0,1.0,95.5,31.3
User_8,21,8,5,3,69.55,0.416,Rural,Clear,Emergency,3.0,6.0,100.0,22.33
User_9,21,9,6,2,50.68,0.364,Rural,Fog,Sensor,5.0,6.0,100.0,25.98
User_10,21,10,6,2,34.78,0.818,Highway,Rain,Sensor,3.0,6.0,100.0,25.31
User_11,21,11,7,3,27.75,0.342,Highway,Fog,Sensor,5.0,6.0,100.0,27.96
User_12,21,12,4,0,63.73,0.264,Highway,Clear,Emergency,5.0,3.0,100.0,17.87
User_13,21,13,6,0,87.76,0.333,Rural,Clear,Video,4.0,3.0,100.0,16.63
User_14,21,14,0,0,49.69,0.198,Highway,Rain,Sensor,5.0,1.0,95.5,16.46
User_15,21,15,4,0,75.0,0.652,Rural,Fog,Text,4.0,3.0,100.0,36.03
User_16,21,16,7,1,70.0,0.695,Urban,Rain,Text,5.0,5.0,25.67,28.52
User_17,21,17,7,3,31.04,0.159,Highway,Fog,Video,1.0,6.0,100.0,25.32
User_18,21,18,7,1,45.83,0.125,Highway,Rain,Text,1.0,5.0,25.67,15.25
User_19,21,19,0,0,61.96,0.876,Rural,Clear,Emergency,4.0,1.0,95.5,24.0
User_20,21,20,7,1,108.65,0.444,Highway,Rain,Video,4.0,5.0,25.67,21.92
User_21,21,21,1,1,30.68,0.813,Rural,Clear,Video,5.0,1.0,95.5,27.12
User_22,21,22,3,1,51.05,0.741,Urban,Rain,Text,5.0,4.0,100.0,38.65
User_23,21,23,2,0,123.01,0.855,Highway,Rain,Sensor,4.0,1.0,95.5,33.52
User_24,21,24,3,1,32.93,0.578,Rural,Clear,Sensor,3.0,1.0,95.5,28.66
User_25,21,25,0,2,25.85,0.754,Urban,Clear,Video,3.0,2.0,69.5,23.09
User_26,21,26,1,3,68.26,0.809,Urban,Clear,Sensor,3.0,2.0,69.5,30.18
User_27,21,27,5,3,108.56,0.615,Urban,Rain,Video,1.0,6.0,100.0,33.48
User_28,21,28,4,0,57.64,0.179,Highway,Rain,Emergency,1.0,6.0,100.0,26.41
User_29,21,29,3,3,25.02,0.251,Highway,Fog,Emergency,4.0,4.0,100.0,26.52
User_30,21,30,1,1,62.26,0.239,Highway,Clear,Emergency,3.0,1.0,95.5,17.45
User_31,21,31,4,0,22.76,0.703,Urban,Clear,Emergency,5.0,3.0,100.0,27.23
User_32,21,32,0,2,140.0,0.74,Rural,Rain,Emergency,5.0,2.0,69.5,29.3
User_33,21,33,1,1,126.43,0.208,Highway,Clear,Video,4.0,1.0,95.5,18.91
User_34,21,34,4,0,44.89,0.249,Highway,Fog,Emergency,3.0,3.0,100.0,27.08
User_35,21,35,5,1,59.59,0.659,Urban,Clear,Text,4.0,3.0,100.0,27.67
User_36,21,36,6,0,66.84,0.229,Urban,Fog,Video,4.0,3.0,100.0,26.44
User_37,21,37,3,3,28.87,0.607,Rural,Rain,Emergency,5.0,4.0,100.0,28.97
User_38,21,38,0,2,48.47,0.884,Urban,Rain,Emergency,5.0,2.0,69.5,30.71
User_39,21,39,3,1,46.09,0.139,Rural,Rain,Sensor,2.0,1.0,95.5,27.47
User_40,21,40,3,1,68.6,0.588,Rural,Clear,Sensor,5.0,4.0,100.0,29.88
User_41,21,41,2,2,57.05,0.503,Rural,Clear,Text,5.0,4.0,100.0,23.26
User_42,21,42,7,3,75.42,0.555,Urban,Rain,Video,3.0,6.0,100.0,31.59
User_43,21,43,4,0,74.4,0.481,Highway,Rain,Video,3.0,3.0,100.0,26.45
User_44,21,44,5,3,109.22,0.505,Highway,Fog,Emergency,4.0,6.0,100.0,32.85
User_45,21,45,3,3,33.74,0.308,Rural,Rain,Emergency,2.0,2.0,69.5,29.63
User_46,21,46,6,2,61.02,0.356,Rural,Rain,Video,5.0,6.0,100.0,21.17
User_47,21,47,1,1,15.19,0.223,Urban,Clear,Emergency,4.0,1.0,95.5,19.8
User_48,21,48,7,1,71.47,0.427,Highway,Rain,Sensor,1.0,5.0,25.67,20.55
User_49,21,49,0,0,79.85,0.629,Rural,Clear,Text,4.0,1.0,95.5,20.83
User_50,21,50,5,3,51.69,0.327,Highway,Clear,Sensor,5.0,6.0,100.0,18.46
User_51,21,51,4,2,60.88,0.825,Rural,Rain,Emergency,5.0,6.0,100.0,33.2
User_52,21,52,6,2,39.63,0.206,Rural,Fog,Text,1.0,6.0,100.0,23.28
User_53,21,53,0,2,69.79,0.196,Urban,Fog,Video,4.0,2.0,69.5,26.03
User_54,21,54,7,1,64.99,0.911,Urban,Clear,Text,2.0,5.0,25.67,26.61
User_55,21,55,7,1,51.32,0.763,Highway,Clear,Emergency,1.0,5.0,25.67,19.98
User_56,21,56,5,1,64.52,0.363,Urban,Clear,Emergency,3.0,3.0,100.0,23.38
User_57,21,57,7,1,31.74,0.384,Highway,Fog,Sensor,2.0,5.0,25.67,23.71
User_58,21,58,0,2,140.0,0.628,Urban,Fog,Video,3.0,2.0,69.5,34.62
User_59,21,59,1,1,33.99,0.425,Highway,Clear,Emergency,2.0,1.0,95.5,19.39
User_60,21,60,3,1,17.38,0.044,Highway,Clear,Sensor,4.0,4.0,100.0,18.18
User_61,21,61,4,2,40.82,0.495,Rural,Rain,Video,2.0,6.0,100.0,27.65
User_62,21,62,4,2,65.5,0.162,Highway,Clear,Sensor,4.0,6.0,100.0,16.39
User_63,21,63,1,3,105.98,0.682,Rural,Clear,Emergency,1.0,2.0,69.5,27.41
User_64,21,64,4,0,21.17,0.92,Highway,Clear,Video,5.0,3.0,100.0,26.44
User_65,21,65,3,3,50.01,0.685,Rural,Rain,Emergency,4.0,4.0,100.0,30.78
User_66,21,66,3,3,136.61,0.664,Rural,Rain,Sensor,3.0,2.0,69.5,38.06
User_67,21,67,3,3,52.99,0.357,Highway,Clear,Text,1.0,2.0,69.5,23.94
User_68,21,68,5,3,23.01,0.513,Highway,Fog,Text,3.0,6.0,100.0,30.39
User_69,21,69,5,3,66.11,0.477,Urban,Fog,Sensor,4.0,6.0,100.0,35.14
User_70,21,70,7,1,115.47,0.865,Urban,Rain,Text,5.0,5.0,25.67,32.44
User_71,21,71,7,3,62.24,0.383,Urban,Fog,Sensor,5.0,6.0,100.0,33.61
User_72,21,72,5,3,19.4,0.609,Highway,Clear,Sensor,2.0,6.0,100.0,21.72
User_73,21,73,6,2,62.24,0.717,Highway,Fog,Text,5.0,6.0,100.0,29.62
User_74,21,74,0,0,104.16,0.012,Rural,Fog,Emergency,4.0,1.0,95.5,22.3
User_75,21,75,7,1,49.72,0.868,Urban,Fog,Sensor,2.0,5.0,25.67,35.51
User_76,21,76,1,1,74.63,0.211,Highway,Clear,Emergency,3.0,1.0,95.5,17.4
User_77,21,77,3,1,29.0,0.526,Urban,Rain,Video,2.0,1.0,95.5,34.76
User_78,21,78,7,3,45.74,0.11,Urban,Fog,Emergency,3.0,6.0,100.0,29.02
User_79,21,79,6,0,36.94,0.299,Highway,Fog,Text,4.0,3.0,100.0,22.59
User_80,21,80,1,3,99.36,0.286,Urban,Rain,Text,5.0,4.0,100.0,23.27
User_81,21,81,3,1,48.24,0.126,Urban,Clear,Emergency,3.0,1.0,95.5,24.34
User_82,21,82,7,1,48.26,0.696,Highway,Fog,Sensor,4.0,5.0,25.67,28.89
User_83,21,83,7,1,54.61,0.318,Highway,Clear,Sensor,3.0,5.0,25.67,13.41
User_84,21,84,5,1,52.28,0.136,Rural,Fog,Text,3.0,6.0,100.0,27.61
User_85,21,85,6,0,28.7,0.548,Highway,Clear,Emergency,1.0,5.0,25.67,21.08
User_86,21,86,6,0,12.41,0.941,Highway,Clear,Emergency,1.0,5.0,25.67,26.49
User_87,21,87,0,2,45.0,0.715,Rural,Fog,Text,1.0,2.0,69.5,31.08
User_88,21,88,3,1,75.49,0.578,Highway,Fog,Text,1.0,1.0,95.5,37.93
User_89,21,89,6,2,40.52,0.545,Highway,Rain,Sensor,1.0,6.0,100.0,21.39
User_90,21,90,4,0,67.21,0.237,Rural,Rain,Emergency,4.0,3.0,100.0,24.57
User_91,21,91,5,1,56.28,0.415,Highway,Clear,Video,5.0,3.0,100.0,19.91
User_92,21,92,4,2,88.84,0.809,Highway,Rain,Emergency,1.0,6.0,100.0,31.8
User_93,21,93,1,3,93.03,0.21,Highway,Fog,Text,4.0,4.0,100.0,22.94
User_94,21,94,0,2,64.44,0.774,Highway,Fog,Sensor,5.0,2.0,69.5,30.54
User_95,21,95,5,3,27.92,0.12,Highway,Fog,Emergency,5.0,6.0,100.0,24.64
User_96,21,96,6,2,28.55,0.405,Urban,Rain,Text,5.0,6.0,100.0,22.93
User_97,21,97,7,1,56.03,0.415,Urban,Rain,Video,5.0,5.0,25.67,23.91
User_98,21,98,5,1,42.1,0.503,Rural,Clear,Video,3.0,6.0,100.0,22.81
User_99,21,99,0,0,31.34,0.633,Rural,Clear,Sensor,5.0,1.0,95.5,19.44
User_100,21,100,0,2,63.4,0.926,Highway,Clear,Video,3.0,2.0,69.5,22.79
User_101,21,101,4,0,54.2,0.85,Urban,Clear,Sensor,4.0,3.0,100.0,30.38
User_102,21,102,1,1,19.14,0.378,Highway,Clear,Video,3.0,1.0,95.5,18.24
User_103,21,103,3,1,69.93,0.6,Urban,Fog,Text,4.0,4.0,100.0,42.1
User_104,21,104,2,0,57.03,0.259,Highway,Fog,Video,4.0,1.0,95.5,27.6
User_105,21,105,4,0,31.72,0.762,Highway,Fog,Emergency,5.0,3.0,100.0,34.38
User_106,21,106,1,3,50.27,0.453,Urban,Clear,Sensor,2.0,2.0,69.5,24.3
User_107,21,107,3,3,73.73,0.338,Highway,Clear,Emergency,1.0,2.0,69.5,24.28
User_108,21,108,2,2,45.4,0.802,Urban,Fog,Video,5.0,4.0,100.0,39.39
User_109,21,109,0,0,54.94,0.875,Rural,Clear,Emergency,4.0,1.0,95.5,23.77
User_110,21,110,7,3,86.05,0.402,Highway,Rain,Sensor,5.0,6.0,100.0,25.61
User_111,21,111,5,1,43.99,0.862,Highway,Fog,Text,3.0,6.0,100.0,36.25
User_112,21,112,3,3,65.07,0.697,Urban,Rain,Text,5.0,4.0,100.0,33.41
User_113,21,113,6,2,51.91,0.609,Highway,Rain,Sensor,4.0,6.0,100.0,22.69
User_114,21,114,3,1,55.09,0.486,Urban,Fog,Text,3.0,1.0,95.5,39.94
User_115,21,115,1,3,19.84,0.332,Highway,Clear,Video,4.0,4.0,100.0,12.58
User_116,21,116,4,2,74.66,0.42,Highway,Clear,Emergency,4.0,6.0,100.0,20.54
User_117,21,117,6,2,41.84,0.246,Highway,Fog,Emergency,2.0,6.0,100.0,21.95
User_118,21,118,3,3,77.6,0.448,Urban,Clear,Sensor,5.0,4.0,100.0,25.05
User_119,21,119,5,3,49.34,0.623,Urban,Clear,Emergency,4.0,6.0,100.0,26.83
User_120,21,120,1,1,108.23,0.693,Urban,Rain,Sensor,2.0,1.0,95.5,34.64
User_121,21,121,4,0,49.54,0.651,Highway,Rain,Emergency,1.0,6.0,100.0,33.25
User_122,21,122,2,2,62.3,0.558,Rural,Rain,Emergency,2.0,2.0,69.5,29.24
User_123,21,123,6,2,47.43,0.468,Highway,Fog,Emergency,1.0,5.0,25.67,30.44
User_124,21,124,0,2,87.97,0.583,Rural,Fog,Video,4.0,2.0,69.5,30.38
User_125,21,125,3,1,35.19,0.692,Highway,Fog,Emergency,5.0,4.0,100.0,38.44
User_126,21,126,4,0,45.26,0.292,Highway,Fog,Text,5.0,3.0,100.0,27.74
User_127,21,127,2,0,123.18,0.644,Urban,Fog,Video,4.0,1.0,95.5,39.36
User_128,21,128,2,0,56.79,0.237,Rural,Rain,Sensor,3.0,1.0,95.5,24.26
User_129,21,129,4,2,77.3,0.265,Rural,Fog,Video,4.0,6.0,100.0,30.29
User_130,21,130,4,0,58.24,0.912,Urban,Rain,Emergency,1.0,5.0,25.67,41.43
User_131,21,131,7,3,31.28,0.86,Rural,Rain,Sensor,4.0,6.0,100.0,32.84
User_132,21,132,7,1,52.6,0.283,Urban,Clear,Text,2.0,5.0,25.67,16.82
User_133,21,133,7,1,75.25,0.17,Rural,Fog,Text,4.0,5.0,25.67,23.81
User_134,21,134,7,1,79.48,0.886,Rural,Fog,Emergency,5.0,5.0,25.67,34.67
User_135,21,135,5,1,67.97,0.515,Urban,Rain,Video,3.0,6.0,100.0,30.76
User_136,21,136,1,1,49.83,0.172,Highway,Rain,Emergency,3.0,1.0,95.5,21.07
User_137,21,137,6,0,101.02,0.543,Urban,Fog,Emergency,4.0,3.0,100.0,32.18
User_138,21,138,2,2,28.64,0.68,Highway,Rain,Emergency,5.0,4.0,100.0,28.06
User_139,21,139,6,0,100.44,0.591,Urban,Fog,Video,1.0,5.0,25.67,37.88
User_140,21,140,5,3,87.72,0.483,Highway,Fog,Text,4.0,6.0,100.0,31.88
User_141,21,141,2,0,42.28,0.609,Urban,Clear,Sensor,1.0,1.0,95.5,26.4
User_142,21,142,3,3,73.87,0.663,Urban,Fog,Emergency,1.0,2.0,69.5,43.16
User_143,21,143,2,2,66.12,0.953,Urban,Clear,Video,4.0,4.0,100.0,32.28
User_144,21,144,1,3,134.95,0.611,Rural,Clear,Emergency,5.0,4.0,100.0,22.21
User_145,21,145,6,0,38.11,0.811,Urban,Rain,Emergency,5.0,3.0,100.0,29.31
User_146,21,146,2,2,98.56,0.3,Urban,Clear,Text,4.0,2.0,69.5,23.46
User_147,21,147,6,2,49.37,0.311,Highway,Rain,Sensor,5.0,6.0,100.0,18.15
User_148,21,148,2,2,63.85,0.869,Urban,Rain,Video,3.0,2.0,69.5,35.95
User_149,21,149,6,0,127.56,0.655,Highway,Rain,Sensor,5.0,3.0,100.0,25.65
User_150,21,150,0,0,140.0,0.367,Rural,Clear,Video,2.0,1.0,95.5,18.7
User_151,21,151,1,3,78.45,0.682,Rural,Rain,Emergency,1.0,2.0,69.5,31.58
User_152,21,152,7,1,83.66,0.353,Rural,Clear,Emergency,1.0,5.0,25.67,16.8
User_153,21,153,0,2,67.47,0.396,Rural,Fog,Emergency,5.0,2.0,69.5,26.96
User_154,21,154,7,3,46.38,0.066,Urban,Rain,Sensor,4.0,6.0,100.0,23.38
User_155,21,155,6,2,109.28,0.302,Urban,Rain,Sensor,5.0,6.0,100.0,23.81
User_156,21,156,5,3,46.21,0.289,Highway,Clear,Emergency,1.0,5.0,25.67,22.72
User_157,21,157,4,2,43.83,0.078,Urban,Clear,Text,2.0,6.0,100.0,18.48
User_158,21,158,7,1,48.99,0.538,Urban,Clear,Text,5.0,5.0,25.67,20.54
User_159,21,159,1,3,79.31,0.695,Highway,Rain,Video,4.0,2.0,69.5,29.8
User_160,21,160,5,1,93.88,0.336,Urban,Rain,Sensor,1.0,6.0,100.0,28.86
User_161,21,161,2,2,46.66,0.455,Rural,Rain,Emergency,3.0,2.0,69.5,27.22
User_162,21,162,4,2,123.87,0.804,Urban,Rain,Video,4.0,6.0,100.0,36.78
User_163,21,163,3,1,24.45,0.07,Highway,Fog,Text,4.0,1.0,95.5,28.78
User_164,21,164,5,3,22.87,0.665,Highway,Fog,Text,3.0,6.0,100.0,32.66
User_165,21,165,4,0,84.27,0.682,Rural,Rain,Text,1.0,5.0,25.67,36.76
User_166,21,166,6,2,64.8,0.727,Urban,Rain,Video,3.0,6.0,100.0,28.85
User_167,21,167,4,0,70.6,0.466,Highway,Rain,Video,3.0,6.0,100.0,31.11
User_168,21,168,1,1,61.26,0.736,Highway,Rain,Emergency,5.0,1.0,95.5,29.88
User_169,21,169,1,3,13.65,0.432,Rural,Clear,Video,1.0,2.0,69.5,20.89
User_170,21,170,6,0,32.37,0.404,Rural,Fog,Video,1.0,5.0,25.67,31.03
User_171,21,171,4,2,35.0,0.714,Rural,Rain,Emergency,2.0,6.0,100.0,30.76
User_172,21,172,3,3,80.27,0.445,Highway,Fog,Video,4.0,2.0,69.5,36.08
User_173,21,173,5,1,27.89,0.622,Urban,Fog,Video,2.0,6.0,100.0,36.17
User_174,21,174,5,1,55.85,0.034,Highway,Fog,Text,5.0,3.0,100.0,24.19
User_175,21,175,1,3,20.34,0.737,Rural,Fog,Video,2.0,2.0,69.5,35.67
User_176,21,176,4,2,69.05,0.759,Rural,Fog,Text,1.0,5.0,25.67,42.46
User_177,21,177,5,1,46.51,0.633,Urban,Clear,Sensor,2.0,3.0,100.0,26.89
User_178,21,178,1,1,37.73,0.456,Highway,Rain,Video,2.0,1.0,95.5,24.97
User_179,21,179,4,0,94.34,0.573,Highway,Rain,Video,5.0,3.0,100.0,28.43
User_180,21,180,1,3,92.4,0.697,Rural,Clear,Text,1.0,2.0,69.5,27.23
User_181,21,181,4,0,75.8,0.321,Rural,Fog,Text,2.0,6.0,100.0,36.09
User_182,21,182,5,3,44.65,0.565,Rural,Fog,Emergency,4.0,6.0,100.0,33.81
User_183,21,183,4,0,52.1,0.654,Highway,Clear,Emergency,2.0,6.0,100.0,28.37
User_184,21,184,1,3,58.97,0.297,Rural,Fog,Text,4.0,2.0,69.5,30.22
User_185,21,185,7,3,30.49,0.591,Rural,Clear,Video,2.0,6.0,100.0,23.78
User_186,21,186,5,1,21.07,0.322,Highway,Fog,Sensor,5.0,3.0,100.0,27.46
User_187,21,187,1,3,28.55,0.482,Highway,Rain,Video,1.0,2.0,69.5,25.09
User_188,21,188,4,2,39.94,0.797,Rural,Fog,Sensor,1.0,5.0,25.67,42.15
User_189,21,189,3,3,24.82,0.072,Highway,Clear,Sensor,1.0,2.0,69.5,18.82
User_190,21,190,3,3,56.08,0.798,Rural,Fog,Text,1.0,2.0,69.5,42.65
User_191,21,191,4,0,34.65,0.335,Rural,Fog,Sensor,1.0,5.0,25.67,35.06
User_192,21,192,3,3,42.05,0.472,Rural,Clear,Emergency,5.0,4.0,100.0,22.34
User_193,21,193,3,1,140.0,0.674,Urban,Clear,Text,4.0,1.0,95.5,35.31
User_194,21,194,7,1,82.91,0.868,Highway,Clear,Video,3.0,5.0,25.67,22.51
User_195,21,195,7,3,93.83,0.436,Highway,Clear,Sensor,3.0,6.0,100.0,21.35
User_196,21,196,0,2,77.21,0.63,Rural,Clear,Text,3.0,2.0,69.5,20.77
User_197,21,197,2,2,46.81,0.463,Rural,Clear,Video,3.0,2.0,69.5,22.35
User_198,21,198,4,2,44.05,0.894,Urban,Rain,Video,2.0,6.0,100.0,35.73
User_199,21,199,4,2,76.37,0.385,Rural,Fog,Sensor,3.0,6.0,100.0,32.07
User_200,21,200,1,1,33.48,0.825,Rural,Clear,Emergency,2.0,1.0,95.5,27.38
User_201,21,201,4,0,47.9,0.309,Urban,Fog,Text,4.0,3.0,100.0,32.07
User_202,21,202,7,1,28.73,0.574,Rural,Fog,Video,1.0,5.0,25.67,28.47
User_203,21,203,0,0,50.3,0.455,Urban,Clear,Video,3.0,1.0,95.5,19.33
User_204,21,204,1,3,49.21,0.287,Highway,Clear,Text,1.0,2.0,69.5,17.78
User_205,21,205,6,0,17.43,0.942,Highway,Rain,Text,5.0,3.0,100.0,26.65
User_206,21,206,6,2,63.02,0.44,Urban,Fog,Sensor,2.0,6.0,100.0,29.49
User_7,22,7,2,0,79.49,0.528,Urban,Rain,Emergency,3.0,1.0,95.5,31.3
User_8,22,8,5,3,69.55,0.416,Rural,Clear,Emergency,3.0,6.0,100.0,22.33
User_9,22,9,6,2,50.68,0.364,Rural,Fog,Sensor,5.0,6.0,100.0,25.98
User_10,22,10,6,2,34.78,0.818,Highway,Rain,Sensor,3.0,6.0,100.0,25.31
User_11,22,11,7,3,27.75,0.342,Highway,Fog,Sensor,5.0,6.0,100.0,27.96
User_12,22,12,4,0,63.73,0.264,Highway,Clear,Emergency,5.0,3.0,100.0,17.87
User_13,22,13,6,0,87.76,0.333,Rural,Clear,Video,4.0,3.0,100.0,16.63
User_14,22,14,0,0,49.69,0.198,Highway,Rain,Sensor,5.0,1.0,95.5,16.46
User_15,22,15,4,0,75.0,0.652,Rural,Fog,Text,4.0,3.0,100.0,36.03
User_16,22,16,7,1,70.0,0.695,Urban,Rain,Text,5.0,5.0,25.67,28.52
User_17,22,17,7,3,31.04,0.159,Highway,Fog,Video,1.0,6.0,100.0,25.32
User_18,22,18,7,1,45.83,0.125,Highway,Rain,Text,1.0,5.0,25.67,15.25
User_19,22,19,0,0,61.96,0.876,Rural,Clear,Emergency,4.0,1.0,95.5,24.0
User_20,22,20,7,1,108.65,0.444,Highway,Rain,Video,4.0,5.0,25.67,21.92
User_21,22,21,1,1,30.68,0.813,Rural,Clear,Video,5.0,1.0,95.5,27.12
User_22,22,22,3,1,51.05,0.741,Urban,Rain,Text,5.0,4.0,100.0,38.65
User_23,22,23,2,0,123.01,0.855,Highway,Rain,Sensor,4.0,1.0,95.5,33.52
User_24,22,24,3,1,32.93,0.578,Rural,Clear,Sensor,3.0,1.0,95.5,28.66
User_25,22,25,0,2,25.85,0.754,Urban,Clear,Video,3.0,2.0,69.5,23.09
User_26,22,26,1,3,68.26,0.809,Urban,Clear,Sensor,3.0,2.0,69.5,30.18
User_27,22,27,5,3,108.56,0.615,Urban,Rain,Video,1.0,6.0,100.0,33.48
User_28,22,28,4,0,57.64,0.179,Highway,Rain,Emergency,1.0,6.0,100.0,26.41
User_29,22,29,3,3,25.02,0.251,Highway,Fog,Emergency,4.0,4.0,100.0,26.52
User_30,22,30,1,1,62.26,0.239,Highway,Clear,Emergency,3.0,1.0,95.5,17.45
User_31,22,31,4,0,22.76,0.703,Urban,Clear,Emergency,5.0,3.0,100.0,27.23
User_32,22,32,0,2,140.0,0.74,Rural,Rain,Emergency,5.0,2.0,69.5,29.3
User_33,22,33,1,1,126.43,0.208,Highway,Clear,Video,4.0,1.0,95.5,18.91
User_34,22,34,4,0,44.89,0.249,Highway,Fog,Emergency,3.0,3.0,100.0,27.08
User_35,22,35,5,1,59.59,0.659,Urban,Clear,Text,4.0,3.0,100.0,27.67
User_36,22,36,6,0,66.84,0.229,Urban,Fog,Video,4.0,3.0,100.0,26.44
User_37,22,37,3,3,28.87,0.607,Rural,Rain,Emergency,5.0,4.0,100.0,28.97
User_38,22,38,0,2,48.47,0.884,Urban,Rain,Emergency,5.0,2.0,69.5,30.71
User_39,22,39,3,1,46.09,0.139,Rural,Rain,Sensor,2.0,1.0,95.5,27.47
User_40,22,40,3,1,68.6,0.588,Rural,Clear,Sensor,5.0,4.0,100.0,29.88
User_41,22,41,2,2,57.05,0.503,Rural,Clear,Text,5.0,4.0,100.0,23.26
User_42,22,42,7,3,75.42,0.555,Urban,Rain,Video,3.0,6.0,100.0,31.59
User_43,22,43,4,0,74.4,0.481,Highway,Rain,Video,3.0,3.0,100.0,26.45
User_44,22,44,5,3,109.22,0.505,Highway,Fog,Emergency,4.0,6.0,100.0,32.85
User_45,22,45,3,3,33.74,0.308,Rural,Rain,Emergency,2.0,2.0,69.5,29.63
User_46,22,46,6,2,61.02,0.356,Rural,Rain,Video,5.0,6.0,100.0,21.17
User_47,22,47,1,1,15.19,0.223,Urban,Clear,Emergency,4.0,1.0,95.5,19.8
User_48,22,48,7,1,71.47,0.427,Highway,Rain,Sensor,1.0,5.0,25.67,20.55
User_49,22,49,0,0,79.85,0.629,Rural,Clear,Text,4.0,1.0,95.5,20.83
User_50,22,50,5,3,51.69,0.327,Highway,Clear,Sensor,5.0,6.0,100.0,18.46
User_51,22,51,4,2,60.88,0.825,Rural,Rain,Emergency,5.0,6.0,100.0,33.2
User_52,22,52,6,2,39.63,0.206,Rural,Fog,Text,1.0,6.0,100.0,23.28
User_53,22,53,0,2,69.79,0.196,Urban,Fog,Video,4.0,2.0,69.5,26.03
User_54,22,54,7,1,64.99,0.911,Urban,Clear,Text,2.0,5.0,25.67,26.61
User_55,22,55,7,1,51.32,0.763,Highway,Clear,Emergency,1.0,5.0,25.67,19.98
User_56,22,56,5,1,64.52,0.363,Urban,Clear,Emergency,3.0,3.0,100.0,23.38
User_57,22,57,7,1,31.74,0.384,Highway,Fog,Sensor,2.0,5.0,25.67,23.71
User_58,22,58,0,2,140.0,0.628,Urban,Fog,Video,3.0,2.0,69.5,34.62
User_59,22,59,1,1,33.99,0.425,Highway,Clear,Emergency,2.0,1.0,95.5,19.39
User_60,22,60,3,1,17.38,0.044,Highway,Clear,Sensor,4.0,4.0,100.0,18.18
User_61,22,61,4,2,40.82,0.495,Rural,Rain,Video,2.0,6.0,100.0,27.65
User_62,22,62,4,2,65.5,0.162,Highway,Clear,Sensor,4.0,6.0,100.0,16.39
User_63,22,63,1,3,105.98,0.682,Rural,Clear,Emergency,1.0,2.0,69.5,27.41
User_64,22,64,4,0,21.17,0.92,Highway,Clear,Video,5.0,3.0,100.0,26.44
User_65,22,65,3,3,50.01,0.685,Rural,Rain,Emergency,4.0,4.0,100.0,30.78
User_66,22,66,3,3,136.61,0.664,Rural,Rain,Sensor,3.0,2.0,69.5,38.06
User_67,22,67,3,3,52.99,0.357,Highway,Clear,Text,1.0,2.0,69.5,23.94
User_68,22,68,5,3,23.01,0.513,Highway,Fog,Text,3.0,6.0,100.0,30.39
User_69,22,69,5,3,66.11,0.477,Urban,Fog,Sensor,4.0,6.0,100.0,35.14
User_70,22,70,7,1,115.47,0.865,Urban,Rain,Text,5.0,5.0,25.67,32.44
User_71,22,71,7,3,62.24,0.383,Urban,Fog,Sensor,5.0,6.0,100.0,33.61
User_72,22,72,5,3,19.4,0.609,Highway,Clear,Sensor,2.0,6.0,100.0,21.72
User_73,22,73,6,2,62.24,0.717,Highway,Fog,Text,5.0,6.0,100.0,29.62
User_74,22,74,0,0,104.16,0.012,Rural,Fog,Emergency,4.0,1.0,95.5,22.3
User_75,22,75,7,1,49.72,0.868,Urban,Fog,Sensor,2.0,5.0,25.67,35.51
User_76,22,76,1,1,74.63,0.211,Highway,Clear,Emergency,3.0,1.0,95.5,17.4
User_77,22,77,3,1,29.0,0.526,Urban,Rain,Video,2.0,1.0,95.5,34.76
User_78,22,78,7,3,45.74,0.11,Urban,Fog,Emergency,3.0,6.0,100.0,29.02
User_79,22,79,6,0,36.94,0.299,Highway,Fog,Text,4.0,3.0,100.0,22.59
User_80,22,80,1,3,99.36,0.286,Urban,Rain,Text,5.0,4.0,100.0,23.27
User_81,22,81,3,1,48.24,0.126,Urban,Clear,Emergency,3.0,1.0,95.5,24.34
User_82,22,82,7,1,48.26,0.696,Highway,Fog,Sensor,4.0,5.0,25.67,28.89
User_83,22,83,7,1,54.61,0.318,Highway,Clear,Sensor,3.0,5.0,25.67,13.41
User_84,22,84,5,1,52.28,0.136,Rural,Fog,Text,3.0,6.0,100.0,27.61
User_85,22,85,6,0,28.7,0.548,Highway,Clear,Emergency,1.0,5.0,25.67,21.08
User_86,22,86,6,0,12.41,0.941,Highway,Clear,Emergency,1.0,5.0,25.67,26.49
User_87,22,87,0,2,45.0,0.715,Rural,Fog,Text,1.0,2.0,69.5,31.08
User_88,22,88,3,1,75.49,0.578,Highway,Fog,Text,1.0,1.0,95.5,37.93
User_89,22,89,6,2,40.52,0.545,Highway,Rain,Sensor,1.0,6.0,100.0,21.39
User_90,22,90,4,0,67.21,0.237,Rural,Rain,Emergency,4.0,3.0,100.0,24.57
User_91,22,91,5,1,56.28,0.415,Highway,Clear,Video,5.0,3.0,100.0,19.91
User_92,22,92,4,2,88.84,0.809,Highway,Rain,Emergency,1.0,6.0,100.0,31.8
User_93,22,93,1,3,93.03,0.21,Highway,Fog,Text,4.0,4.0,100.0,22.94
User_94,22,94,0,2,64.44,0.774,Highway,Fog,Sensor,5.0,2.0,69.5,30.54
User_95,22,95,5,3,27.92,0.12,Highway,Fog,Emergency,5.0,6.0,100.0,24.64
User_96,22,96,6,2,28.55,0.405,Urban,Rain,Text,5.0,6.0,100.0,22.93
User_97,22,97,7,1,56.03,0.415,Urban,Rain,Video,5.0,5.0,25.67,23.91
User_98,22,98,5,1,42.1,0.503,Rural,Clear,Video,3.0,6.0,100.0,22.81
User_99,22,99,0,0,31.34,0.633,Rural,Clear,Sensor,5.0,1.0,95.5,19.44
User_100,22,100,0,2,63.4,0.926,Highway,Clear,Video,3.0,2.0,69.5,22.79
User_101,22,101,4,0,54.2,0.85,Urban,Clear,Sensor,4.0,3.0,100.0,30.38
User_102,22,102,1,1,19.14,0.378,Highway,Clear,Video,3.0,1.0,95.5,18.24
User_103,22,103,3,1,69.93,0.6,Urban,Fog,Text,4.0,4.0,100.0,42.1
User_104,22,104,2,0,57.03,0.259,Highway,Fog,Video,4.0,1.0,95.5,27.6
User_105,22,105,4,0,31.72,0.762,Highway,Fog,Emergency,5.0,3.0,100.0,34.38
User_106,22,106,1,3,50.27,0.453,Urban,Clear,Sensor,2.0,2.0,69.5,24.3
User_107,22,107,3,3,73.73,0.338,Highway,Clear,Emergency,1.0,2.0,69.5,24.28
User_108,22,108,2,2,45.4,0.802,Urban,Fog,Video,5.0,4.0,100.0,39.39
User_109,22,109,0,0,54.94,0.875,Rural,Clear,Emergency,4.0,1.0,95.5,23.77
User_110,22,110,7,3,86.05,0.402,Highway,Rain,Sensor,5.0,6.0,100.0,25.61
User_111,22,111,5,1,43.99,0.862,Highway,Fog,Text,3.0,6.0,100.0,36.25
User_112,22,112,3,3,65.07,0.697,Urban,Rain,Text,5.0,4.0,100.0,33.41
User_113,22,113,6,2,51.91,0.609,Highway,Rain,Sensor,4.0,6.0,100.0,22.69
User_114,22,114,3,1,55.09,0.486,Urban,Fog,Text,3.0,1.0,95.5,39.94
User_115,22,115,1,3,19.84,0.332,Highway,Clear,Video,4.0,4.0,100.0,12.58
User_116,22,116,4,2,74.66,0.42,Highway,Clear,Emergency,4.0,6.0,100.0,20.54
User_117,22,117,6,2,41.84,0.246,Highway,Fog,Emergency,2.0,6.0,100.0,21.95
User_118,22,118,3,3,77.6,0.448,Urban,Clear,Sensor,5.0,4.0,100.0,25.05
User_119,22,119,5,3,49.34,0.623,Urban,Clear,Emergency,4.0,6.0,100.0,26.83
User_120,22,120,1,1,108.23,0.693,Urban,Rain,Sensor,2.0,1.0,95.5,34.64
User_121,22,121,4,0,49.54,0.651,Highway,Rain,Emergency,1.0,6.0,100.0,33.25
User_122,22,122,2,2,62.3,0.558,Rural,Rain,Emergency,2.0,2.0,69.5,29.24
User_123,22,123,6,2,47.43,0.468,Highway,Fog,Emergency,1.0,5.0,25.67,30.44
User_124,22,124,0,2,87.97,0.583,Rural,Fog,Video,4.0,2.0,69.5,30.38
User_125,22,125,3,1,35.19,0.692,Highway,Fog,Emergency,5.0,4.0,100.0,38.44
User_126,22,126,4,0,45.26,0.292,Highway,Fog,Text,5.0,3.0,100.0,27.74
User_127,22,127,2,0,123.18,0.644,Urban,Fog,Video,4.0,1.0,95.5,39.36
User_128,22,128,2,0,56.79,0.237,Rural,Rain,Sensor,3.0,1.0,95.5,24.26
User_129,22,129,4,2,77.3,0.265,Rural,Fog,Video,4.0,6.0,100.0,30.29
User_130,22,130,4,0,58.24,0.912,Urban,Rain,Emergency,1.0,5.0,25.67,41.43
User_131,22,131,7,3,31.28,0.86,Rural,Rain,Sensor,4.0,6.0,100.0,32.84
User_132,22,132,7,1,52.6,0.283,Urban,Clear,Text,2.0,5.0,25.67,16.82
User_133,22,133,7,1,75.25,0.17,Rural,Fog,Text,4.0,5.0,25.67,23.81
User_134,22,134,7,1,79.48,0.886,Rural,Fog,Emergency,5.0,5.0,25.67,34.67
User_135,22,135,5,1,67.97,0.515,Urban,Rain,Video,3.0,6.0,100.0,30.76
User_136,22,136,1,1,49.83,0.172,Highway,Rain,Emergency,3.0,1.0,95.5,21.07
User_137,22,137,6,0,101.02,0.543,Urban,Fog,Emergency,4.0,3.0,100.0,32.18
User_138,22,138,2,2,28.64,0.68,Highway,Rain,Emergency,5.0,4.0,100.0,28.06
User_139,22,139,6,0,100.44,0.591,Urban,Fog,Video,1.0,5.0,25.67,37.88
User_140,22,140,5,3,87.72,0.483,Highway,Fog,Text,4.0,6.0,100.0,31.88
User_141,22,141,2,0,42.28,0.609,Urban,Clear,Sensor,1.0,1.0,95.5,26.4
User_142,22,142,3,3,73.87,0.663,Urban,Fog,Emergency,1.0,2.0,69.5,43.16
User_143,22,143,2,2,66.12,0.953,Urban,Clear,Video,4.0,4.0,100.0,32.28
User_144,22,144,1,3,134.95,0.611,Rural,Clear,Emergency,5.0,4.0,100.0,22.21
User_145,22,145,6,0,38.11,0.811,Urban,Rain,Emergency,5.0,3.0,100.0,29.31
User_146,22,146,2,2,98.56,0.3,Urban,Clear,Text,4.0,2.0,69.5,23.46
User_147,22,147,6,2,49.37,0.311,Highway,Rain,Sensor,5.0,6.0,100.0,18.15
User_148,22,148,2,2,63.85,0.869,Urban,Rain,Video,3.0,2.0,69.5,35.95
User_149,22,149,6,0,127.56,0.655,Highway,Rain,Sensor,5.0,3.0,100.0,25.65
User_150,22,150,0,0,140.0,0.367,Rural,Clear,Video,2.0,1.0,95.5,18.7
User_151,22,151,1,3,78.45,0.682,Rural,Rain,Emergency,1.0,2.0,69.5,31.58
User_152,22,152,7,1,83.66,0.353,Rural,Clear,Emergency,1.0,5.0,25.67,16.8
User_153,22,153,0,2,67.47,0.396,Rural,Fog,Emergency,5.0,2.0,69.5,26.96
User_154,22,154,7,3,46.38,0.066,Urban,Rain,Sensor,4.0,6.0,100.0,23.38
User_155,22,155,6,2,109.28,0.302,Urban,Rain,Sensor,5.0,6.0,100.0,23.81
User_156,22,156,5,3,46.21,0.289,Highway,Clear,Emergency,1.0,5.0,25.67,22.72
User_157,22,157,4,2,43.83,0.078,Urban,Clear,Text,2.0,6.0,100.0,18.48
User_158,22,158,7,1,48.99,0.538,Urban,Clear,Text,5.0,5.0,25.67,20.54
User_159,22,159,1,3,79.31,0.695,Highway,Rain,Video,4.0,2.0,69.5,29.8
User_160,22,160,5,1,93.88,0.336,Urban,Rain,Sensor,1.0,6.0,100.0,28.86
User_161,22,161,2,2,46.66,0.455,Rural,Rain,Emergency,3.0,2.0,69.5,27.22
User_162,22,162,4,2,123.87,0.804,Urban,Rain,Video,4.0,6.0,100.0,36.78
User_163,22,163,3,1,24.45,0.07,Highway,Fog,Text,4.0,1.0,95.5,28.78
User_164,22,164,5,3,22.87,0.665,Highway,Fog,Text,3.0,6.0,100.0,32.66
User_165,22,165,4,0,84.27,0.682,Rural,Rain,Text,1.0,5.0,25.67,36.76
User_166,22,166,6,2,64.8,0.727,Urban,Rain,Video,3.0,6.0,100.0,28.85
User_167,22,167,4,0,70.6,0.466,Highway,Rain,Video,3.0,6.0,100.0,31.11
User_168,22,168,1,1,61.26,0.736,Highway,Rain,Emergency,5.0,1.0,95.5,29.88
User_169,22,169,1,3,13.65,0.432,Rural,Clear,Video,1.0,2.0,69.5,20.89
User_170,22,170,6,0,32.37,0.404,Rural,Fog,Video,1.0,5.0,25.67,31.03
User_171,22,171,4,2,35.0,0.714,Rural,Rain,Emergency,2.0,6.0,100.0,30.76
User_172,22,172,3,3,80.27,0.445,Highway,Fog,Video,4.0,2.0,69.5,36.08
User_173,22,173,5,1,27.89,0.622,Urban,Fog,Video,2.0,6.0,100.0,36.17
User_174,22,174,5,1,55.85,0.034,Highway,Fog,Text,5.0,3.0,100.0,24.19
User_175,22,175,1,3,20.34,0.737,Rural,Fog,Video,2.0,2.0,69.5,35.67
User_176,22,176,4,2,69.05,0.759,Rural,Fog,Text,1.0,5.0,25.67,42.46
User_177,22,177,5,1,46.51,0.633,Urban,Clear,Sensor,2.0,3.0,100.0,26.89
User_178,22,178,1,1,37.73,0.456,Highway,Rain,Video,2.0,1.0,95.5,24.97
User_179,22,179,4,0,94.34,0.573,Highway,Rain,Video,5.0,3.0,100.0,28.43
User_180,22,180,1,3,92.4,0.697,Rural,Clear,Text,1.0,2.0,69.5,27.23
User_181,22,181,4,0,75.8,0.321,Rural,Fog,Text,2.0,6.0,100.0,36.09
User_182,22,182,5,3,44.65,0.565,Rural,Fog,Emergency,4.0,6.0,100.0,33.81
User_183,22,183,4,0,52.1,0.654,Highway,Clear,Emergency,2.0,6.0,100.0,28.37
User_184,22,184,1,3,58.97,0.297,Rural,Fog,Text,4.0,2.0,69.5,30.22
User_185,22,185,7,3,30.49,0.591,Rural,Clear,Video,2.0,6.0,100.0,23.78
User_186,22,186,5,1,21.07,0.322,Highway,Fog,Sensor,5.0,3.0,100.0,27.46
User_187,22,187,1,3,28.55,0.482,Highway,Rain,Video,1.0,2.0,69.5,25.09
User_188,22,188,4,2,39.94,0.797,Rural,Fog,Sensor,1.0,5.0,25.67,42.15
User_189,22,189,3,3,24.82,0.072,Highway,Clear,Sensor,1.0,2.0,69.5,18.82
User_190,22,190,3,3,56.08,0.798,Rural,Fog,Text,1.0,2.0,69.5,42.65
User_191,22,191,4,0,34.65,0.335,Rural,Fog,Sensor,1.0,5.0,25.67,35.06
User_192,22,192,3,3,42.05,0.472,Rural,Clear,Emergency,5.0,4.0,100.0,22.34
User_193,22,193,3,1,140.0,0.674,Urban,Clear,Text,4.0,1.0,95.5,35.31
User_194,22,194,7,1,82.91,0.868,Highway,Clear,Video,3.0,5.0,25.67,22.51
User_195,22,195,7,3,93.83,0.436,Highway,Clear,Sensor,3.0,6.0,100.0,21.35
User_196,22,196,0,2,77.21,0.63,Rural,Clear,Text,3.0,2.0,69.5,20.77
User_197,22,197,2,2,46.81,0.463,Rural,Clear,Video,3.0,2.0,69.5,22.35
User_198,22,198,4,2,44.05,0.894,Urban,Rain,Video,2.0,6.0,100.0,35.73
User_199,22,199,4,2,76.37,0.385,Rural,Fog,Sensor,3.0,6.0,100.0,32.07
User_200,22,200,1,1,33.48,0.825,Rural,Clear,Emergency,2.0,1.0,95.5,27.38
User_201,22,201,4,0,47.9,0.309,Urban,Fog,Text,4.0,3.0,100.0,32.07
User_202,22,202,7,1,28.73,0.574,Rural,Fog,Video,1.0,5.0,25.67,28.47
User_203,22,203,0,0,50.3,0.455,Urban,Clear,Video,3.0,1.0,95.5,19.33
User_204,22,204,1,3,49.21,0.287,Highway,Clear,Text,1.0,2.0,69.5,17.78
User_205,22,205,6,0,17.43,0.942,Highway,Rain,Text,5.0,3.0,100.0,26.65
User_206,22,206,6,2,63.02,0.44,Urban,Fog,Sensor,2.0,6.0,100.0,29.49
User_7,23,7,2,0,79.49,0.528,Urban,Rain,Emergency,3.0,1.0,95.5,31.3
User_8,23,8,5,3,69.55,0.416,Rural,Clear,Emergency,3.0,6.0,100.0,22.33
User_9,23,9,6,2,50.68,0.364,Rural,Fog,Sensor,5.0,6.0,100.0,25.98
User_10,23,10,6,2,34.78,0.818,Highway,Rain,Sensor,3.0,6.0,100.0,25.31
User_11,23,11,7,3,27.75,0.342,Highway,Fog,Sensor,5.0,6.0,100.0,27.96
User_12,23,12,4,0,63.73,0.264,Highway,Clear,Emergency,5.0,3.0,100.0,17.87
User_13,23,13,6,0,87.76,0.333,Rural,Clear,Video,4.0,3.0,100.0,16.63
User_14,23,14,0,0,49.69,0.198,Highway,Rain,Sensor,5.0,1.0,95.5,16.46
User_15,23,15,4,0,75.0,0.652,Rural,Fog,Text,4.0,3.0,100.0,36.03
User_16,23,16,7,1,70.0,0.695,Urban,Rain,Text,5.0,5.0,25.67,28.52
User_17,23,17,7,3,31.04,0.159,Highway,Fog,Video,1.0,6.0,100.0,25.32
User_18,23,18,7,1,45.83,0.125,Highway,Rain,Text,1.0,5.0,25.67,15.25
User_19,23,19,0,0,61.96,0.876,Rural,Clear,Emergency,4.0,1.0,95.5,24.0
User_20,23,20,7,1,108.65,0.444,Highway,Rain,Video,4.0,5.0,25.67,21.92
User_21,23,21,1,1,30.68,0.813,Rural,Clear,Video,5.0,1.0,95.5,27.12
User_22,23,22,3,1,51.05,0.741,Urban,Rain,Text,5.0,4.0,100.0,38.65
User_23,23,23,2,0,123.01,0.855,Highway,Rain,Sensor,4.0,1.0,95.5,33.52
User_24,23,24,3,1,32.93,0.578,Rural,Clear,Sensor,3.0,1.0,95.5,28.66
User_25,23,25,0,2,25.85,0.754,Urban,Clear,Video,3.0,2.0,69.5,23.09
User_26,23,26,1,3,68.26,0.809,Urban,Clear,Sensor,3.0,2.0,69.5,30.18
User_27,23,27,5,3,108.56,0.615,Urban,Rain,Video,1.0,6.0,100.0,33.48
User_28,23,28,4,0,57.64,0.179,Highway,Rain,Emergency,1.0,6.0,100.0,26.41
User_29,23,29,3,3,25.02,0.251,Highway,Fog,Emergency,4.0,4.0,100.0,26.52
User_30,23,30,1,1,62.26,0.239,Highway,Clear,Emergency,3.0,1.0,95.5,17.45
User_31,23,31,4,0,22.76,0.703,Urban,Clear,Emergency,5.0,3.0,100.0,27.23
User_32,23,32,0,2,140.0,0.74,Rural,Rain,Emergency,5.0,2.0,69.5,29.3
User_33,23,33,1,1,126.43,0.208,Highway,Clear,Video,4.0,1.0,95.5,18.91
User_34,23,34,4,0,44.89,0.249,Highway,Fog,Emergency,3.0,3.0,100.0,27.08
User_35,23,35,5,1,59.59,0.659,Urban,Clear,Text,4.0,3.0,100.0,27.67
User_36,23,36,6,0,66.84,0.229,Urban,Fog,Video,4.0,3.0,100.0,26.44
User_37,23,37,3,3,28.87,0.607,Rural,Rain,Emergency,5.0,4.0,100.0,28.97
User_38,23,38,0,2,48.47,0.884,Urban,Rain,Emergency,5.0,2.0,69.5,30.71
User_39,23,39,3,1,46.09,0.139,Rural,Rain,Sensor,2.0,1.0,95.5,27.47
User_40,23,40,3,1,68.6,0.588,Rural,Clear,Sensor,5.0,4.0,100.0,29.88
User_41,23,41,2,2,57.05,0.503,Rural,Clear,Text,5.0,4.0,100.0,23.26
User_42,23,42,7,3,75.42,0.555,Urban,Rain,Video,3.0,6.0,100.0,31.59
User_43,23,43,4,0,74.4,0.481,Highway,Rain,Video,3.0,3.0,100.0,26.45
User_44,23,44,5,3,109.22,0.505,Highway,Fog,Emergency,4.0,6.0,100.0,32.85
User_45,23,45,3,3,33.74,0.308,Rural,Rain,Emergency,2.0,2.0,69.5,29.63
User_46,23,46,6,2,61.02,0.356,Rural,Rain,Video,5.0,6.0,100.0,21.17
User_47,23,47,1,1,15.19,0.223,Urban,Clear,Emergency,4.0,1.0,95.5,19.8
User_48,23,48,7,1,71.47,0.427,Highway,Rain,Sensor,1.0,5.0,25.67,20.55
User_49,23,49,0,0,79.85,0.629,Rural,Clear,Text,4.0,1.0,95.5,20.83
User_50,23,50,5,3,51.69,0.327,Highway,Clear,Sensor,5.0,6.0,100.0,18.46
User_51,23,51,4,2,60.88,0.825,Rural,Rain,Emergency,5.0,6.0,100.0,33.2
User_52,23,52,6,2,39.63,0.206,Rural,Fog,Text,1.0,6.0,100.0,23.28
User_53,23,53,0,2,69.79,0.196,Urban,Fog,Video,4.0,2.0,69.5,26.03
User_54,23,54,7,1,64.99,0.911,Urban,Clear,Text,2.0,5.0,25.67,26.61
User_55,23,55,7,1,51.32,0.763,Highway,Clear,Emergency,1.0,5.0,25.67,19.98
User_56,23,56,5,1,64.52,0.363,Urban,Clear,Emergency,3.0,3.0,100.0,23.38
User_57,23,57,7,1,31.74,0.384,Highway,Fog,Sensor,2.0,5.0,25.67,23.71
User_58,23,58,0,2,140.0,0.628,Urban,Fog,Video,3.0,2.0,69.5,34.62
User_59,23,59,1,1,33.99,0.425,Highway,Clear,Emergency,2.0,1.0,95.5,19.39
User_60,23,60,3,1,17.38,0.044,Highway,Clear,Sensor,4.0,4.0,100.0,18.18
User_61,23,61,4,2,40.82,0.495,Rural,Rain,Video,2.0,6.0,100.0,27.65
User_62,23,62,4,2,65.5,0.162,Highway,Clear,Sensor,4.0,6.0,100.0,16.39
User_63,23,63,1,3,105.98,0.682,Rural,Clear,Emergency,1.0,2.0,69.5,27.41
User_64,23,64,4,0,21.17,0.92,Highway,Clear,Video,5.0,3.0,100.0,26.44
User_65,23,65,3,3,50.01,0.685,Rural,Rain,Emergency,4.0,4.0,100.0,30.78
User_66,23,66,3,3,136.61,0.664,Rural,Rain,Sensor,3.0,2.0,69.5,38.06
User_67,23,67,3,3,52.99,0.357,Highway,Clear,Text,1.0,2.0,69.5,23.94
User_68,23,68,5,3,23.01,0.513,Highway,Fog,Text,3.0,6.0,100.0,30.39
User_69,23,69,5,3,66.11,0.477,Urban,Fog,Sensor,4.0,6.0,100.0,35.14
User_70,23,70,7,1,115.47,0.865,Urban,Rain,Text,5.0,5.0,25.67,32.44
User_71,23,71,7,3,62.24,0.383,Urban,Fog,Sensor,5.0,6.0,100.0,33.61
User_72,23,72,5,3,19.4,0.609,Highway,Clear,Sensor,2.0,6.0,100.0,21.72
User_73,23,73,6,2,62.24,0.717,Highway,Fog,Text,5.0,6.0,100.0,29.62
User_74,23,74,0,0,104.16,0.012,Rural,Fog,Emergency,4.0,1.0,95.5,22.3
User_75,23,75,7,1,49.72,0.868,Urban,Fog,Sensor,2.0,5.0,25.67,35.51
User_76,23,76,1,1,74.63,0.211,Highway,Clear,Emergency,3.0,1.0,95.5,17.4
User_77,23,77,3,1,29.0,0.526,Urban,Rain,Video,2.0,1.0,95.5,34.76
User_78,23,78,7,3,45.74,0.11,Urban,Fog,Emergency,3.0,6.0,100.0,29.02
User_79,23,79,6,0,36.94,0.299,Highway,Fog,Text,4.0,3.0,100.0,22.59
User_80,23,80,1,3,99.36,0.286,Urban,Rain,Text,5.0,4.0,100.0,23.27
User_81,23,81,3,1,48.24,0.126,Urban,Clear,Emergency,3.0,1.0,95.5,24.34
User_82,23,82,7,1,48.26,0.696,Highway,Fog,Sensor,4.0,5.0,25.67,28.89
User_83,23,83,7,1,54.61,0.318,Highway,Clear,Sensor,3.0,5.0,25.67,13.41
User_84,23,84,5,1,52.28,0.136,Rural,Fog,Text,3.0,6.0,100.0,27.61
User_85,23,85,6,0,28.7,0.548,Highway,Clear,Emergency,1.0,5.0,25.67,21.08
User_86,23,86,6,0,12.41,0.941,Highway,Clear,Emergency,1.0,5.0,25.67,26.49
User_87,23,87,0,2,45.0,0.715,Rural,Fog,Text,1.0,2.0,69.5,31.08
User_88,23,88,3,1,75.49,0.578,Highway,Fog,Text,1.0,1.0,95.5,37.93
User_89,23,89,6,2,40.52,0.545,Highway,Rain,Sensor,1.0,6.0,100.0,21.39
User_90,23,90,4,0,67.21,0.237,Rural,Rain,Emergency,4.0,3.0,100.0,24.57
User_91,23,91,5,1,56.28,0.415,Highway,Clear,Video,5.0,3.0,100.0,19.91
User_92,23,92,4,2,88.84,0.809,Highway,Rain,Emergency,1.0,6.0,100.0,31.8
User_93,23,93,1,3,93.03,0.21,Highway,Fog,Text,4.0,4.0,100.0,22.94
User_94,23,94,0,2,64.44,0.774,Highway,Fog,Sensor,5.0,2.0,69.5,30.54
User_95,23,95,5,3,27.92,0.12,Highway,Fog,Emergency,5.0,6.0,100.0,24.64
User_96,23,96,6,2,28.55,0.405,Urban,Rain,Text,5.0,6.0,100.0,22.93
User_97,23,97,7,1,56.03,0.415,Urban,Rain,Video,5.0,5.0,25.67,23.91
User_98,23,98,5,1,42.1,0.503,Rural,Clear,Video,3.0,6.0,100.0,22.81
User_99,23,99,0,0,31.34,0.633,Rural,Clear,Sensor,5.0,1.0,95.5,19.44
User_100,23,100,0,2,63.4,0.926,Highway,Clear,Video,3.0,2.0,69.5,22.79
User_101,23,101,4,0,54.2,0.85,Urban,Clear,Sensor,4.0,3.0,100.0,30.38
User_102,23,102,1,1,19.14,0.378,Highway,Clear,Video,3.0,1.0,95.5,18.24
User_103,23,103,3,1,69.93,0.6,Urban,Fog,Text,4.0,4.0,100.0,42.1
User_104,23,104,2,0,57.03,0.259,Highway,Fog,Video,4.0,1.0,95.5,27.6
User_105,23,105,4,0,31.72,0.762,Highway,Fog,Emergency,5.0,3.0,100.0,34.38
User_106,23,106,1,3,50.27,0.453,Urban,Clear,Sensor,2.0,2.0,69.5,24.3
User_107,23,107,3,3,73.73,0.338,Highway,Clear,Emergency,1.0,2.0,69.5,24.28
User_108,23,108,2,2,45.4,0.802,Urban,Fog,Video,5.0,4.0,100.0,39.39
User_109,23,109,0,0,54.94,0.875,Rural,Clear,Emergency,4.0,1.0,95.5,23.77
User_110,23,110,7,3,86.05,0.402,Highway,Rain,Sensor,5.0,6.0,100.0,25.61
User_111,23,111,5,1,43.99,0.862,Highway,Fog,Text,3.0,6.0,100.0,36.25
User_112,23,112,3,3,65.07,0.697,Urban,Rain,Text,5.0,4.0,100.0,33.41
User_113,23,113,6,2,51.91,0.609,Highway,Rain,Sensor,4.0,6.0,100.0,22.69
User_114,23,114,3,1,55.09,0.486,Urban,Fog,Text,3.0,1.0,95.5,39.94
User_115,23,115,1,3,19.84,0.332,Highway,Clear,Video,4.0,4.0,100.0,12.58
User_116,23,116,4,2,74.66,0.42,Highway,Clear,Emergency,4.0,6.0,100.0,20.54
User_117,23,117,6,2,41.84,0.246,Highway,Fog,Emergency,2.0,6.0,100.0,21.95
User_118,23,118,3,3,77.6,0.448,Urban,Clear,Sensor,5.0,4.0,100.0,25.05
User_119,23,119,5,3,49.34,0.623,Urban,Clear,Emergency,4.0,6.0,100.0,26.83
User_120,23,120,1,1,108.23,0.693,Urban,Rain,Sensor,2.0,1.0,95.5,34.64
User_121,23,121,4,0,49.54,0.651,Highway,Rain,Emergency,1.0,6.0,100.0,33.25
User_122,23,122,2,2,62.3,0.558,Rural,Rain,Emergency,2.0,2.0,69.5,29.24
User_123,23,123,6,2,47.43,0.468,Highway,Fog,Emergency,1.0,5.0,25.67,30.44
User_124,23,124,0,2,87.97,0.583,Rural,Fog,Video,4.0,2.0,69.5,30.38
User_125,23,125,3,1,35.19,0.692,Highway,Fog,Emergency,5.0,4.0,100.0,38.44
User_126,23,126,4,0,45.26,0.292,Highway,Fog,Text,5.0,3.0,100.0,27.74
User_127,23,127,2,0,123.18,0.644,Urban,Fog,Video,4.0,1.0,95.5,39.36
User_128,23,128,2,0,56.79,0.237,Rural,Rain,Sensor,3.0,1.0,95.5,24.26
User_129,23,129,4,2,77.3,0.265,Rural,Fog,Video,4.0,6.0,100.0,30.29
User_130,23,130,4,0,58.24,0.912,Urban,Rain,Emergency,1.0,5.0,25.67,41.43
User_131,23,131,7,3,31.28,0.86,Rural,Rain,Sensor,4.0,6.0,100.0,32.84
User_132,23,132,7,1,52.6,0.283,Urban,Clear,Text,2.0,5.0,25.67,16.82
User_133,23,133,7,1,75.25,0.17,Rural,Fog,Text,4.0,5.0,25.67,23.81
User_134,23,134,7,1,79.48,0.886,Rural,Fog,Emergency,5.0,5.0,25.67,34.67
User_135,23,135,5,1,67.97,0.515,Urban,Rain,Video,3.0,6.0,100.0,30.76
User_136,23,136,1,1,49.83,0.172,Highway,Rain,Emergency,3.0,1.0,95.5,21.07
User_137,23,137,6,0,101.02,0.543,Urban,Fog,Emergency,4.0,3.0,100.0,32.18
User_138,23,138,2,2,28.64,0.68,Highway,Rain,Emergency,5.0,4.0,100.0,28.06
User_139,23,139,6,0,100.44,0.591,Urban,Fog,Video,1.0,5.0,25.67,37.88
User_140,23,140,5,3,87.72,0.483,Highway,Fog,Text,4.0,6.0,100.0,31.88
User_141,23,141,2,0,42.28,0.609,Urban,Clear,Sensor,1.0,1.0,95.5,26.4
User_142,23,142,3,3,73.87,0.663,Urban,Fog,Emergency,1.0,2.0,69.5,43.16
User_143,23,143,2,2,66.12,0.953,Urban,Clear,Video,4.0,4.0,100.0,32.28
User_144,23,144,1,3,134.95,0.611,Rural,Clear,Emergency,5.0,4.0,100.0,22.21
User_145,23,145,6,0,38.11,0.811,Urban,Rain,Emergency,5.0,3.0,100.0,29.31
User_146,23,146,2,2,98.56,0.3,Urban,Clear,Text,4.0,2.0,69.5,23.46
User_147,23,147,6,2,49.37,0.311,Highway,Rain,Sensor,5.0,6.0,100.0,18.15
User_148,23,148,2,2,63.85,0.869,Urban,Rain,Video,3.0,2.0,69.5,35.95
User_149,23,149,6,0,127.56,0.655,Highway,Rain,Sensor,5.0,3.0,100.0,25.65
User_150,23,150,0,0,140.0,0.367,Rural,Clear,Video,2.0,1.0,95.5,18.7
User_151,23,151,1,3,78.45,0.682,Rural,Rain,Emergency,1.0,2.0,69.5,31.58
User_152,23,152,7,1,83.66,0.353,Rural,Clear,Emergency,1.0,5.0,25.67,16.8
User_153,23,153,0,2,67.47,0.396,Rural,Fog,Emergency,5.0,2.0,69.5,26.96
User_154,23,154,7,3,46.38,0.066,Urban,Rain,Sensor,4.0,6.0,100.0,23.38
User_155,23,155,6,2,109.28,0.302,Urban,Rain,Sensor,5.0,6.0,100.0,23.81
User_156,23,156,5,3,46.21,0.289,Highway,Clear,Emergency,1.0,5.0,25.67,22.72
User_157,23,157,4,2,43.83,0.078,Urban,Clear,Text,2.0,6.0,100.0,18.48
User_158,23,158,7,1,48.99,0.538,Urban,Clear,Text,5.0,5.0,25.67,20.54
User_159,23,159,1,3,79.31,0.695,Highway,Rain,Video,4.0,2.0,69.5,29.8
User_160,23,160,5,1,93.88,0.336,Urban,Rain,Sensor,1.0,6.0,100.0,28.86
User_161,23,161,2,2,46.66,0.455,Rural,Rain,Emergency,3.0,2.0,69.5,27.22
User_162,23,162,4,2,123.87,0.804,Urban,Rain,Video,4.0,6.0,100.0,36.78
User_163,23,163,3,1,24.45,0.07,Highway,Fog,Text,4.0,1.0,95.5,28.78
User_164,23,164,5,3,22.87,0.665,Highway,Fog,Text,3.0,6.0,100.0,32.66
User_165,23,165,4,0,84.27,0.682,Rural,Rain,Text,1.0,5.0,25.67,36.76
User_166,23,166,6,2,64.8,0.727,Urban,Rain,Video,3.0,6.0,100.0,28.85
User_167,23,167,4,0,70.6,0.466,Highway,Rain,Video,3.0,6.0,100.0,31.11
User_168,23,168,1,1,61.26,0.736,Highway,Rain,Emergency,5.0,1.0,95.5,29.88
User_169,23,169,1,3,13.65,0.432,Rural,Clear,Video,1.0,2.0,69.5,20.89
User_170,23,170,6,0,32.37,0.404,Rural,Fog,Video,1.0,5.0,25.67,31.03
User_171,23,171,4,2,35.0,0.714,Rural,Rain,Emergency,2.0,6.0,100.0,30.76
User_172,23,172,3,3,80.27,0.445,Highway,Fog,Video,4.0,2.0,69.5,36.08
User_173,23,173,5,1,27.89,0.622,Urban,Fog,Video,2.0,6.0,100.0,36.17
User_174,23,174,5,1,55.85,0.034,Highway,Fog,Text,5.0,3.0,100.0,24.19
User_175,23,175,1,3,20.34,0.737,Rural,Fog,Video,2.0,2.0,69.5,35.67
User_176,23,176,4,2,69.05,0.759,Rural,Fog,Text,1.0,5.0,25.67,42.46
User_177,23,177,5,1,46.51,0.633,Urban,Clear,Sensor,2.0,3.0,100.0,26.89
User_178,23,178,1,1,37.73,0.456,Highway,Rain,Video,2.0,1.0,95.5,24.97
User_179,23,179,4,0,94.34,0.573,Highway,Rain,Video,5.0,3.0,100.0,28.43
User_180,23,180,1,3,92.4,0.697,Rural,Clear,Text,1.0,2.0,69.5,27.23
User_181,23,181,4,0,75.8,0.321,Rural,Fog,Text,2.0,6.0,100.0,36.09
User_182,23,182,5,3,44.65,0.565,Rural,Fog,Emergency,4.0,6.0,100.0,33.81
User_183,23,183,4,0,52.1,0.654,Highway,Clear,Emergency,2.0,6.0,100.0,28.37
User_184,23,184,1,3,58.97,0.297,Rural,Fog,Text,4.0,2.0,69.5,30.22
User_185,23,185,7,3,30.49,0.591,Rural,Clear,Video,2.0,6.0,100.0,23.78
User_186,23,186,5,1,21.07,0.322,Highway,Fog,Sensor,5.0,3.0,100.0,27.46
User_187,23,187,1,3,28.55,0.482,Highway,Rain,Video,1.0,2.0,69.5,25.09
User_188,23,188,4,2,39.94,0.797,Rural,Fog,Sensor,1.0,5.0,25.67,42.15
User_189,23,189,3,3,24.82,0.072,Highway,Clear,Sensor,1.0,2.0,69.5,18.82
User_190,23,190,3,3,56.08,0.798,Rural,Fog,Text,1.0,2.0,69.5,42.65
User_191,23,191,4,0,34.65,0.335,Rural,Fog,Sensor,1.0,5.0,25.67,35.06
User_192,23,192,3,3,42.05,0.472,Rural,Clear,Emergency,5.0,4.0,100.0,22.34
User_193,23,193,3,1,140.0,0.674,Urban,Clear,Text,4.0,1.0,95.5,35.31
User_194,23,194,7,1,82.91,0.868,Highway,Clear,Video,3.0,5.0,25.67,22.51
User_195,23,195,7,3,93.83,0.436,Highway,Clear,Sensor,3.0,6.0,100.0,21.35
User_196,23,196,0,2,77.21,0.63,Rural,Clear,Text,3.0,2.0,69.5,20.77
User_197,23,197,2,2,46.81,0.463,Rural,Clear,Video,3.0,2.0,69.5,22.35
User_198,23,198,4,2,44.05,0.894,Urban,Rain,Video,2.0,6.0,100.0,35.73
User_199,23,199,4,2,76.37,0.385,Rural,Fog,Sensor,3.0,6.0,100.0,32.07
User_200,23,200,1,1,33.48,0.825,Rural,Clear,Emergency,2.0,1.0,95.5,27.38
User_201,23,201,4,0,47.9,0.309,Urban,Fog,Text,4.0,3.0,100.0,32.07
User_202,23,202,7,1,28.73,0.574,Rural,Fog,Video,1.0,5.0,25.67,28.47
User_203,23,203,0,0,50.3,0.455,Urban,Clear,Video,3.0,1.0,95.5,19.33
User_204,23,204,1,3,49.21,0.287,Highway,Clear,Text,1.0,2.0,69.5,17.78
User_205,23,205,6,0,17.43,0.942,Highway,Rain,Text,5.0,3.0,100.0,26.65
User_206,23,206,6,2,63.02,0.44,Urban,Fog,Sensor,2.0,6.0,100.0,29.49
User_7,24,7,2,0,79.49,0.528,Urban,Rain,Emergency,3.0,1.0,95.5,31.3
User_8,24,8,5,3,69.55,0.416,Rural,Clear,Emergency,3.0,6.0,100.0,22.33
User_9,24,9,6,2,50.68,0.364,Rural,Fog,Sensor,5.0,6.0,100.0,25.98
User_10,24,10,6,2,34.78,0.818,Highway,Rain,Sensor,3.0,6.0,100.0,25.31
User_11,24,11,7,3,27.75,0.342,Highway,Fog,Sensor,5.0,6.0,100.0,27.96
User_12,24,12,4,0,63.73,0.264,Highway,Clear,Emergency,5.0,3.0,100.0,17.87
User_13,24,13,6,0,87.76,0.333,Rural,Clear,Video,4.0,3.0,100.0,16.63
User_14,24,14,0,0,49.69,0.198,Highway,Rain,Sensor,5.0,1.0,95.5,16.46
User_15,24,15,4,0,75.0,0.652,Rural,Fog,Text,4.0,3.0,100.0,36.03
User_16,24,16,7,1,70.0,0.695,Urban,Rain,Text,5.0,5.0,25.67,28.52
User_17,24,17,7,3,31.04,0.159,Highway,Fog,Video,1.0,6.0,100.0,25.32
User_18,24,18,7,1,45.83,0.125,Highway,Rain,Text,1.0,5.0,25.67,15.25
User_19,24,19,0,0,61.96,0.876,Rural,Clear,Emergency,4.0,1.0,95.5,24.0
User_20,24,20,7,1,108.65,0.444,Highway,Rain,Video,4.0,5.0,25.67,21.92
User_21,24,21,1,1,30.68,0.813,Rural,Clear,Video,5.0,1.0,95.5,27.12
User_22,24,22,3,1,51.05,0.741,Urban,Rain,Text,5.0,4.0,100.0,38.65
User_23,24,23,2,0,123.01,0.855,Highway,Rain,Sensor,4.0,1.0,95.5,33.52
User_24,24,24,3,1,32.93,0.578,Rural,Clear,Sensor,3.0,1.0,95.5,28.66
User_25,24,25,0,2,25.85,0.754,Urban,Clear,Video,3.0,2.0,69.5,23.09
User_26,24,26,1,3,68.26,0.809,Urban,Clear,Sensor,3.0,2.0,69.5,30.18
User_27,24,27,5,3,108.56,0.615,Urban,Rain,Video,1.0,6.0,100.0,33.48
User_28,24,28,4,0,57.64,0.179,Highway,Rain,Emergency,1.0,6.0,100.0,26.41
User_29,24,29,3,3,25.02,0.251,Highway,Fog,Emergency,4.0,4.0,100.0,26.52
User_30,24,30,1,1,62.26,0.239,Highway,Clear,Emergency,3.0,1.0,95.5,17.45
User_31,24,31,4,0,22.76,0.703,Urban,Clear,Emergency,5.0,3.0,100.0,27.23
User_32,24,32,0,2,140.0,0.74,Rural,Rain,Emergency,5.0,2.0,69.5,29.3
User_33,24,33,1,1,126.43,0.208,Highway,Clear,Video,4.0,1.0,95.5,18.91
User_34,24,34,4,0,44.89,0.249,Highway,Fog,Emergency,3.0,3.0,100.0,27.08
User_35,24,35,5,1,59.59,0.659,Urban,Clear,Text,4.0,3.0,100.0,27.67
User_36,24,36,6,0,66.84,0.229,Urban,Fog,Video,4.0,3.0,100.0,26.44
User_37,24,37,3,3,28.87,0.607,Rural,Rain,Emergency,5.0,4.0,100.0,28.97
User_38,24,38,0,2,48.47,0.884,Urban,Rain,Emergency,5.0,2.0,69.5,30.71
User_39,24,39,3,1,46.09,0.139,Rural,Rain,Sensor,2.0,1.0,95.5,27.47
User_40,24,40,3,1,68.6,0.588,Rural,Clear,Sensor,5.0,4.0,100.0,29.88
User_41,24,41,2,2,57.05,0.503,Rural,Clear,Text,5.0,4.0,100.0,23.26
User_42,24,42,7,3,75.42,0.555,Urban,Rain,Video,3.0,6.0,100.0,31.59
User_43,24,43,4,0,74.4,0.481,Highway,Rain,Video,3.0,3.0,100.0,26.45
User_44,24,44,5,3,109.22,0.505,Highway,Fog,Emergency,4.0,6.0,100.0,32.85
User_45,24,45,3,3,33.74,0.308,Rural,Rain,Emergency,2.0,2.0,69.5,29.63
User_46,24,46,6,2,61.02,0.356,Rural,Rain,Video,5.0,6.0,100.0,21.17
User_47,24,47,1,1,15.19,0.223,Urban,Clear,Emergency,4.0,1.0,95.5,19.8
User_48,24,48,7,1,71.47,0.427,Highway,Rain,Sensor,1.0,5.0,25.67,20.55
User_49,24,49,0,0,79.85,0.629,Rural,Clear,Text,4.0,1.0,95.5,20.83
User_50,24,50,5,3,51.69,0.327,Highway,Clear,Sensor,5.0,6.0,100.0,18.46
User_51,24,51,4,2,60.88,0.825,Rural,Rain,Emergency,5.0,6.0,100.0,33.2
User_52,24,52,6,2,39.63,0.206,Rural,Fog,Text,1.0,6.0,100.0,23.28
User_53,24,53,0,2,69.79,0.196,Urban,Fog,Video,4.0,2.0,69.5,26.03
User_54,24,54,7,1,64.99,0.911,Urban,Clear,Text,2.0,5.0,25.67,26.61
User_55,24,55,7,1,51.32,0.763,Highway,Clear,Emergency,1.0,5.0,25.67,19.98
User_56,24,56,5,1,64.52,0.363,Urban,Clear,Emergency,3.0,3.0,100.0,23.38
User_57,24,57,7,1,31.74,0.384,Highway,Fog,Sensor,2.0,5.0,25.67,23.71
User_58,24,58,0,2,140.0,0.628,Urban,Fog,Video,3.0,2.0,69.5,34.62
User_59,24,59,1,1,33.99,0.425,Highway,Clear,Emergency,2.0,1.0,95.5,19.39
User_60,24,60,3,1,17.38,0.044,Highway,Clear,Sensor,4.0,4.0,100.0,18.18
User_61,24,61,4,2,40.82,0.495,Rural,Rain,Video,2.0,6.0,100.0,27.65
User_62,24,62,4,2,65.5,0.162,Highway,Clear,Sensor,4.0,6.0,100.0,16.39
User_63,24,63,1,3,105.98,0.682,Rural,Clear,Emergency,1.0,2.0,69.5,27.41
User_64,24,64,4,0,21.17,0.92,Highway,Clear,Video,5.0,3.0,100.0,26.44
User_65,24,65,3,3,50.01,0.685,Rural,Rain,Emergency,4.0,4.0,100.0,30.78
User_66,24,66,3,3,136.61,0.664,Rural,Rain,Sensor,3.0,2.0,69.5,38.06
User_67,24,67,3,3,52.99,0.357,Highway,Clear,Text,1.0,2.0,69.5,23.94
User_68,24,68,5,3,23.01,0.513,Highway,Fog,Text,3.0,6.0,100.0,30.39
User_69,24,69,5,3,66.11,0.477,Urban,Fog,Sensor,4.0,6.0,100.0,35.14
User_70,24,70,7,1,115.47,0.865,Urban,Rain,Text,5.0,5.0,25.67,32.44
User_71,24,71,7,3,62.24,0.383,Urban,Fog,Sensor,5.0,6.0,100.0,33.61
User_72,24,72,5,3,19.4,0.609,Highway,Clear,Sensor,2.0,6.0,100.0,21.72
User_73,24,73,6,2,62.24,0.717,Highway,Fog,Text,5.0,6.0,100.0,29.62
User_74,24,74,0,0,104.16,0.012,Rural,Fog,Emergency,4.0,1.0,95.5,22.3
User_75,24,75,7,1,49.72,0.868,Urban,Fog,Sensor,2.0,5.0,25.67,35.51
User_76,24,76,1,1,74.63,0.211,Highway,Clear,Emergency,3.0,1.0,95.5,17.4
User_77,24,77,3,1,29.0,0.526,Urban,Rain,Video,2.0,1.0,95.5,34.76
User_78,24,78,7,3,45.74,0.11,Urban,Fog,Emergency,3.0,6.0,100.0,29.02
User_79,24,79,6,0,36.94,0.299,Highway,Fog,Text,4.0,3.0,100.0,22.59
User_80,24,80,1,3,99.36,0.286,Urban,Rain,Text,5.0,4.0,100.0,23.27
User_81,24,81,3,1,48.24,0.126,Urban,Clear,Emergency,3.0,1.0,95.5,24.34
User_82,24,82,7,1,48.26,0.696,Highway,Fog,Sensor,4.0,5.0,25.67,28.89
User_83,24,83,7,1,54.61,0.318,Highway,Clear,Sensor,3.0,5.0,25.67,13.41
User_84,24,84,5,1,52.28,0.136,Rural,Fog,Text,3.0,6.0,100.0,27.61
User_85,24,85,6,0,28.7,0.548,Highway,Clear,Emergency,1.0,5.0,25.67,21.08
User_86,24,86,6,0,12.41,0.941,Highway,Clear,Emergency,1.0,5.0,25.67,26.49
User_87,24,87,0,2,45.0,0.715,Rural,Fog,Text,1.0,2.0,69.5,31.08
User_88,24,88,3,1,75.49,0.578,Highway,Fog,Text,1.0,1.0,95.5,37.93
User_89,24,89,6,2,40.52,0.545,Highway,Rain,Sensor,1.0,6.0,100.0,21.39
User_90,24,90,4,0,67.21,0.237,Rural,Rain,Emergency,4.0,3.0,100.0,24.57
User_91,24,91,5,1,56.28,0.415,Highway,Clear,Video,5.0,3.0,100.0,19.91
User_92,24,92,4,2,88.84,0.809,Highway,Rain,Emergency,1.0,6.0,100.0,31.8
User_93,24,93,1,3,93.03,0.21,Highway,Fog,Text,4.0,4.0,100.0,22.94
User_94,24,94,0,2,64.44,0.774,Highway,Fog,Sensor,5.0,2.0,69.5,30.54
User_95,24,95,5,3,27.92,0.12,Highway,Fog,Emergency,5.0,6.0,100.0,24.64
User_96,24,96,6,2,28.55,0.405,Urban,Rain,Text,5.0,6.0,100.0,22.93
User_97,24,97,7,1,56.03,0.415,Urban,Rain,Video,5.0,5.0,25.67,23.91
User_98,24,98,5,1,42.1,0.503,Rural,Clear,Video,3.0,6.0,100.0,22.81
User_99,24,99,0,0,31.34,0.633,Rural,Clear,Sensor,5.0,1.0,95.5,19.44
User_100,24,100,0,2,63.4,0.926,Highway,Clear,Video,3.0,2.0,69.5,22.79
User_101,24,101,4,0,54.2,0.85,Urban,Clear,Sensor,4.0,3.0,100.0,30.38
User_102,24,102,1,1,19.14,0.378,Highway,Clear,Video,3.0,1.0,95.5,18.24
User_103,24,103,3,1,69.93,0.6,Urban,Fog,Text,4.0,4.0,100.0,42.1
User_104,24,104,2,0,57.03,0.259,Highway,Fog,Video,4.0,1.0,95.5,27.6
User_105,24,105,4,0,31.72,0.762,Highway,Fog,Emergency,5.0,3.0,100.0,34.38
User_106,24,106,1,3,50.27,0.453,Urban,Clear,Sensor,2.0,2.0,69.5,24.3
User_107,24,107,3,3,73.73,0.338,Highway,Clear,Emergency,1.0,2.0,69.5,24.28
User_108,24,108,2,2,45.4,0.802,Urban,Fog,Video,5.0,4.0,100.0,39.39
User_109,24,109,0,0,54.94,0.875,Rural,Clear,Emergency,4.0,1.0,95.5,23.77
User_110,24,110,7,3,86.05,0.402,Highway,Rain,Sensor,5.0,6.0,100.0,25.61
User_111,24,111,5,1,43.99,0.862,Highway,Fog,Text,3.0,6.0,100.0,36.25
User_112,24,112,3,3,65.07,0.697,Urban,Rain,Text,5.0,4.0,100.0,33.41
User_113,24,113,6,2,51.91,0.609,Highway,Rain,Sensor,4.0,6.0,100.0,22.69
User_114,24,114,3,1,55.09,0.486,Urban,Fog,Text,3.0,1.0,95.5,39.94
User_115,24,115,1,3,19.84,0.332,Highway,Clear,Video,4.0,4.0,100.0,12.58
User_116,24,116,4,2,74.66,0.42,Highway,Clear,Emergency,4.0,6.0,100.0,20.54
User_117,24,117,6,2,41.84,0.246,Highway,Fog,Emergency,2.0,6.0,100.0,21.95
User_118,24,118,3,3,77.6,0.448,Urban,Clear,Sensor,5.0,4.0,100.0,25.05
User_119,24,119,5,3,49.34,0.623,Urban,Clear,Emergency,4.0,6.0,100.0,26.83
User_120,24,120,1,1,108.23,0.693,Urban,Rain,Sensor,2.0,1.0,95.5,34.64
User_121,24,121,4,0,49.54,0.651,Highway,Rain,Emergency,1.0,6.0,100.0,33.25
User_122,24,122,2,2,62.3,0.558,Rural,Rain,Emergency,2.0,2.0,69.5,29.24
User_123,24,123,6,2,47.43,0.468,Highway,Fog,Emergency,1.0,5.0,25.67,30.44
User_124,24,124,0,2,87.97,0.583,Rural,Fog,Video,4.0,2.0,69.5,30.38
User_125,24,125,3,1,35.19,0.692,Highway,Fog,Emergency,5.0,4.0,100.0,38.44
User_126,24,126,4,0,45.26,0.292,Highway,Fog,Text,5.0,3.0,100.0,27.74
User_127,24,127,2,0,123.18,0.644,Urban,Fog,Video,4.0,1.0,95.5,39.36
User_128,24,128,2,0,56.79,0.237,Rural,Rain,Sensor,3.0,1.0,95.5,24.26
User_129,24,129,4,2,77.3,0.265,Rural,Fog,Video,4.0,6.0,100.0,30.29
User_130,24,130,4,0,58.24,0.912,Urban,Rain,Emergency,1.0,5.0,25.67,41.43
User_131,24,131,7,3,31.28,0.86,Rural,Rain,Sensor,4.0,6.0,100.0,32.84
User_132,24,132,7,1,52.6,0.283,Urban,Clear,Text,2.0,5.0,25.67,16.82
User_133,24,133,7,1,75.25,0.17,Rural,Fog,Text,4.0,5.0,25.67,23.81
User_134,24,134,7,1,79.48,0.886,Rural,Fog,Emergency,5.0,5.0,25.67,34.67
User_135,24,135,5,1,67.97,0.515,Urban,Rain,Video,3.0,6.0,100.0,30.76
User_136,24,136,1,1,49.83,0.172,Highway,Rain,Emergency,3.0,1.0,95.5,21.07
User_137,24,137,6,0,101.02,0.543,Urban,Fog,Emergency,4.0,3.0,100.0,32.18
User_138,24,138,2,2,28.64,0.68,Highway,Rain,Emergency,5.0,4.0,100.0,28.06
User_139,24,139,6,0,100.44,0.591,Urban,Fog,Video,1.0,5.0,25.67,37.88
User_140,24,140,5,3,87.72,0.483,Highway,Fog,Text,4.0,6.0,100.0,31.88
User_141,24,141,2,0,42.28,0.609,Urban,Clear,Sensor,1.0,1.0,95.5,26.4
User_142,24,142,3,3,73.87,0.663,Urban,Fog,Emergency,1.0,2.0,69.5,43.16
User_143,24,143,2,2,66.12,0.953,Urban,Clear,Video,4.0,4.0,100.0,32.28
User_144,24,144,1,3,134.95,0.611,Rural,Clear,Emergency,5.0,4.0,100.0,22.21
User_145,24,145,6,0,38.11,0.811,Urban,Rain,Emergency,5.0,3.0,100.0,29.31
User_146,24,146,2,2,98.56,0.3,Urban,Clear,Text,4.0,2.0,69.5,23.46
User_147,24,147,6,2,49.37,0.311,Highway,Rain,Sensor,5.0,6.0,100.0,18.15
User_148,24,148,2,2,63.85,0.869,Urban,Rain,Video,3.0,2.0,69.5,35.95
User_149,24,149,6,0,127.56,0.655,Highway,Rain,Sensor,5.0,3.0,100.0,25.65
User_150,24,150,0,0,140.0,0.367,Rural,Clear,Video,2.0,1.0,95.5,18.7
User_151,24,151,1,3,78.45,0.682,Rural,Rain,Emergency,1.0,2.0,69.5,31.58
User_152,24,152,7,1,83.66,0.353,Rural,Clear,Emergency,1.0,5.0,25.67,16.8
User_153,24,153,0,2,67.47,0.396,Rural,Fog,Emergency,5.0,2.0,69.5,26.96
User_154,24,154,7,3,46.38,0.066,Urban,Rain,Sensor,4.0,6.0,100.0,23.38
User_155,24,155,6,2,109.28,0.302,Urban,Rain,Sensor,5.0,6.0,100.0,23.81
User_156,24,156,5,3,46.21,0.289,Highway,Clear,Emergency,1.0,5.0,25.67,22.72
User_157,24,157,4,2,43.83,0.078,Urban,Clear,Text,2.0,6.0,100.0,18.48
User_158,24,158,7,1,48.99,0.538,Urban,Clear,Text,5.0,5.0,25.67,20.54
User_159,24,159,1,3,79.31,0.695,Highway,Rain,Video,4.0,2.0,69.5,29.8
User_160,24,160,5,1,93.88,0.336,Urban,Rain,Sensor,1.0,6.0,100.0,28.86
User_161,24,161,2,2,46.66,0.455,Rural,Rain,Emergency,3.0,2.0,69.5,27.22
User_162,24,162,4,2,123.87,0.804,Urban,Rain,Video,4.0,6.0,100.0,36.78
User_163,24,163,3,1,24.45,0.07,Highway,Fog,Text,4.0,1.0,95.5,28.78
User_164,24,164,5,3,22.87,0.665,Highway,Fog,Text,3.0,6.0,100.0,32.66
User_165,24,165,4,0,84.27,0.682,Rural,Rain,Text,1.0,5.0,25.67,36.76
User_166,24,166,6,2,64.8,0.727,Urban,Rain,Video,3.0,6.0,100.0,28.85
User_167,24,167,4,0,70.6,0.466,Highway,Rain,Video,3.0,6.0,100.0,31.11
User_168,24,168,1,1,61.26,0.736,Highway,Rain,Emergency,5.0,1.0,95.5,29.88
User_169,24,169,1,3,13.65,0.432,Rural,Clear,Video,1.0,2.0,69.5,20.89
User_170,24,170,6,0,32.37,0.404,Rural,Fog,Video,1.0,5.0,25.67,31.03
User_171,24,171,4,2,35.0,0.714,Rural,Rain,Emergency,2.0,6.0,100.0,30.76
User_172,24,172,3,3,80.27,0.445,Highway,Fog,Video,4.0,2.0,69.5,36.08
User_173,24,173,5,1,27.89,0.622,Urban,Fog,Video,2.0,6.0,100.0,36.17
User_174,24,174,5,1,55.85,0.034,Highway,Fog,Text,5.0,3.0,100.0,24.19
User_175,24,175,1,3,20.34,0.737,Rural,Fog,Video,2.0,2.0,69.5,35.67
User_176,24,176,4,2,69.05,0.759,Rural,Fog,Text,1.0,5.0,25.67,42.46
User_177,24,177,5,1,46.51,0.633,Urban,Clear,Sensor,2.0,3.0,100.0,26.89
User_178,24,178,1,1,37.73,0.456,Highway,Rain,Video,2.0,1.0,95.5,24.97
User_179,24,179,4,0,94.34,0.573,Highway,Rain,Video,5.0,3.0,100.0,28.43
User_180,24,180,1,3,92.4,0.697,Rural,Clear,Text,1.0,2.0,69.5,27.23
User_181,24,181,4,0,75.8,0.321,Rural,Fog,Text,2.0,6.0,100.0,36.09
User_182,24,182,5,3,44.65,0.565,Rural,Fog,Emergency,4.0,6.0,100.0,33.81
User_183,24,183,4,0,52.1,0.654,Highway,Clear,Emergency,2.0,6.0,100.0,28.37
User_184,24,184,1,3,58.97,0.297,Rural,Fog,Text,4.0,2.0,69.5,30.22
User_185,24,185,7,3,30.49,0.591,Rural,Clear,Video,2.0,6.0,100.0,23.78
User_186,24,186,5,1,21.07,0.322,Highway,Fog,Sensor,5.0,3.0,100.0,27.46
User_187,24,187,1,3,28.55,0.482,Highway,Rain,Video,1.0,2.0,69.5,25.09
User_188,24,188,4,2,39.94,0.797,Rural,Fog,Sensor,1.0,5.0,25.67,42.15
User_189,24,189,3,3,24.82,0.072,Highway,Clear,Sensor,1.0,2.0,69.5,18.82
User_190,24,190,3,3,56.08,0.798,Rural,Fog,Text,1.0,2.0,69.5,42.65
User_191,24,191,4,0,34.65,0.335,Rural,Fog,Sensor,1.0,5.0,25.67,35.06
User_192,24,192,3,3,42.05,0.472,Rural,Clear,Emergency,5.0,4.0,100.0,22.34
User_193,24,193,3,1,140.0,0.674,Urban,Clear,Text,4.0,1.0,95.5,35.31
User_194,24,194,7,1,82.91,0.868,Highway,Clear,Video,3.0,5.0,25.67,22.51
User_195,24,195,7,3,93.83,0.436,Highway,Clear,Sensor,3.0,6.0,100.0,21.35
User_196,24,196,0,2,77.21,0.63,Rural,Clear,Text,3.0,2.0,69.5,20.77
User_197,24,197,2,2,46.81,0.463,Rural,Clear,Video,3.0,2.0,69.5,22.35
User_198,24,198,4,2,44.05,0.894,Urban,Rain,Video,2.0,6.0,100.0,35.73
User_199,24,199,4,2,76.37,0.385,Rural,Fog,Sensor,3.0,6.0,100.0,32.07
User_200,24,200,1,1,33.48,0.825,Rural,Clear,Emergency,2.0,1.0,95.5,27.38
User_201,24,201,4,0,47.9,0.309,Urban,Fog,Text,4.0,3.0,100.0,32.07
User_202,24,202,7,1,28.73,0.574,Rural,Fog,Video,1.0,5.0,25.67,28.47
User_203,24,203,0,0,50.3,0.455,Urban,Clear,Video,3.0,1.0,95.5,19.33
User_204,24,204,1,3,49.21,0.287,Highway,Clear,Text,1.0,2.0,69.5,17.78
User_205,24,205,6,0,17.43,0.942,Highway,Rain,Text,5.0,3.0,100.0,26.65
User_206,24,206,6,2,63.02,0.44,Urban,Fog,Sensor,2.0,6.0,100.0,29.49
User_7,25,7,2,0,79.49,0.528,Urban,Rain,Emergency,3.0,1.0,95.5,31.3
User_8,25,8,5,3,69.55,0.416,Rural,Clear,Emergency,3.0,6.0,100.0,22.33
User_9,25,9,6,2,50.68,0.364,Rural,Fog,Sensor,5.0,6.0,100.0,25.98
User_10,25,10,6,2,34.78,0.818,Highway,Rain,Sensor,3.0,6.0,100.0,25.31
User_11,25,11,7,3,27.75,0.342,Highway,Fog,Sensor,5.0,6.0,100.0,27.96
User_12,25,12,4,0,63.73,0.264,Highway,Clear,Emergency,5.0,3.0,100.0,17.87
User_13,25,13,6,0,87.76,0.333,Rural,Clear,Video,4.0,3.0,100.0,16.63
User_14,25,14,0,0,49.69,0.198,Highway,Rain,Sensor,5.0,1.0,95.5,16.46
User_15,25,15,4,0,75.0,0.652,Rural,Fog,Text,4.0,3.0,100.0,36.03
User_16,25,16,7,1,70.0,0.695,Urban,Rain,Text,5.0,5.0,25.67,28.52
User_17,25,17,7,3,31.04,0.159,Highway,Fog,Video,1.0,6.0,100.0,25.32
User_18,25,18,7,1,45.83,0.125,Highway,Rain,Text,1.0,5.0,25.67,15.25
User_19,25,19,0,0,61.96,0.876,Rural,Clear,Emergency,4.0,1.0,95.5,24.0
User_20,25,20,7,1,108.65,0.444,Highway,Rain,Video,4.0,5.0,25.67,21.92
User_21,25,21,1,1,30.68,0.813,Rural,Clear,Video,5.0,1.0,95.5,27.12
User_22,25,22,3,1,51.05,0.741,Urban,Rain,Text,5.0,4.0,100.0,38.65
User_23,25,23,2,0,123.01,0.855,Highway,Rain,Sensor,4.0,1.0,95.5,33.52
User_24,25,24,3,1,32.93,0.578,Rural,Clear,Sensor,3.0,1.0,95.5,28.66
User_25,25,25,0,2,25.85,0.754,Urban,Clear,Video,3.0,2.0,69.5,23.09
User_26,25,26,1,3,68.26,0.809,Urban,Clear,Sensor,3.0,2.0,69.5,30.18
User_27,25,27,5,3,108.56,0.615,Urban,Rain,Video,1.0,6.0,100.0,33.48
User_28,25,28,4,0,57.64,0.179,Highway,Rain,Emergency,1.0,6.0,100.0,26.41
User_29,25,29,3,3,25.02,0.251,Highway,Fog,Emergency,4.0,4.0,100.0,26.52
User_30,25,30,1,1,62.26,0.239,Highway,Clear,Emergency,3.0,1.0,95.5,17.45
User_31,25,31,4,0,22.76,0.703,Urban,Clear,Emergency,5.0,3.0,100.0,27.23
User_32,25,32,0,2,140.0,0.74,Rural,Rain,Emergency,5.0,2.0,69.5,29.3
User_33,25,33,1,1,126.43,0.208,Highway,Clear,Video,4.0,1.0,95.5,18.91
User_34,25,34,4,0,44.89,0.249,Highway,Fog,Emergency,3.0,3.0,100.0,27.08
User_35,25,35,5,1,59.59,0.659,Urban,Clear,Text,4.0,3.0,100.0,27.67
User_36,25,36,6,0,66.84,0.229,Urban,Fog,Video,4.0,3.0,100.0,26.44
User_37,25,37,3,3,28.87,0.607,Rural,Rain,Emergency,5.0,4.0,100.0,28.97
User_38,25,38,0,2,48.47,0.884,Urban,Rain,Emergency,5.0,2.0,69.5,30.71
User_39,25,39,3,1,46.09,0.139,Rural,Rain,Sensor,2.0,1.0,95.5,27.47
User_40,25,40,3,1,68.6,0.588,Rural,Clear,Sensor,5.0,4.0,100.0,29.88
User_41,25,41,2,2,57.05,0.503,Rural,Clear,Text,5.0,4.0,100.0,23.26
User_42,25,42,7,3,75.42,0.555,Urban,Rain,Video,3.0,6.0,100.0,31.59
User_43,25,43,4,0,74.4,0.481,Highway,Rain,Video,3.0,3.0,100.0,26.45
User_44,25,44,5,3,109.22,0.505,Highway,Fog,Emergency,4.0,6.0,100.0,32.85
User_45,25,45,3,3,33.74,0.308,Rural,Rain,Emergency,2.0,2.0,69.5,29.63
User_46,25,46,6,2,61.02,0.356,Rural,Rain,Video,5.0,6.0,100.0,21.17
User_47,25,47,1,1,15.19,0.223,Urban,Clear,Emergency,4.0,1.0,95.5,19.8
User_48,25,48,7,1,71.47,0.427,Highway,Rain,Sensor,1.0,5.0,25.67,20.55
User_49,25,49,0,0,79.85,0.629,Rural,Clear,Text,4.0,1.0,95.5,20.83
User_50,25,50,5,3,51.69,0.327,Highway,Clear,Sensor,5.0,6.0,100.0,18.46
User_51,25,51,4,2,60.88,0.825,Rural,Rain,Emergency,5.0,6.0,100.0,33.2
User_52,25,52,6,2,39.63,0.206,Rural,Fog,Text,1.0,6.0,100.0,23.28
User_53,25,53,0,2,69.79,0.196,Urban,Fog,Video,4.0,2.0,69.5,26.03
User_54,25,54,7,1,64.99,0.911,Urban,Clear,Text,2.0,5.0,25.67,26.61
User_55,25,55,7,1,51.32,0.763,Highway,Clear,Emergency,1.0,5.0,25.67,19.98
User_56,25,56,5,1,64.52,0.363,Urban,Clear,Emergency,3.0,3.0,100.0,23.38
User_57,25,57,7,1,31.74,0.384,Highway,Fog,Sensor,2.0,5.0,25.67,23.71
User_58,25,58,0,2,140.0,0.628,Urban,Fog,Video,3.0,2.0,69.5,34.62
User_59,25,59,1,1,33.99,0.425,Highway,Clear,Emergency,2.0,1.0,95.5,19.39
User_60,25,60,3,1,17.38,0.044,Highway,Clear,Sensor,4.0,4.0,100.0,18.18
User_61,25,61,4,2,40.82,0.495,Rural,Rain,Video,2.0,6.0,100.0,27.65
User_62,25,62,4,2,65.5,0.162,Highway,Clear,Sensor,4.0,6.0,100.0,16.39
User_63,25,63,1,3,105.98,0.682,Rural,Clear,Emergency,1.0,2.0,69.5,27.41
User_64,25,64,4,0,21.17,0.92,Highway,Clear,Video,5.0,3.0,100.0,26.44
User_65,25,65,3,3,50.01,0.685,Rural,Rain,Emergency,4.0,4.0,100.0,30.78
User_66,25,66,3,3,136.61,0.664,Rural,Rain,Sensor,3.0,2.0,69.5,38.06
User_67,25,67,3,3,52.99,0.357,Highway,Clear,Text,1.0,2.0,69.5,23.94
User_68,25,68,5,3,23.01,0.513,Highway,Fog,Text,3.0,6.0,100.0,30.39
User_69,25,69,5,3,66.11,0.477,Urban,Fog,Sensor,4.0,6.0,100.0,35.14
User_70,25,70,7,1,115.47,0.865,Urban,Rain,Text,5.0,5.0,25.67,32.44
User_71,25,71,7,3,62.24,0.383,Urban,Fog,Sensor,5.0,6.0,100.0,33.61
User_72,25,72,5,3,19.4,0.609,Highway,Clear,Sensor,2.0,6.0,100.0,21.72
User_73,25,73,6,2,62.24,0.717,Highway,Fog,Text,5.0,6.0,100.0,29.62
User_74,25,74,0,0,104.16,0.012,Rural,Fog,Emergency,4.0,1.0,95.5,22.3
User_75,25,75,7,1,49.72,0.868,Urban,Fog,Sensor,2.0,5.0,25.67,35.51
User_76,25,76,1,1,74.63,0.211,Highway,Clear,Emergency,3.0,1.0,95.5,17.4
User_77,25,77,3,1,29.0,0.526,Urban,Rain,Video,2.0,1.0,95.5,34.76
User_78,25,78,7,3,45.74,0.11,Urban,Fog,Emergency,3.0,6.0,100.0,29.02
User_79,25,79,6,0,36.94,0.299,Highway,Fog,Text,4.0,3.0,100.0,22.59
User_80,25,80,1,3,99.36,0.286,Urban,Rain,Text,5.0,4.0,100.0,23.27
User_81,25,81,3,1,48.24,0.126,Urban,Clear,Emergency,3.0,1.0,95.5,24.34
User_82,25,82,7,1,48.26,0.696,Highway,Fog,Sensor,4.0,5.0,25.67,28.89
User_83,25,83,7,1,54.61,0.318,Highway,Clear,Sensor,3.0,5.0,25.67,13.41
User_84,25,84,5,1,52.28,0.136,Rural,Fog,Text,3.0,6.0,100.0,27.61
User_85,25,85,6,0,28.7,0.548,Highway,Clear,Emergency,1.0,5.0,25.67,21.08
User_86,25,86,6,0,12.41,0.941,Highway,Clear,Emergency,1.0,5.0,25.67,26.49
User_87,25,87,0,2,45.0,0.715,Rural,Fog,Text,1.0,2.0,69.5,31.08
User_88,25,88,3,1,75.49,0.578,Highway,Fog,Text,1.0,1.0,95.5,37.93
User_89,25,89,6,2,40.52,0.545,Highway,Rain,Sensor,1.0,6.0,100.0,21.39
User_90,25,90,4,0,67.21,0.237,Rural,Rain,Emergency,4.0,3.0,100.0,24.57
User_91,25,91,5,1,56.28,0.415,Highway,Clear,Video,5.0,3.0,100.0,19.91
User_92,25,92,4,2,88.84,0.809,Highway,Rain,Emergency,1.0,6.0,100.0,31.8
User_93,25,93,1,3,93.03,0.21,Highway,Fog,Text,4.0,4.0,100.0,22.94
User_94,25,94,0,2,64.44,0.774,Highway,Fog,Sensor,5.0,2.0,69.5,30.54
User_95,25,95,5,3,27.92,0.12,Highway,Fog,Emergency,5.0,6.0,100.0,24.64
User_96,25,96,6,2,28.55,0.405,Urban,Rain,Text,5.0,6.0,100.0,22.93
User_97,25,97,7,1,56.03,0.415,Urban,Rain,Video,5.0,5.0,25.67,23.91
User_98,25,98,5,1,42.1,0.503,Rural,Clear,Video,3.0,6.0,100.0,22.81
User_99,25,99,0,0,31.34,0.633,Rural,Clear,Sensor,5.0,1.0,95.5,19.44
User_100,25,100,0,2,63.4,0.926,Highway,Clear,Video,3.0,2.0,69.5,22.79
User_101,25,101,4,0,54.2,0.85,Urban,Clear,Sensor,4.0,3.0,100.0,30.38
User_102,25,102,1,1,19.14,0.378,Highway,Clear,Video,3.0,1.0,95.5,18.24
User_103,25,103,3,1,69.93,0.6,Urban,Fog,Text,4.0,4.0,100.0,42.1
User_104,25,104,2,0,57.03,0.259,Highway,Fog,Video,4.0,1.0,95.5,27.6
User_105,25,105,4,0,31.72,0.762,Highway,Fog,Emergency,5.0,3.0,100.0,34.38
User_106,25,106,1,3,50.27,0.453,Urban,Clear,Sensor,2.0,2.0,69.5,24.3
User_107,25,107,3,3,73.73,0.338,Highway,Clear,Emergency,1.0,2.0,69.5,24.28
User_108,25,108,2,2,45.4,0.802,Urban,Fog,Video,5.0,4.0,100.0,39.39
User_109,25,109,0,0,54.94,0.875,Rural,Clear,Emergency,4.0,1.0,95.5,23.77
User_110,25,110,7,3,86.05,0.402,Highway,Rain,Sensor,5.0,6.0,100.0,25.61
User_111,25,111,5,1,43.99,0.862,Highway,Fog,Text,3.0,6.0,100.0,36.25
User_112,25,112,3,3,65.07,0.697,Urban,Rain,Text,5.0,4.0,100.0,33.41
User_113,25,113,6,2,51.91,0.609,Highway,Rain,Sensor,4.0,6.0,100.0,22.69
User_114,25,114,3,1,55.09,0.486,Urban,Fog,Text,3.0,1.0,95.5,39.94
User_115,25,115,1,3,19.84,0.332,Highway,Clear,Video,4.0,4.0,100.0,12.58
User_116,25,116,4,2,74.66,0.42,Highway,Clear,Emergency,4.0,6.0,100.0,20.54
User_117,25,117,6,2,41.84,0.246,Highway,Fog,Emergency,2.0,6.0,100.0,21.95
User_118,25,118,3,3,77.6,0.448,Urban,Clear,Sensor,5.0,4.0,100.0,25.05
User_119,25,119,5,3,49.34,0.623,Urban,Clear,Emergency,4.0,6.0,100.0,26.83
User_120,25,120,1,1,108.23,0.693,Urban,Rain,Sensor,2.0,1.0,95.5,34.64
User_121,25,121,4,0,49.54,0.651,Highway,Rain,Emergency,1.0,6.0,100.0,33.25
User_122,25,122,2,2,62.3,0.558,Rural,Rain,Emergency,2.0,2.0,69.5,29.24
User_123,25,123,6,2,47.43,0.468,Highway,Fog,Emergency,1.0,5.0,25.67,30.44
User_124,25,124,0,2,87.97,0.583,Rural,Fog,Video,4.0,2.0,69.5,30.38
User_125,25,125,3,1,35.19,0.692,Highway,Fog,Emergency,5.0,4.0,100.0,38.44
User_126,25,126,4,0,45.26,0.292,Highway,Fog,Text,5.0,3.0,100.0,27.74
User_127,25,127,2,0,123.18,0.644,Urban,Fog,Video,4.0,1.0,95.5,39.36
User_128,25,128,2,0,56.79,0.237,Rural,Rain,Sensor,3.0,1.0,95.5,24.26
User_129,25,129,4,2,77.3,0.265,Rural,Fog,Video,4.0,6.0,100.0,30.29
User_130,25,130,4,0,58.24,0.912,Urban,Rain,Emergency,1.0,5.0,25.67,41.43
User_131,25,131,7,3,31.28,0.86,Rural,Rain,Sensor,4.0,6.0,100.0,32.84
User_132,25,132,7,1,52.6,0.283,Urban,Clear,Text,2.0,5.0,25.67,16.82
User_133,25,133,7,1,75.25,0.17,Rural,Fog,Text,4.0,5.0,25.67,23.81
User_134,25,134,7,1,79.48,0.886,Rural,Fog,Emergency,5.0,5.0,25.67,34.67
User_135,25,135,5,1,67.97,0.515,Urban,Rain,Video,3.0,6.0,100.0,30.76
User_136,25,136,1,1,49.83,0.172,Highway,Rain,Emergency,3.0,1.0,95.5,21.07
User_137,25,137,6,0,101.02,0.543,Urban,Fog,Emergency,4.0,3.0,100.0,32.18
User_138,25,138,2,2,28.64,0.68,Highway,Rain,Emergency,5.0,4.0,100.0,28.06
User_139,25,139,6,0,100.44,0.591,Urban,Fog,Video,1.0,5.0,25.67,37.88
User_140,25,140,5,3,87.72,0.483,Highway,Fog,Text,4.0,6.0,100.0,31.88
User_141,25,141,2,0,42.28,0.609,Urban,Clear,Sensor,1.0,1.0,95.5,26.4
User_142,25,142,3,3,73.87,0.663,Urban,Fog,Emergency,1.0,2.0,69.5,43.16
User_143,25,143,2,2,66.12,0.953,Urban,Clear,Video,4.0,4.0,100.0,32.28
User_144,25,144,1,3,134.95,0.611,Rural,Clear,Emergency,5.0,4.0,100.0,22.21
User_145,25,145,6,0,38.11,0.811,Urban,Rain,Emergency,5.0,3.0,100.0,29.31
User_146,25,146,2,2,98.56,0.3,Urban,Clear,Text,4.0,2.0,69.5,23.46
User_147,25,147,6,2,49.37,0.311,Highway,Rain,Sensor,5.0,6.0,100.0,18.15
User_148,25,148,2,2,63.85,0.869,Urban,Rain,Video,3.0,2.0,69.5,35.95
User_149,25,149,6,0,127.56,0.655,Highway,Rain,Sensor,5.0,3.0,100.0,25.65
User_150,25,150,0,0,140.0,0.367,Rural,Clear,Video,2.0,1.0,95.5,18.7
User_151,25,151,1,3,78.45,0.682,Rural,Rain,Emergency,1.0,2.0,69.5,31.58
User_152,25,152,7,1,83.66,0.353,Rural,Clear,Emergency,1.0,5.0,25.67,16.8
User_153,25,153,0,2,67.47,0.396,Rural,Fog,Emergency,5.0,2.0,69.5,26.96
User_154,25,154,7,3,46.38,0.066,Urban,Rain,Sensor,4.0,6.0,100.0,23.38
User_155,25,155,6,2,109.28,0.302,Urban,Rain,Sensor,5.0,6.0,100.0,23.81
User_156,25,156,5,3,46.21,0.289,Highway,Clear,Emergency,1.0,5.0,25.67,22.72
User_157,25,157,4,2,43.83,0.078,Urban,Clear,Text,2.0,6.0,100.0,18.48
User_158,25,158,7,1,48.99,0.538,Urban,Clear,Text,5.0,5.0,25.67,20.54
User_159,25,159,1,3,79.31,0.695,Highway,Rain,Video,4.0,2.0,69.5,29.8
User_160,25,160,5,1,93.88,0.336,Urban,Rain,Sensor,1.0,6.0,100.0,28.86
User_161,25,161,2,2,46.66,0.455,Rural,Rain,Emergency,3.0,2.0,69.5,27.22
User_162,25,162,4,2,123.87,0.804,Urban,Rain,Video,4.0,6.0,100.0,36.78
User_163,25,163,3,1,24.45,0.07,Highway,Fog,Text,4.0,1.0,95.5,28.78
User_164,25,164,5,3,22.87,0.665,Highway,Fog,Text,3.0,6.0,100.0,32.66
User_165,25,165,4,0,84.27,0.682,Rural,Rain,Text,1.0,5.0,25.67,36.76
User_166,25,166,6,2,64.8,0.727,Urban,Rain,Video,3.0,6.0,100.0,28.85
User_167,25,167,4,0,70.6,0.466,Highway,Rain,Video,3.0,6.0,100.0,31.11
User_168,25,168,1,1,61.26,0.736,Highway,Rain,Emergency,5.0,1.0,95.5,29.88
User_169,25,169,1,3,13.65,0.432,Rural,Clear,Video,1.0,2.0,69.5,20.89
User_170,25,170,6,0,32.37,0.404,Rural,Fog,Video,1.0,5.0,25.67,31.03
User_171,25,171,4,2,35.0,0.714,Rural,Rain,Emergency,2.0,6.0,100.0,30.76
User_172,25,172,3,3,80.27,0.445,Highway,Fog,Video,4.0,2.0,69.5,36.08
User_173,25,173,5,1,27.89,0.622,Urban,Fog,Video,2.0,6.0,100.0,36.17
User_174,25,174,5,1,55.85,0.034,Highway,Fog,Text,5.0,3.0,100.0,24.19
User_175,25,175,1,3,20.34,0.737,Rural,Fog,Video,2.0,2.0,69.5,35.67
User_176,25,176,4,2,69.05,0.759,Rural,Fog,Text,1.0,5.0,25.67,42.46
User_177,25,177,5,1,46.51,0.633,Urban,Clear,Sensor,2.0,3.0,100.0,26.89
User_178,25,178,1,1,37.73,0.456,Highway,Rain,Video,2.0,1.0,95.5,24.97
User_179,25,179,4,0,94.34,0.573,Highway,Rain,Video,5.0,3.0,100.0,28.43
User_180,25,180,1,3,92.4,0.697,Rural,Clear,Text,1.0,2.0,69.5,27.23
User_181,25,181,4,0,75.8,0.321,Rural,Fog,Text,2.0,6.0,100.0,36.09
User_182,25,182,5,3,44.65,0.565,Rural,Fog,Emergency,4.0,6.0,100.0,33.81
User_183,25,183,4,0,52.1,0.654,Highway,Clear,Emergency,2.0,6.0,100.0,28.37
User_184,25,184,1,3,58.97,0.297,Rural,Fog,Text,4.0,2.0,69.5,30.22
User_185,25,185,7,3,30.49,0.591,Rural,Clear,Video,2.0,6.0,100.0,23.78
User_186,25,186,5,1,21.07,0.322,Highway,Fog,Sensor,5.0,3.0,100.0,27.46
User_187,25,187,1,3,28.55,0.482,Highway,Rain,Video,1.0,2.0,69.5,25.09
User_188,25,188,4,2,39.94,0.797,Rural,Fog,Sensor,1.0,5.0,25.67,42.15
User_189,25,189,3,3,24.82,0.072,Highway,Clear,Sensor,1.0,2.0,69.5,18.82
User_190,25,190,3,3,56.08,0.798,Rural,Fog,Text,1.0,2.0,69.5,42.65
User_191,25,191,4,0,34.65,0.335,Rural,Fog,Sensor,1.0,5.0,25.67,35.06
User_192,25,192,3,3,42.05,0.472,Rural,Clear,Emergency,5.0,4.0,100.0,22.34
User_193,25,193,3,1,140.0,0.674,Urban,Clear,Text,4.0,1.0,95.5,35.31
User_194,25,194,7,1,82.91,0.868,Highway,Clear,Video,3.0,5.0,25.67,22.51
User_195,25,195,7,3,93.83,0.436,Highway,Clear,Sensor,3.0,6.0,100.0,21.35
User_196,25,196,0,2,77.21,0.63,Rural,Clear,Text,3.0,2.0,69.5,20.77
User_197,25,197,2,2,46.81,0.463,Rural,Clear,Video,3.0,2.0,69.5,22.35
User_198,25,198,4,2,44.05,0.894,Urban,Rain,Video,2.0,6.0,100.0,35.73
User_199,25,199,4,2,76.37,0.385,Rural,Fog,Sensor,3.0,6.0,100.0,32.07
User_200,25,200,1,1,33.48,0.825,Rural,Clear,Emergency,2.0,1.0,95.5,27.38
User_201,25,201,4,0,47.9,0.309,Urban,Fog,Text,4.0,3.0,100.0,32.07
User_202,25,202,7,1,28.73,0.574,Rural,Fog,Video,1.0,5.0,25.67,28.47
User_203,25,203,0,0,50.3,0.455,Urban,Clear,Video,3.0,1.0,95.5,19.33
User_204,25,204,1,3,49.21,0.287,Highway,Clear,Text,1.0,2.0,69.5,17.78
User_205,25,205,6,0,17.43,0.942,Highway,Rain,Text,5.0,3.0,100.0,26.65
User_206,25,206,6,2,63.02,0.44,Urban,Fog,Sensor,2.0,6.0,100.0,29.49
User_7,26,7,2,0,79.49,0.528,Urban,Rain,Emergency,3.0,1.0,95.5,31.3
User_8,26,8,5,3,69.55,0.416,Rural,Clear,Emergency,3.0,6.0,100.0,22.33
User_9,26,9,6,2,50.68,0.364,Rural,Fog,Sensor,5.0,6.0,100.0,25.98
User_10,26,10,6,2,34.78,0.818,Highway,Rain,Sensor,3.0,6.0,100.0,25.31
User_11,26,11,7,3,27.75,0.342,Highway,Fog,Sensor,5.0,6.0,100.0,27.96
User_12,26,12,4,0,63.73,0.264,Highway,Clear,Emergency,5.0,3.0,100.0,17.87
User_13,26,13,6,0,87.76,0.333,Rural,Clear,Video,4.0,3.0,100.0,16.63
User_14,26,14,0,0,49.69,0.198,Highway,Rain,Sensor,5.0,1.0,95.5,16.46
User_15,26,15,4,0,75.0,0.652,Rural,Fog,Text,4.0,3.0,100.0,36.03
User_16,26,16,7,1,70.0,0.695,Urban,Rain,Text,5.0,5.0,25.67,28.52
User_17,26,17,7,3,31.04,0.159,Highway,Fog,Video,1.0,6.0,100.0,25.32
User_18,26,18,7,1,45.83,0.125,Highway,Rain,Text,1.0,5.0,25.67,15.25
User_19,26,19,0,0,61.96,0.876,Rural,Clear,Emergency,4.0,1.0,95.5,24.0
User_20,26,20,7,1,108.65,0.444,Highway,Rain,Video,4.0,5.0,25.67,21.92
User_21,26,21,1,1,30.68,0.813,Rural,Clear,Video,5.0,1.0,95.5,27.12
User_22,26,22,3,1,51.05,0.741,Urban,Rain,Text,5.0,4.0,100.0,38.65
User_23,26,23,2,0,123.01,0.855,Highway,Rain,Sensor,4.0,1.0,95.5,33.52
User_24,26,24,3,1,32.93,0.578,Rural,Clear,Sensor,3.0,1.0,95.5,28.66
User_25,26,25,0,2,25.85,0.754,Urban,Clear,Video,3.0,2.0,69.5,23.09
User_26,26,26,1,3,68.26,0.809,Urban,Clear,Sensor,3.0,2.0,69.5,30.18
User_27,26,27,5,3,108.56,0.615,Urban,Rain,Video,1.0,6.0,100.0,33.48
User_28,26,28,4,0,57.64,0.179,Highway,Rain,Emergency,1.0,6.0,100.0,26.41
User_29,26,29,3,3,25.02,0.251,Highway,Fog,Emergency,4.0,4.0,100.0,26.52
User_30,26,30,1,1,62.26,0.239,Highway,Clear,Emergency,3.0,1.0,95.5,17.45
User_31,26,31,4,0,22.76,0.703,Urban,Clear,Emergency,5.0,3.0,100.0,27.23
User_32,26,32,0,2,140.0,0.74,Rural,Rain,Emergency,5.0,2.0,69.5,29.3
User_33,26,33,1,1,126.43,0.208,Highway,Clear,Video,4.0,1.0,95.5,18.91
User_34,26,34,4,0,44.89,0.249,Highway,Fog,Emergency,3.0,3.0,100.0,27.08
User_35,26,35,5,1,59.59,0.659,Urban,Clear,Text,4.0,3.0,100.0,27.67
User_36,26,36,6,0,66.84,0.229,Urban,Fog,Video,4.0,3.0,100.0,26.44
User_37,26,37,3,3,28.87,0.607,Rural,Rain,Emergency,5.0,4.0,100.0,28.97
User_38,26,38,0,2,48.47,0.884,Urban,Rain,Emergency,5.0,2.0,69.5,30.71
User_39,26,39,3,1,46.09,0.139,Rural,Rain,Sensor,2.0,1.0,95.5,27.47
User_40,26,40,3,1,68.6,0.588,Rural,Clear,Sensor,5.0,4.0,100.0,29.88
User_41,26,41,2,2,57.05,0.503,Rural,Clear,Text,5.0,4.0,100.0,23.26
User_42,26,42,7,3,75.42,0.555,Urban,Rain,Video,3.0,6.0,100.0,31.59
User_43,26,43,4,0,74.4,0.481,Highway,Rain,Video,3.0,3.0,100.0,26.45
User_44,26,44,5,3,109.22,0.505,Highway,Fog,Emergency,4.0,6.0,100.0,32.85
User_45,26,45,3,3,33.74,0.308,Rural,Rain,Emergency,2.0,2.0,69.5,29.63
User_46,26,46,6,2,61.02,0.356,Rural,Rain,Video,5.0,6.0,100.0,21.17
User_47,26,47,1,1,15.19,0.223,Urban,Clear,Emergency,4.0,1.0,95.5,19.8
User_48,26,48,7,1,71.47,0.427,Highway,Rain,Sensor,1.0,5.0,25.67,20.55
User_49,26,49,0,0,79.85,0.629,Rural,Clear,Text,4.0,1.0,95.5,20.83
User_50,26,50,5,3,51.69,0.327,Highway,Clear,Sensor,5.0,6.0,100.0,18.46
User_51,26,51,4,2,60.88,0.825,Rural,Rain,Emergency,5.0,6.0,100.0,33.2
User_52,26,52,6,2,39.63,0.206,Rural,Fog,Text,1.0,6.0,100.0,23.28
User_53,26,53,0,2,69.79,0.196,Urban,Fog,Video,4.0,2.0,69.5,26.03
User_54,26,54,7,1,64.99,0.911,Urban,Clear,Text,2.0,5.0,25.67,26.61
User_55,26,55,7,1,51.32,0.763,Highway,Clear,Emergency,1.0,5.0,25.67,19.98
User_56,26,56,5,1,64.52,0.363,Urban,Clear,Emergency,3.0,3.0,100.0,23.38
User_57,26,57,7,1,31.74,0.384,Highway,Fog,Sensor,2.0,5.0,25.67,23.71
User_58,26,58,0,2,140.0,0.628,Urban,Fog,Video,3.0,2.0,69.5,34.62
User_59,26,59,1,1,33.99,0.425,Highway,Clear,Emergency,2.0,1.0,95.5,19.39
User_60,26,60,3,1,17.38,0.044,Highway,Clear,Sensor,4.0,4.0,100.0,18.18
User_61,26,61,4,2,40.82,0.495,Rural,Rain,Video,2.0,6.0,100.0,27.65
User_62,26,62,4,2,65.5,0.162,Highway,Clear,Sensor,4.0,6.0,100.0,16.39
User_63,26,63,1,3,105.98,0.682,Rural,Clear,Emergency,1.0,2.0,69.5,27.41
User_64,26,64,4,0,21.17,0.92,Highway,Clear,Video,5.0,3.0,100.0,26.44
User_65,26,65,3,3,50.01,0.685,Rural,Rain,Emergency,4.0,4.0,100.0,30.78
User_66,26,66,3,3,136.61,0.664,Rural,Rain,Sensor,3.0,2.0,69.5,38.06
User_67,26,67,3,3,52.99,0.357,Highway,Clear,Text,1.0,2.0,69.5,23.94
User_68,26,68,5,3,23.01,0.513,Highway,Fog,Text,3.0,6.0,100.0,30.39
User_69,26,69,5,3,66.11,0.477,Urban,Fog,Sensor,4.0,6.0,100.0,35.14
User_70,26,70,7,1,115.47,0.865,Urban,Rain,Text,5.0,5.0,25.67,32.44
User_71,26,71,7,3,62.24,0.383,Urban,Fog,Sensor,5.0,6.0,100.0,33.61
User_72,26,72,5,3,19.4,0.609,Highway,Clear,Sensor,2.0,6.0,100.0,21.72
User_73,26,73,6,2,62.24,0.717,Highway,Fog,Text,5.0,6.0,100.0,29.62
User_74,26,74,0,0,104.16,0.012,Rural,Fog,Emergency,4.0,1.0,95.5,22.3
User_75,26,75,7,1,49.72,0.868,Urban,Fog,Sensor,2.0,5.0,25.67,35.51
User_76,26,76,1,1,74.63,0.211,Highway,Clear,Emergency,3.0,1.0,95.5,17.4
User_77,26,77,3,1,29.0,0.526,Urban,Rain,Video,2.0,1.0,95.5,34.76
User_78,26,78,7,3,45.74,0.11,Urban,Fog,Emergency,3.0,6.0,100.0,29.02
User_79,26,79,6,0,36.94,0.299,Highway,Fog,Text,4.0,3.0,100.0,22.59
User_80,26,80,1,3,99.36,0.286,Urban,Rain,Text,5.0,4.0,100.0,23.27
User_81,26,81,3,1,48.24,0.126,Urban,Clear,Emergency,3.0,1.0,95.5,24.34
User_82,26,82,7,1,48.26,0.696,Highway,Fog,Sensor,4.0,5.0,25.67,28.89
User_83,26,83,7,1,54.61,0.318,Highway,Clear,Sensor,3.0,5.0,25.67,13.41
User_84,26,84,5,1,52.28,0.136,Rural,Fog,Text,3.0,6.0,100.0,27.61
User_85,26,85,6,0,28.7,0.548,Highway,Clear,Emergency,1.0,5.0,25.67,21.08
User_86,26,86,6,0,12.41,0.941,Highway,Clear,Emergency,1.0,5.0,25.67,26.49
User_87,26,87,0,2,45.0,0.715,Rural,Fog,Text,1.0,2.0,69.5,31.08
User_88,26,88,3,1,75.49,0.578,Highway,Fog,Text,1.0,1.0,95.5,37.93
User_89,26,89,6,2,40.52,0.545,Highway,Rain,Sensor,1.0,6.0,100.0,21.39
User_90,26,90,4,0,67.21,0.237,Rural,Rain,Emergency,4.0,3.0,100.0,24.57
User_91,26,91,5,1,56.28,0.415,Highway,Clear,Video,5.0,3.0,100.0,19.91
User_92,26,92,4,2,88.84,0.809,Highway,Rain,Emergency,1.0,6.0,100.0,31.8
User_93,26,93,1,3,93.03,0.21,Highway,Fog,Text,4.0,4.0,100.0,22.94
User_94,26,94,0,2,64.44,0.774,Highway,Fog,Sensor,5.0,2.0,69.5,30.54
User_95,26,95,5,3,27.92,0.12,Highway,Fog,Emergency,5.0,6.0,100.0,24.64
User_96,26,96,6,2,28.55,0.405,Urban,Rain,Text,5.0,6.0,100.0,22.93
User_97,26,97,7,1,56.03,0.415,Urban,Rain,Video,5.0,5.0,25.67,23.91
User_98,26,98,5,1,42.1,0.503,Rural,Clear,Video,3.0,6.0,100.0,22.81
User_99,26,99,0,0,31.34,0.633,Rural,Clear,Sensor,5.0,1.0,95.5,19.44
User_100,26,100,0,2,63.4,0.926,Highway,Clear,Video,3.0,2.0,69.5,22.79
User_101,26,101,4,0,54.2,0.85,Urban,Clear,Sensor,4.0,3.0,100.0,30.38
User_102,26,102,1,1,19.14,0.378,Highway,Clear,Video,3.0,1.0,95.5,18.24
User_103,26,103,3,1,69.93,0.6,Urban,Fog,Text,4.0,4.0,100.0,42.1
User_104,26,104,2,0,57.03,0.259,Highway,Fog,Video,4.0,1.0,95.5,27.6
User_105,26,105,4,0,31.72,0.762,Highway,Fog,Emergency,5.0,3.0,100.0,34.38
User_106,26,106,1,3,50.27,0.453,Urban,Clear,Sensor,2.0,2.0,69.5,24.3
User_107,26,107,3,3,73.73,0.338,Highway,Clear,Emergency,1.0,2.0,69.5,24.28
User_108,26,108,2,2,45.4,0.802,Urban,Fog,Video,5.0,4.0,100.0,39.39
User_109,26,109,0,0,54.94,0.875,Rural,Clear,Emergency,4.0,1.0,95.5,23.77
User_110,26,110,7,3,86.05,0.402,Highway,Rain,Sensor,5.0,6.0,100.0,25.61
User_111,26,111,5,1,43.99,0.862,Highway,Fog,Text,3.0,6.0,100.0,36.25
User_112,26,112,3,3,65.07,0.697,Urban,Rain,Text,5.0,4.0,100.0,33.41
User_113,26,113,6,2,51.91,0.609,Highway,Rain,Sensor,4.0,6.0,100.0,22.69
User_114,26,114,3,1,55.09,0.486,Urban,Fog,Text,3.0,1.0,95.5,39.94
User_115,26,115,1,3,19.84,0.332,Highway,Clear,Video,4.0,4.0,100.0,12.58
User_116,26,116,4,2,74.66,0.42,Highway,Clear,Emergency,4.0,6.0,100.0,20.54
User_117,26,117,6,2,41.84,0.246,Highway,Fog,Emergency,2.0,6.0,100.0,21.95
User_118,26,118,3,3,77.6,0.448,Urban,Clear,Sensor,5.0,4.0,100.0,25.05
User_119,26,119,5,3,49.34,0.623,Urban,Clear,Emergency,4.0,6.0,100.0,26.83
User_120,26,120,1,1,108.23,0.693,Urban,Rain,Sensor,2.0,1.0,95.5,34.64
User_121,26,121,4,0,49.54,0.651,Highway,Rain,Emergency,1.0,6.0,100.0,33.25
User_122,26,122,2,2,62.3,0.558,Rural,Rain,Emergency,2.0,2.0,69.5,29.24
User_123,26,123,6,2,47.43,0.468,Highway,Fog,Emergency,1.0,5.0,25.67,30.44
User_124,26,124,0,2,87.97,0.583,Rural,Fog,Video,4.0,2.0,69.5,30.38
User_125,26,125,3,1,35.19,0.692,Highway,Fog,Emergency,5.0,4.0,100.0,38.44
User_126,26,126,4,0,45.26,0.292,Highway,Fog,Text,5.0,3.0,100.0,27.74
User_127,26,127,2,0,123.18,0.644,Urban,Fog,Video,4.0,1.0,95.5,39.36
User_128,26,128,2,0,56.79,0.237,Rural,Rain,Sensor,3.0,1.0,95.5,24.26
User_129,26,129,4,2,77.3,0.265,Rural,Fog,Video,4.0,6.0,100.0,30.29
User_130,26,130,4,0,58.24,0.912,Urban,Rain,Emergency,1.0,5.0,25.67,41.43
User_131,26,131,7,3,31.28,0.86,Rural,Rain,Sensor,4.0,6.0,100.0,32.84
User_132,26,132,7,1,52.6,0.283,Urban,Clear,Text,2.0,5.0,25.67,16.82
User_133,26,133,7,1,75.25,0.17,Rural,Fog,Text,4.0,5.0,25.67,23.81
User_134,26,134,7,1,79.48,0.886,Rural,Fog,Emergency,5.0,5.0,25.67,34.67
User_135,26,135,5,1,67.97,0.515,Urban,Rain,Video,3.0,6.0,100.0,30.76
User_136,26,136,1,1,49.83,0.172,Highway,Rain,Emergency,3.0,1.0,95.5,21.07
User_137,26,137,6,0,101.02,0.543,Urban,Fog,Emergency,4.0,3.0,100.0,32.18
User_138,26,138,2,2,28.64,0.68,Highway,Rain,Emergency,5.0,4.0,100.0,28.06
User_139,26,139,6,0,100.44,0.591,Urban,Fog,Video,1.0,5.0,25.67,37.88
User_140,26,140,5,3,87.72,0.483,Highway,Fog,Text,4.0,6.0,100.0,31.88
User_141,26,141,2,0,42.28,0.609,Urban,Clear,Sensor,1.0,1.0,95.5,26.4
User_142,26,142,3,3,73.87,0.663,Urban,Fog,Emergency,1.0,2.0,69.5,43.16
User_143,26,143,2,2,66.12,0.953,Urban,Clear,Video,4.0,4.0,100.0,32.28
User_144,26,144,1,3,134.95,0.611,Rural,Clear,Emergency,5.0,4.0,100.0,22.21
User_145,26,145,6,0,38.11,0.811,Urban,Rain,Emergency,5.0,3.0,100.0,29.31
User_146,26,146,2,2,98.56,0.3,Urban,Clear,Text,4.0,2.0,69.5,23.46
User_147,26,147,6,2,49.37,0.311,Highway,Rain,Sensor,5.0,6.0,100.0,18.15
User_148,26,148,2,2,63.85,0.869,Urban,Rain,Video,3.0,2.0,69.5,35.95
User_149,26,149,6,0,127.56,0.655,Highway,Rain,Sensor,5.0,3.0,100.0,25.65
User_150,26,150,0,0,140.0,0.367,Rural,Clear,Video,2.0,1.0,95.5,18.7
User_151,26,151,1,3,78.45,0.682,Rural,Rain,Emergency,1.0,2.0,69.5,31.58
User_152,26,152,7,1,83.66,0.353,Rural,Clear,Emergency,1.0,5.0,25.67,16.8
User_153,26,153,0,2,67.47,0.396,Rural,Fog,Emergency,5.0,2.0,69.5,26.96
User_154,26,154,7,3,46.38,0.066,Urban,Rain,Sensor,4.0,6.0,100.0,23.38
User_155,26,155,6,2,109.28,0.302,Urban,Rain,Sensor,5.0,6.0,100.0,23.81
User_156,26,156,5,3,46.21,0.289,Highway,Clear,Emergency,1.0,5.0,25.67,22.72
User_157,26,157,4,2,43.83,0.078,Urban,Clear,Text,2.0,6.0,100.0,18.48
User_158,26,158,7,1,48.99,0.538,Urban,Clear,Text,5.0,5.0,25.67,20.54
User_159,26,159,1,3,79.31,0.695,Highway,Rain,Video,4.0,2.0,69.5,29.8
User_160,26,160,5,1,93.88,0.336,Urban,Rain,Sensor,1.0,6.0,100.0,28.86
User_161,26,161,2,2,46.66,0.455,Rural,Rain,Emergency,3.0,2.0,69.5,27.22
User_162,26,162,4,2,123.87,0.804,Urban,Rain,Video,4.0,6.0,100.0,36.78
User_163,26,163,3,1,24.45,0.07,Highway,Fog,Text,4.0,1.0,95.5,28.78
User_164,26,164,5,3,22.87,0.665,Highway,Fog,Text,3.0,6.0,100.0,32.66
User_165,26,165,4,0,84.27,0.682,Rural,Rain,Text,1.0,5.0,25.67,36.76
User_166,26,166,6,2,64.8,0.727,Urban,Rain,Video,3.0,6.0,100.0,28.85
User_167,26,167,4,0,70.6,0.466,Highway,Rain,Video,3.0,6.0,100.0,31.11
User_168,26,168,1,1,61.26,0.736,Highway,Rain,Emergency,5.0,1.0,95.5,29.88
User_169,26,169,1,3,13.65,0.432,Rural,Clear,Video,1.0,2.0,69.5,20.89
User_170,26,170,6,0,32.37,0.404,Rural,Fog,Video,1.0,5.0,25.67,31.03
User_171,26,171,4,2,35.0,0.714,Rural,Rain,Emergency,2.0,6.0,100.0,30.76
User_172,26,172,3,3,80.27,0.445,Highway,Fog,Video,4.0,2.0,69.5,36.08
User_173,26,173,5,1,27.89,0.622,Urban,Fog,Video,2.0,6.0,100.0,36.17
User_174,26,174,5,1,55.85,0.034,Highway,Fog,Text,5.0,3.0,100.0,24.19
User_175,26,175,1,3,20.34,0.737,Rural,Fog,Video,2.0,2.0,69.5,35.67
User_176,26,176,4,2,69.05,0.759,Rural,Fog,Text,1.0,5.0,25.67,42.46
User_177,26,177,5,1,46.51,0.633,Urban,Clear,Sensor,2.0,3.0,100.0,26.89
User_178,26,178,1,1,37.73,0.456,Highway,Rain,Video,2.0,1.0,95.5,24.97
User_179,26,179,4,0,94.34,0.573,Highway,Rain,Video,5.0,3.0,100.0,28.43
User_180,26,180,1,3,92.4,0.697,Rural,Clear,Text,1.0,2.0,69.5,27.23
User_181,26,181,4,0,75.8,0.321,Rural,Fog,Text,2.0,6.0,100.0,36.09
User_182,26,182,5,3,44.65,0.565,Rural,Fog,Emergency,4.0,6.0,100.0,33.81
User_183,26,183,4,0,52.1,0.654,Highway,Clear,Emergency,2.0,6.0,100.0,28.37
User_184,26,184,1,3,58.97,0.297,Rural,Fog,Text,4.0,2.0,69.5,30.22
User_185,26,185,7,3,30.49,0.591,Rural,Clear,Video,2.0,6.0,100.0,23.78
User_186,26,186,5,1,21.07,0.322,Highway,Fog,Sensor,5.0,3.0,100.0,27.46
User_187,26,187,1,3,28.55,0.482,Highway,Rain,Video,1.0,2.0,69.5,25.09
User_188,26,188,4,2,39.94,0.797,Rural,Fog,Sensor,1.0,5.0,25.67,42.15
User_189,26,189,3,3,24.82,0.072,Highway,Clear,Sensor,1.0,2.0,69.5,18.82
User_190,26,190,3,3,56.08,0.798,Rural,Fog,Text,1.0,2.0,69.5,42.65
User_191,26,191,4,0,34.65,0.335,Rural,Fog,Sensor,1.0,5.0,25.67,35.06
User_192,26,192,3,3,42.05,0.472,Rural,Clear,Emergency,5.0,4.0,100.0,22.34
User_193,26,193,3,1,140.0,0.674,Urban,Clear,Text,4.0,1.0,95.5,35.31
User_194,26,194,7,1,82.91,0.868,Highway,Clear,Video,3.0,5.0,25.67,22.51
User_195,26,195,7,3,93.83,0.436,Highway,Clear,Sensor,3.0,6.0,100.0,21.35
User_196,26,196,0,2,77.21,0.63,Rural,Clear,Text,3.0,2.0,69.5,20.77
User_197,26,197,2,2,46.81,0.463,Rural,Clear,Video,3.0,2.0,69.5,22.35
User_198,26,198,4,2,44.05,0.894,Urban,Rain,Video,2.0,6.0,100.0,35.73
User_199,26,199,4,2,76.37,0.385,Rural,Fog,Sensor,3.0,6.0,100.0,32.07
User_200,26,200,1,1,33.48,0.825,Rural,Clear,Emergency,2.0,1.0,95.5,27.38
User_201,26,201,4,0,47.9,0.309,Urban,Fog,Text,4.0,3.0,100.0,32.07
User_202,26,202,7,1,28.73,0.574,Rural,Fog,Video,1.0,5.0,25.67,28.47
User_203,26,203,0,0,50.3,0.455,Urban,Clear,Video,3.0,1.0,95.5,19.33
User_204,26,204,1,3,49.21,0.287,Highway,Clear,Text,1.0,2.0,69.5,17.78
User_205,26,205,6,0,17.43,0.942,Highway,Rain,Text,5.0,3.0,100.0,26.65
User_206,26,206,6,2,63.02,0.44,Urban,Fog,Sensor,2.0,6.0,100.0,29.49
User_7,27,7,2,0,79.49,0.528,Urban,Rain,Emergency,3.0,1.0,95.5,31.3
User_8,27,8,5,3,69.55,0.416,Rural,Clear,Emergency,3.0,6.0,100.0,22.33
User_9,27,9,6,2,50.68,0.364,Rural,Fog,Sensor,5.0,6.0,100.0,25.98
User_10,27,10,6,2,34.78,0.818,Highway,Rain,Sensor,3.0,6.0,100.0,25.31
User_11,27,11,7,3,27.75,0.342,Highway,Fog,Sensor,5.0,6.0,100.0,27.96
User_12,27,12,4,0,63.73,0.264,Highway,Clear,Emergency,5.0,3.0,100.0,17.87
User_13,27,13,6,0,87.76,0.333,Rural,Clear,Video,4.0,3.0,100.0,16.63
User_14,27,14,0,0,49.69,0.198,Highway,Rain,Sensor,5.0,1.0,95.5,16.46
User_15,27,15,4,0,75.0,0.652,Rural,Fog,Text,4.0,3.0,100.0,36.03
User_16,27,16,7,1,70.0,0.695,Urban,Rain,Text,5.0,5.0,25.67,28.52
User_17,27,17,7,3,31.04,0.159,Highway,Fog,Video,1.0,6.0,100.0,25.32
User_18,27,18,7,1,45.83,0.125,Highway,Rain,Text,1.0,5.0,25.67,15.25
User_19,27,19,0,0,61.96,0.876,Rural,Clear,Emergency,4.0,1.0,95.5,24.0
User_20,27,20,7,1,108.65,0.444,Highway,Rain,Video,4.0,5.0,25.67,21.92
User_21,27,21,1,1,30.68,0.813,Rural,Clear,Video,5.0,1.0,95.5,27.12
User_22,27,22,3,1,51.05,0.741,Urban,Rain,Text,5.0,4.0,100.0,38.65
User_23,27,23,2,0,123.01,0.855,Highway,Rain,Sensor,4.0,1.0,95.5,33.52
User_24,27,24,3,1,32.93,0.578,Rural,Clear,Sensor,3.0,1.0,95.5,28.66
User_25,27,25,0,2,25.85,0.754,Urban,Clear,Video,3.0,2.0,69.5,23.09
User_26,27,26,1,3,68.26,0.809,Urban,Clear,Sensor,3.0,2.0,69.5,30.18
User_27,27,27,5,3,108.56,0.615,Urban,Rain,Video,1.0,6.0,100.0,33.48
User_28,27,28,4,0,57.64,0.179,Highway,Rain,Emergency,1.0,6.0,100.0,26.41
User_29,27,29,3,3,25.02,0.251,Highway,Fog,Emergency,4.0,4.0,100.0,26.52
User_30,27,30,1,1,62.26,0.239,Highway,Clear,Emergency,3.0,1.0,95.5,17.45
User_31,27,31,4,0,22.76,0.703,Urban,Clear,Emergency,5.0,3.0,100.0,27.23
User_32,27,32,0,2,140.0,0.74,Rural,Rain,Emergency,5.0,2.0,69.5,29.3
User_33,27,33,1,1,126.43,0.208,Highway,Clear,Video,4.0,1.0,95.5,18.91
User_34,27,34,4,0,44.89,0.249,Highway,Fog,Emergency,3.0,3.0,100.0,27.08
User_35,27,35,5,1,59.59,0.659,Urban,Clear,Text,4.0,3.0,100.0,27.67
User_36,27,36,6,0,66.84,0.229,Urban,Fog,Video,4.0,3.0,100.0,26.44
User_37,27,37,3,3,28.87,0.607,Rural,Rain,Emergency,5.0,4.0,100.0,28.97
User_38,27,38,0,2,48.47,0.884,Urban,Rain,Emergency,5.0,2.0,69.5,30.71
User_39,27,39,3,1,46.09,0.139,Rural,Rain,Sensor,2.0,1.0,95.5,27.47
User_40,27,40,3,1,68.6,0.588,Rural,Clear,Sensor,5.0,4.0,100.0,29.88
User_41,27,41,2,2,57.05,0.503,Rural,Clear,Text,5.0,4.0,100.0,23.26
User_42,27,42,7,3,75.42,0.555,Urban,Rain,Video,3.0,6.0,100.0,31.59
User_43,27,43,4,0,74.4,0.481,Highway,Rain,Video,3.0,3.0,100.0,26.45
User_44,27,44,5,3,109.22,0.505,Highway,Fog,Emergency,4.0,6.0,100.0,32.85
User_45,27,45,3,3,33.74,0.308,Rural,Rain,Emergency,2.0,2.0,69.5,29.63
User_46,27,46,6,2,61.02,0.356,Rural,Rain,Video,5.0,6.0,100.0,21.17
User_47,27,47,1,1,15.19,0.223,Urban,Clear,Emergency,4.0,1.0,95.5,19.8
User_48,27,48,7,1,71.47,0.427,Highway,Rain,Sensor,1.0,5.0,25.67,20.55
User_49,27,49,0,0,79.85,0.629,Rural,Clear,Text,4.0,1.0,95.5,20.83
User_50,27,50,5,3,51.69,0.327,Highway,Clear,Sensor,5.0,6.0,100.0,18.46
User_51,27,51,4,2,60.88,0.825,Rural,Rain,Emergency,5.0,6.0,100.0,33.2
User_52,27,52,6,2,39.63,0.206,Rural,Fog,Text,1.0,6.0,100.0,23.28
User_53,27,53,0,2,69.79,0.196,Urban,Fog,Video,4.0,2.0,69.5,26.03
User_54,27,54,7,1,64.99,0.911,Urban,Clear,Text,2.0,5.0,25.67,26.61
User_55,27,55,7,1,51.32,0.763,Highway,Clear,Emergency,1.0,5.0,25.67,19.98
User_56,27,56,5,1,64.52,0.363,Urban,Clear,Emergency,3.0,3.0,100.0,23.38
User_57,27,57,7,1,31.74,0.384,Highway,Fog,Sensor,2.0,5.0,25.67,23.71
User_58,27,58,0,2,140.0,0.628,Urban,Fog,Video,3.0,2.0,69.5,34.62
User_59,27,59,1,1,33.99,0.425,Highway,Clear,Emergency,2.0,1.0,95.5,19.39
User_60,27,60,3,1,17.38,0.044,Highway,Clear,Sensor,4.0,4.0,100.0,18.18
User_61,27,61,4,2,40.82,0.495,Rural,Rain,Video,2.0,6.0,100.0,27.65
User_62,27,62,4,2,65.5,0.162,Highway,Clear,Sensor,4.0,6.0,100.0,16.39
User_63,27,63,1,3,105.98,0.682,Rural,Clear,Emergency,1.0,2.0,69.5,27.41
User_64,27,64,4,0,21.17,0.92,Highway,Clear,Video,5.0,3.0,100.0,26.44
User_65,27,65,3,3,50.01,0.685,Rural,Rain,Emergency,4.0,4.0,100.0,30.78
User_66,27,66,3,3,136.61,0.664,Rural,Rain,Sensor,3.0,2.0,69.5,38.06
User_67,27,67,3,3,52.99,0.357,Highway,Clear,Text,1.0,2.0,69.5,23.94
User_68,27,68,5,3,23.01,0.513,Highway,Fog,Text,3.0,6.0,100.0,30.39
User_69,27,69,5,3,66.11,0.477,Urban,Fog,Sensor,4.0,6.0,100.0,35.14
User_70,27,70,7,1,115.47,0.865,Urban,Rain,Text,5.0,5.0,25.67,32.44
User_71,27,71,7,3,62.24,0.383,Urban,Fog,Sensor,5.0,6.0,100.0,33.61
User_72,27,72,5,3,19.4,0.609,Highway,Clear,Sensor,2.0,6.0,100.0,21.72
User_73,27,73,6,2,62.24,0.717,Highway,Fog,Text,5.0,6.0,100.0,29.62
User_74,27,74,0,0,104.16,0.012,Rural,Fog,Emergency,4.0,1.0,95.5,22.3
User_75,27,75,7,1,49.72,0.868,Urban,Fog,Sensor,2.0,5.0,25.67,35.51
User_76,27,76,1,1,74.63,0.211,Highway,Clear,Emergency,3.0,1.0,95.5,17.4
User_77,27,77,3,1,29.0,0.526,Urban,Rain,Video,2.0,1.0,95.5,34.76
User_78,27,78,7,3,45.74,0.11,Urban,Fog,Emergency,3.0,6.0,100.0,29.02
User_79,27,79,6,0,36.94,0.299,Highway,Fog,Text,4.0,3.0,100.0,22.59
User_80,27,80,1,3,99.36,0.286,Urban,Rain,Text,5.0,4.0,100.0,23.27
User_81,27,81,3,1,48.24,0.126,Urban,Clear,Emergency,3.0,1.0,95.5,24.34
User_82,27,82,7,1,48.26,0.696,Highway,Fog,Sensor,4.0,5.0,25.67,28.89
User_83,27,83,7,1,54.61,0.318,Highway,Clear,Sensor,3.0,5.0,25.67,13.41
User_84,27,84,5,1,52.28,0.136,Rural,Fog,Text,3.0,6.0,100.0,27.61
User_85,27,85,6,0,28.7,0.548,Highway,Clear,Emergency,1.0,5.0,25.67,21.08
User_86,27,86,6,0,12.41,0.941,Highway,Clear,Emergency,1.0,5.0,25.67,26.49
User_87,27,87,0,2,45.0,0.715,Rural,Fog,Text,1.0,2.0,69.5,31.08
User_88,27,88,3,1,75.49,0.578,Highway,Fog,Text,1.0,1.0,95.5,37.93
User_89,27,89,6,2,40.52,0.545,Highway,Rain,Sensor,1.0,6.0,100.0,21.39
User_90,27,90,4,0,67.21,0.237,Rural,Rain,Emergency,4.0,3.0,100.0,24.57
User_91,27,91,5,1,56.28,0.415,Highway,Clear,Video,5.0,3.0,100.0,19.91
User_92,27,92,4,2,88.84,0.809,Highway,Rain,Emergency,1.0,6.0,100.0,31.8
User_93,27,93,1,3,93.03,0.21,Highway,Fog,Text,4.0,4.0,100.0,22.94
User_94,27,94,0,2,64.44,0.774,Highway,Fog,Sensor,5.0,2.0,69.5,30.54
User_95,27,95,5,3,27.92,0.12,Highway,Fog,Emergency,5.0,6.0,100.0,24.64
User_96,27,96,6,2,28.55,0.405,Urban,Rain,Text,5.0,6.0,100.0,22.93
User_97,27,97,7,1,56.03,0.415,Urban,Rain,Video,5.0,5.0,25.67,23.91
User_98,27,98,5,1,42.1,0.503,Rural,Clear,Video,3.0,6.0,100.0,22.81
User_99,27,99,0,0,31.34,0.633,Rural,Clear,Sensor,5.0,1.0,95.5,19.44
User_100,27,100,0,2,63.4,0.926,Highway,Clear,Video,3.0,2.0,69.5,22.79
User_101,27,101,4,0,54.2,0.85,Urban,Clear,Sensor,4.0,3.0,100.0,30.38
User_102,27,102,1,1,19.14,0.378,Highway,Clear,Video,3.0,1.0,95.5,18.24
User_103,27,103,3,1,69.93,0.6,Urban,Fog,Text,4.0,4.0,100.0,42.1
User_104,27,104,2,0,57.03,0.259,Highway,Fog,Video,4.0,1.0,95.5,27.6
User_105,27,105,4,0,31.72,0.762,Highway,Fog,Emergency,5.0,3.0,100.0,34.38
User_106,27,106,1,3,50.27,0.453,Urban,Clear,Sensor,2.0,2.0,69.5,24.3
User_107,27,107,3,3,73.73,0.338,Highway,Clear,Emergency,1.0,2.0,69.5,24.28
User_108,27,108,2,2,45.4,0.802,Urban,Fog,Video,5.0,4.0,100.0,39.39
User_109,27,109,0,0,54.94,0.875,Rural,Clear,Emergency,4.0,1.0,95.5,23.77
User_110,27,110,7,3,86.05,0.402,Highway,Rain,Sensor,5.0,6.0,100.0,25.61
User_111,27,111,5,1,43.99,0.862,Highway,Fog,Text,3.0,6.0,100.0,36.25
User_112,27,112,3,3,65.07,0.697,Urban,Rain,Text,5.0,4.0,100.0,33.41
User_113,27,113,6,2,51.91,0.609,Highway,Rain,Sensor,4.0,6.0,100.0,22.69
User_114,27,114,3,1,55.09,0.486,Urban,Fog,Text,3.0,1.0,95.5,39.94
User_115,27,115,1,3,19.84,0.332,Highway,Clear,Video,4.0,4.0,100.0,12.58
User_116,27,116,4,2,74.66,0.42,Highway,Clear,Emergency,4.0,6.0,100.0,20.54
User_117,27,117,6,2,41.84,0.246,Highway,Fog,Emergency,2.0,6.0,100.0,21.95
User_118,27,118,3,3,77.6,0.448,Urban,Clear,Sensor,5.0,4.0,100.0,25.05
User_119,27,119,5,3,49.34,0.623,Urban,Clear,Emergency,4.0,6.0,100.0,26.83
User_120,27,120,1,1,108.23,0.693,Urban,Rain,Sensor,2.0,1.0,95.5,34.64
User_121,27,121,4,0,49.54,0.651,Highway,Rain,Emergency,1.0,6.0,100.0,33.25
User_122,27,122,2,2,62.3,0.558,Rural,Rain,Emergency,2.0,2.0,69.5,29.24
User_123,27,123,6,2,47.43,0.468,Highway,Fog,Emergency,1.0,5.0,25.67,30.44
User_124,27,124,0,2,87.97,0.583,Rural,Fog,Video,4.0,2.0,69.5,30.38
User_125,27,125,3,1,35.19,0.692,Highway,Fog,Emergency,5.0,4.0,100.0,38.44
User_126,27,126,4,0,45.26,0.292,Highway,Fog,Text,5.0,3.0,100.0,27.74
User_127,27,127,2,0,123.18,0.644,Urban,Fog,Video,4.0,1.0,95.5,39.36
User_128,27,128,2,0,56.79,0.237,Rural,Rain,Sensor,3.0,1.0,95.5,24.26
User_129,27,129,4,2,77.3,0.265,Rural,Fog,Video,4.0,6.0,100.0,30.29
User_130,27,130,4,0,58.24,0.912,Urban,Rain,Emergency,1.0,5.0,25.67,41.43
User_131,27,131,7,3,31.28,0.86,Rural,Rain,Sensor,4.0,6.0,100.0,32.84
User_132,27,132,7,1,52.6,0.283,Urban,Clear,Text,2.0,5.0,25.67,16.82
User_133,27,133,7,1,75.25,0.17,Rural,Fog,Text,4.0,5.0,25.67,23.81
User_134,27,134,7,1,79.48,0.886,Rural,Fog,Emergency,5.0,5.0,25.67,34.67
User_135,27,135,5,1,67.97,0.515,Urban,Rain,Video,3.0,6.0,100.0,30.76
User_136,27,136,1,1,49.83,0.172,Highway,Rain,Emergency,3.0,1.0,95.5,21.07
User_137,27,137,6,0,101.02,0.543,Urban,Fog,Emergency,4.0,3.0,100.0,32.18
User_138,27,138,2,2,28.64,0.68,Highway,Rain,Emergency,5.0,4.0,100.0,28.06
User_139,27,139,6,0,100.44,0.591,Urban,Fog,Video,1.0,5.0,25.67,37.88
User_140,27,140,5,3,87.72,0.483,Highway,Fog,Text,4.0,6.0,100.0,31.88
User_141,27,141,2,0,42.28,0.609,Urban,Clear,Sensor,1.0,1.0,95.5,26.4
User_142,27,142,3,3,73.87,0.663,Urban,Fog,Emergency,1.0,2.0,69.5,43.16
User_143,27,143,2,2,66.12,0.953,Urban,Clear,Video,4.0,4.0,100.0,32.28
User_144,27,144,1,3,134.95,0.611,Rural,Clear,Emergency,5.0,4.0,100.0,22.21
User_145,27,145,6,0,38.11,0.811,Urban,Rain,Emergency,5.0,3.0,100.0,29.31
User_146,27,146,2,2,98.56,0.3,Urban,Clear,Text,4.0,2.0,69.5,23.46
User_147,27,147,6,2,49.37,0.311,Highway,Rain,Sensor,5.0,6.0,100.0,18.15
User_148,27,148,2,2,63.85,0.869,Urban,Rain,Video,3.0,2.0,69.5,35.95
User_149,27,149,6,0,127.56,0.655,Highway,Rain,Sensor,5.0,3.0,100.0,25.65
User_150,27,150,0,0,140.0,0.367,Rural,Clear,Video,2.0,1.0,95.5,18.7
User_151,27,151,1,3,78.45,0.682,Rural,Rain,Emergency,1.0,2.0,69.5,31.58
User_152,27,152,7,1,83.66,0.353,Rural,Clear,Emergency,1.0,5.0,25.67,16.8
User_153,27,153,0,2,67.47,0.396,Rural,Fog,Emergency,5.0,2.0,69.5,26.96
User_154,27,154,7,3,46.38,0.066,Urban,Rain,Sensor,4.0,6.0,100.0,23.38
User_155,27,155,6,2,109.28,0.302,Urban,Rain,Sensor,5.0,6.0,100.0,23.81
User_156,27,156,5,3,46.21,0.289,Highway,Clear,Emergency,1.0,5.0,25.67,22.72
User_157,27,157,4,2,43.83,0.078,Urban,Clear,Text,2.0,6.0,100.0,18.48
User_158,27,158,7,1,48.99,0.538,Urban,Clear,Text,5.0,5.0,25.67,20.54
User_159,27,159,1,3,79.31,0.695,Highway,Rain,Video,4.0,2.0,69.5,29.8
User_160,27,160,5,1,93.88,0.336,Urban,Rain,Sensor,1.0,6.0,100.0,28.86
User_161,27,161,2,2,46.66,0.455,Rural,Rain,Emergency,3.0,2.0,69.5,27.22
User_162,27,162,4,2,123.87,0.804,Urban,Rain,Video,4.0,6.0,100.0,36.78
User_163,27,163,3,1,24.45,0.07,Highway,Fog,Text,4.0,1.0,95.5,28.78
User_164,27,164,5,3,22.87,0.665,Highway,Fog,Text,3.0,6.0,100.0,32.66
User_165,27,165,4,0,84.27,0.682,Rural,Rain,Text,1.0,5.0,25.67,36.76
User_166,27,166,6,2,64.8,0.727,Urban,Rain,Video,3.0,6.0,100.0,28.85
User_167,27,167,4,0,70.6,0.466,Highway,Rain,Video,3.0,6.0,100.0,31.11
User_168,27,168,1,1,61.26,0.736,Highway,Rain,Emergency,5.0,1.0,95.5,29.88
User_169,27,169,1,3,13.65,0.432,Rural,Clear,Video,1.0,2.0,69.5,20.89
User_170,27,170,6,0,32.37,0.404,Rural,Fog,Video,1.0,5.0,25.67,31.03
User_171,27,171,4,2,35.0,0.714,Rural,Rain,Emergency,2.0,6.0,100.0,30.76
User_172,27,172,3,3,80.27,0.445,Highway,Fog,Video,4.0,2.0,69.5,36.08
User_173,27,173,5,1,27.89,0.622,Urban,Fog,Video,2.0,6.0,100.0,36.17
User_174,27,174,5,1,55.85,0.034,Highway,Fog,Text,5.0,3.0,100.0,24.19
User_175,27,175,1,3,20.34,0.737,Rural,Fog,Video,2.0,2.0,69.5,35.67
User_176,27,176,4,2,69.05,0.759,Rural,Fog,Text,1.0,5.0,25.67,42.46
User_177,27,177,5,1,46.51,0.633,Urban,Clear,Sensor,2.0,3.0,100.0,26.89
User_178,27,178,1,1,37.73,0.456,Highway,Rain,Video,2.0,1.0,95.5,24.97
User_179,27,179,4,0,94.34,0.573,Highway,Rain,Video,5.0,3.0,100.0,28.43
User_180,27,180,1,3,92.4,0.697,Rural,Clear,Text,1.0,2.0,69.5,27.23
User_181,27,181,4,0,75.8,0.321,Rural,Fog,Text,2.0,6.0,100.0,36.09
User_182,27,182,5,3,44.65,0.565,Rural,Fog,Emergency,4.0,6.0,100.0,33.81
User_183,27,183,4,0,52.1,0.654,Highway,Clear,Emergency,2.0,6.0,100.0,28.37
User_184,27,184,1,3,58.97,0.297,Rural,Fog,Text,4.0,2.0,69.5,30.22
User_185,27,185,7,3,30.49,0.591,Rural,Clear,Video,2.0,6.0,100.0,23.78
User_186,27,186,5,1,21.07,0.322,Highway,Fog,Sensor,5.0,3.0,100.0,27.46
User_187,27,187,1,3,28.55,0.482,Highway,Rain,Video,1.0,2.0,69.5,25.09
User_188,27,188,4,2,39.94,0.797,Rural,Fog,Sensor,1.0,5.0,25.67,42.15
User_189,27,189,3,3,24.82,0.072,Highway,Clear,Sensor,1.0,2.0,69.5,18.82
User_190,27,190,3,3,56.08,0.798,Rural,Fog,Text,1.0,2.0,69.5,42.65
User_191,27,191,4,0,34.65,0.335,Rural,Fog,Sensor,1.0,5.0,25.67,35.06
User_192,27,192,3,3,42.05,0.472,Rural,Clear,Emergency,5.0,4.0,100.0,22.34
User_193,27,193,3,1,140.0,0.674,Urban,Clear,Text,4.0,1.0,95.5,35.31
User_194,27,194,7,1,82.91,0.868,Highway,Clear,Video,3.0,5.0,25.67,22.51
User_195,27,195,7,3,93.83,0.436,Highway,Clear,Sensor,3.0,6.0,100.0,21.35
User_196,27,196,0,2,77.21,0.63,Rural,Clear,Text,3.0,2.0,69.5,20.77
User_197,27,197,2,2,46.81,0.463,Rural,Clear,Video,3.0,2.0,69.5,22.35
User_198,27,198,4,2,44.05,0.894,Urban,Rain,Video,2.0,6.0,100.0,35.73
User_199,27,199,4,2,76.37,0.385,Rural,Fog,Sensor,3.0,6.0,100.0,32.07
User_200,27,200,1,1,33.48,0.825,Rural,Clear,Emergency,2.0,1.0,95.5,27.38
User_201,27,201,4,0,47.9,0.309,Urban,Fog,Text,4.0,3.0,100.0,32.07
User_202,27,202,7,1,28.73,0.574,Rural,Fog,Video,1.0,5.0,25.67,28.47
User_203,27,203,0,0,50.3,0.455,Urban,Clear,Video,3.0,1.0,95.5,19.33
User_204,27,204,1,3,49.21,0.287,Highway,Clear,Text,1.0,2.0,69.5,17.78
User_205,27,205,6,0,17.43,0.942,Highway,Rain,Text,5.0,3.0,100.0,26.65
User_206,27,206,6,2,63.02,0.44,Urban,Fog,Sensor,2.0,6.0,100.0,29.49
User_7,28,7,2,0,79.49,0.528,Urban,Rain,Emergency,3.0,1.0,95.5,31.3
User_8,28,8,5,3,69.55,0.416,Rural,Clear,Emergency,3.0,6.0,100.0,22.33
User_9,28,9,6,2,50.68,0.364,Rural,Fog,Sensor,5.0,6.0,100.0,25.98
User_10,28,10,6,2,34.78,0.818,Highway,Rain,Sensor,3.0,6.0,100.0,25.31
User_11,28,11,7,3,27.75,0.342,Highway,Fog,Sensor,5.0,6.0,100.0,27.96
User_12,28,12,4,0,63.73,0.264,Highway,Clear,Emergency,5.0,3.0,100.0,17.87
User_13,28,13,6,0,87.76,0.333,Rural,Clear,Video,4.0,3.0,100.0,16.63
User_14,28,14,0,0,49.69,0.198,Highway,Rain,Sensor,5.0,1.0,95.5,16.46
User_15,28,15,4,0,75.0,0.652,Rural,Fog,Text,4.0,3.0,100.0,36.03
User_16,28,16,7,1,70.0,0.695,Urban,Rain,Text,5.0,5.0,25.67,28.52
User_17,28,17,7,3,31.04,0.159,Highway,Fog,Video,1.0,6.0,100.0,25.32
User_18,28,18,7,1,45.83,0.125,Highway,Rain,Text,1.0,5.0,25.67,15.25
User_19,28,19,0,0,61.96,0.876,Rural,Clear,Emergency,4.0,1.0,95.5,24.0
User_20,28,20,7,1,108.65,0.444,Highway,Rain,Video,4.0,5.0,25.67,21.92
User_21,28,21,1,1,30.68,0.813,Rural,Clear,Video,5.0,1.0,95.5,27.12
User_22,28,22,3,1,51.05,0.741,Urban,Rain,Text,5.0,4.0,100.0,38.65
User_23,28,23,2,0,123.01,0.855,Highway,Rain,Sensor,4.0,1.0,95.5,33.52
User_24,28,24,3,1,32.93,0.578,Rural,Clear,Sensor,3.0,1.0,95.5,28.66
User_25,28,25,0,2,25.85,0.754,Urban,Clear,Video,3.0,2.0,69.5,23.09
User_26,28,26,1,3,68.26,0.809,Urban,Clear,Sensor,3.0,2.0,69.5,30.18
User_27,28,27,5,3,108.56,0.615,Urban,Rain,Video,1.0,6.0,100.0,33.48
User_28,28,28,4,0,57.64,0.179,Highway,Rain,Emergency,1.0,6.0,100.0,26.41
User_29,28,29,3,3,25.02,0.251,Highway,Fog,Emergency,4.0,4.0,100.0,26.52
User_30,28,30,1,1,62.26,0.239,Highway,Clear,Emergency,3.0,1.0,95.5,17.45
User_31,28,31,4,0,22.76,0.703,Urban,Clear,Emergency,5.0,3.0,100.0,27.23
User_32,28,32,0,2,140.0,0.74,Rural,Rain,Emergency,5.0,2.0,69.5,29.3
User_33,28,33,1,1,126.43,0.208,Highway,Clear,Video,4.0,1.0,95.5,18.91
User_34,28,34,4,0,44.89,0.249,Highway,Fog,Emergency,3.0,3.0,100.0,27.08
User_35,28,35,5,1,59.59,0.659,Urban,Clear,Text,4.0,3.0,100.0,27.67
User_36,28,36,6,0,66.84,0.229,Urban,Fog,Video,4.0,3.0,100.0,26.44
User_37,28,37,3,3,28.87,0.607,Rural,Rain,Emergency,5.0,4.0,100.0,28.97
User_38,28,38,0,2,48.47,0.884,Urban,Rain,Emergency,5.0,2.0,69.5,30.71
User_39,28,39,3,1,46.09,0.139,Rural,Rain,Sensor,2.0,1.0,95.5,27.47
User_40,28,40,3,1,68.6,0.588,Rural,Clear,Sensor,5.0,4.0,100.0,29.88
User_41,28,41,2,2,57.05,0.503,Rural,Clear,Text,5.0,4.0,100.0,23.26
User_42,28,42,7,3,75.42,0.555,Urban,Rain,Video,3.0,6.0,100.0,31.59
User_43,28,43,4,0,74.4,0.481,Highway,Rain,Video,3.0,3.0,100.0,26.45
User_44,28,44,5,3,109.22,0.505,Highway,Fog,Emergency,4.0,6.0,100.0,32.85
User_45,28,45,3,3,33.74,0.308,Rural,Rain,Emergency,2.0,2.0,69.5,29.63
User_46,28,46,6,2,61.02,0.356,Rural,Rain,Video,5.0,6.0,100.0,21.17
User_47,28,47,1,1,15.19,0.223,Urban,Clear,Emergency,4.0,1.0,95.5,19.8
User_48,28,48,7,1,71.47,0.427,Highway,Rain,Sensor,1.0,5.0,25.67,20.55
User_49,28,49,0,0,79.85,0.629,Rural,Clear,Text,4.0,1.0,95.5,20.83
User_50,28,50,5,3,51.69,0.327,Highway,Clear,Sensor,5.0,6.0,100.0,18.46
User_51,28,51,4,2,60.88,0.825,Rural,Rain,Emergency,5.0,6.0,100.0,33.2
User_52,28,52,6,2,39.63,0.206,Rural,Fog,Text,1.0,6.0,100.0,23.28
User_53,28,53,0,2,69.79,0.196,Urban,Fog,Video,4.0,2.0,69.5,26.03
User_54,28,54,7,1,64.99,0.911,Urban,Clear,Text,2.0,5.0,25.67,26.61
User_55,28,55,7,1,51.32,0.763,Highway,Clear,Emergency,1.0,5.0,25.67,19.98
User_56,28,56,5,1,64.52,0.363,Urban,Clear,Emergency,3.0,3.0,100.0,23.38
User_57,28,57,7,1,31.74,0.384,Highway,Fog,Sensor,2.0,5.0,25.67,23.71
User_58,28,58,0,2,140.0,0.628,Urban,Fog,Video,3.0,2.0,69.5,34.62
User_59,28,59,1,1,33.99,0.425,Highway,Clear,Emergency,2.0,1.0,95.5,19.39
User_60,28,60,3,1,17.38,0.044,Highway,Clear,Sensor,4.0,4.0,100.0,18.18
User_61,28,61,4,2,40.82,0.495,Rural,Rain,Video,2.0,6.0,100.0,27.65
User_62,28,62,4,2,65.5,0.162,Highway,Clear,Sensor,4.0,6.0,100.0,16.39
User_63,28,63,1,3,105.98,0.682,Rural,Clear,Emergency,1.0,2.0,69.5,27.41
User_64,28,64,4,0,21.17,0.92,Highway,Clear,Video,5.0,3.0,100.0,26.44
User_65,28,65,3,3,50.01,0.685,Rural,Rain,Emergency,4.0,4.0,100.0,30.78
User_66,28,66,3,3,136.61,0.664,Rural,Rain,Sensor,3.0,2.0,69.5,38.06
User_67,28,67,3,3,52.99,0.357,Highway,Clear,Text,1.0,2.0,69.5,23.94
User_68,28,68,5,3,23.01,0.513,Highway,Fog,Text,3.0,6.0,100.0,30.39
User_69,28,69,5,3,66.11,0.477,Urban,Fog,Sensor,4.0,6.0,100.0,35.14
User_70,28,70,7,1,115.47,0.865,Urban,Rain,Text,5.0,5.0,25.67,32.44
User_71,28,71,7,3,62.24,0.383,Urban,Fog,Sensor,5.0,6.0,100.0,33.61
User_72,28,72,5,3,19.4,0.609,Highway,Clear,Sensor,2.0,6.0,100.0,21.72
User_73,28,73,6,2,62.24,0.717,Highway,Fog,Text,5.0,6.0,100.0,29.62
User_74,28,74,0,0,104.16,0.012,Rural,Fog,Emergency,4.0,1.0,95.5,22.3
User_75,28,75,7,1,49.72,0.868,Urban,Fog,Sensor,2.0,5.0,25.67,35.51
User_76,28,76,1,1,74.63,0.211,Highway,Clear,Emergency,3.0,1.0,95.5,17.4
User_77,28,77,3,1,29.0,0.526,Urban,Rain,Video,2.0,1.0,95.5,34.76
User_78,28,78,7,3,45.74,0.11,Urban,Fog,Emergency,3.0,6.0,100.0,29.02
User_79,28,79,6,0,36.94,0.299,Highway,Fog,Text,4.0,3.0,100.0,22.59
User_80,28,80,1,3,99.36,0.286,Urban,Rain,Text,5.0,4.0,100.0,23.27
User_81,28,81,3,1,48.24,0.126,Urban,Clear,Emergency,3.0,1.0,95.5,24.34
User_82,28,82,7,1,48.26,0.696,Highway,Fog,Sensor,4.0,5.0,25.67,28.89
User_83,28,83,7,1,54.61,0.318,Highway,Clear,Sensor,3.0,5.0,25.67,13.41
User_84,28,84,5,1,52.28,0.136,Rural,Fog,Text,3.0,6.0,100.0,27.61
User_85,28,85,6,0,28.7,0.548,Highway,Clear,Emergency,1.0,5.0,25.67,21.08
User_86,28,86,6,0,12.41,0.941,Highway,Clear,Emergency,1.0,5.0,25.67,26.49
User_87,28,87,0,2,45.0,0.715,Rural,Fog,Text,1.0,2.0,69.5,31.08
User_88,28,88,3,1,75.49,0.578,Highway,Fog,Text,1.0,1.0,95.5,37.93
User_89,28,89,6,2,40.52,0.545,Highway,Rain,Sensor,1.0,6.0,100.0,21.39
User_90,28,90,4,0,67.21,0.237,Rural,Rain,Emergency,4.0,3.0,100.0,24.57
User_91,28,91,5,1,56.28,0.415,Highway,Clear,Video,5.0,3.0,100.0,19.91
User_92,28,92,4,2,88.84,0.809,Highway,Rain,Emergency,1.0,6.0,100.0,31.8
User_93,28,93,1,3,93.03,0.21,Highway,Fog,Text,4.0,4.0,100.0,22.94
User_94,28,94,0,2,64.44,0.774,Highway,Fog,Sensor,5.0,2.0,69.5,30.54
User_95,28,95,5,3,27.92,0.12,Highway,Fog,Emergency,5.0,6.0,100.0,24.64
User_96,28,96,6,2,28.55,0.405,Urban,Rain,Text,5.0,6.0,100.0,22.93
User_97,28,97,7,1,56.03,0.415,Urban,Rain,Video,5.0,5.0,25.67,23.91
User_98,28,98,5,1,42.1,0.503,Rural,Clear,Video,3.0,6.0,100.0,22.81
User_99,28,99,0,0,31.34,0.633,Rural,Clear,Sensor,5.0,1.0,95.5,19.44
User_100,28,100,0,2,63.4,0.926,Highway,Clear,Video,3.0,2.0,69.5,22.79
User_101,28,101,4,0,54.2,0.85,Urban,Clear,Sensor,4.0,3.0,100.0,30.38
User_102,28,102,1,1,19.14,0.378,Highway,Clear,Video,3.0,1.0,95.5,18.24
User_103,28,103,3,1,69.93,0.6,Urban,Fog,Text,4.0,4.0,100.0,42.1
User_104,28,104,2,0,57.03,0.259,Highway,Fog,Video,4.0,1.0,95.5,27.6
User_105,28,105,4,0,31.72,0.762,Highway,Fog,Emergency,5.0,3.0,100.0,34.38
User_106,28,106,1,3,50.27,0.453,Urban,Clear,Sensor,2.0,2.0,69.5,24.3
User_107,28,107,3,3,73.73,0.338,Highway,Clear,Emergency,1.0,2.0,69.5,24.28
User_108,28,108,2,2,45.4,0.802,Urban,Fog,Video,5.0,4.0,100.0,39.39
User_109,28,109,0,0,54.94,0.875,Rural,Clear,Emergency,4.0,1.0,95.5,23.77
User_110,28,110,7,3,86.05,0.402,Highway,Rain,Sensor,5.0,6.0,100.0,25.61
User_111,28,111,5,1,43.99,0.862,Highway,Fog,Text,3.0,6.0,100.0,36.25
User_112,28,112,3,3,65.07,0.697,Urban,Rain,Text,5.0,4.0,100.0,33.41
User_113,28,113,6,2,51.91,0.609,Highway,Rain,Sensor,4.0,6.0,100.0,22.69
User_114,28,114,3,1,55.09,0.486,Urban,Fog,Text,3.0,1.0,95.5,39.94
User_115,28,115,1,3,19.84,0.332,Highway,Clear,Video,4.0,4.0,100.0,12.58
User_116,28,116,4,2,74.66,0.42,Highway,Clear,Emergency,4.0,6.0,100.0,20.54
User_117,28,117,6,2,41.84,0.246,Highway,Fog,Emergency,2.0,6.0,100.0,21.95
User_118,28,118,3,3,77.6,0.448,Urban,Clear,Sensor,5.0,4.0,100.0,25.05
User_119,28,119,5,3,49.34,0.623,Urban,Clear,Emergency,4.0,6.0,100.0,26.83
User_120,28,120,1,1,108.23,0.693,Urban,Rain,Sensor,2.0,1.0,95.5,34.64
User_121,28,121,4,0,49.54,0.651,Highway,Rain,Emergency,1.0,6.0,100.0,33.25
User_122,28,122,2,2,62.3,0.558,Rural,Rain,Emergency,2.0,2.0,69.5,29.24
User_123,28,123,6,2,47.43,0.468,Highway,Fog,Emergency,1.0,5.0,25.67,30.44
User_124,28,124,0,2,87.97,0.583,Rural,Fog,Video,4.0,2.0,69.5,30.38
User_125,28,125,3,1,35.19,0.692,Highway,Fog,Emergency,5.0,4.0,100.0,38.44
User_126,28,126,4,0,45.26,0.292,Highway,Fog,Text,5.0,3.0,100.0,27.74
User_127,28,127,2,0,123.18,0.644,Urban,Fog,Video,4.0,1.0,95.5,39.36
User_128,28,128,2,0,56.79,0.237,Rural,Rain,Sensor,3.0,1.0,95.5,24.26
User_129,28,129,4,2,77.3,0.265,Rural,Fog,Video,4.0,6.0,100.0,30.29
User_130,28,130,4,0,58.24,0.912,Urban,Rain,Emergency,1.0,5.0,25.67,41.43
User_131,28,131,7,3,31.28,0.86,Rural,Rain,Sensor,4.0,6.0,100.0,32.84
User_132,28,132,7,1,52.6,0.283,Urban,Clear,Text,2.0,5.0,25.67,16.82
User_133,28,133,7,1,75.25,0.17,Rural,Fog,Text,4.0,5.0,25.67,23.81
User_134,28,134,7,1,79.48,0.886,Rural,Fog,Emergency,5.0,5.0,25.67,34.67
User_135,28,135,5,1,67.97,0.515,Urban,Rain,Video,3.0,6.0,100.0,30.76
User_136,28,136,1,1,49.83,0.172,Highway,Rain,Emergency,3.0,1.0,95.5,21.07
User_137,28,137,6,0,101.02,0.543,Urban,Fog,Emergency,4.0,3.0,100.0,32.18
User_138,28,138,2,2,28.64,0.68,Highway,Rain,Emergency,5.0,4.0,100.0,28.06
User_139,28,139,6,0,100.44,0.591,Urban,Fog,Video,1.0,5.0,25.67,37.88
User_140,28,140,5,3,87.72,0.483,Highway,Fog,Text,4.0,6.0,100.0,31.88
User_141,28,141,2,0,42.28,0.609,Urban,Clear,Sensor,1.0,1.0,95.5,26.4
User_142,28,142,3,3,73.87,0.663,Urban,Fog,Emergency,1.0,2.0,69.5,43.16
User_143,28,143,2,2,66.12,0.953,Urban,Clear,Video,4.0,4.0,100.0,32.28
User_144,28,144,1,3,134.95,0.611,Rural,Clear,Emergency,5.0,4.0,100.0,22.21
User_145,28,145,6,0,38.11,0.811,Urban,Rain,Emergency,5.0,3.0,100.0,29.31
User_146,28,146,2,2,98.56,0.3,Urban,Clear,Text,4.0,2.0,69.5,23.46
User_147,28,147,6,2,49.37,0.311,Highway,Rain,Sensor,5.0,6.0,100.0,18.15
User_148,28,148,2,2,63.85,0.869,Urban,Rain,Video,3.0,2.0,69.5,35.95
User_149,28,149,6,0,127.56,0.655,Highway,Rain,Sensor,5.0,3.0,100.0,25.65
User_150,28,150,0,0,140.0,0.367,Rural,Clear,Video,2.0,1.0,95.5,18.7
User_151,28,151,1,3,78.45,0.682,Rural,Rain,Emergency,1.0,2.0,69.5,31.58
User_152,28,152,7,1,83.66,0.353,Rural,Clear,Emergency,1.0,5.0,25.67,16.8
User_153,28,153,0,2,67.47,0.396,Rural,Fog,Emergency,5.0,2.0,69.5,26.96
User_154,28,154,7,3,46.38,0.066,Urban,Rain,Sensor,4.0,6.0,100.0,23.38
User_155,28,155,6,2,109.28,0.302,Urban,Rain,Sensor,5.0,6.0,100.0,23.81
User_156,28,156,5,3,46.21,0.289,Highway,Clear,Emergency,1.0,5.0,25.67,22.72
User_157,28,157,4,2,43.83,0.078,Urban,Clear,Text,2.0,6.0,100.0,18.48
User_158,28,158,7,1,48.99,0.538,Urban,Clear,Text,5.0,5.0,25.67,20.54
User_159,28,159,1,3,79.31,0.695,Highway,Rain,Video,4.0,2.0,69.5,29.8
User_160,28,160,5,1,93.88,0.336,Urban,Rain,Sensor,1.0,6.0,100.0,28.86
User_161,28,161,2,2,46.66,0.455,Rural,Rain,Emergency,3.0,2.0,69.5,27.22
User_162,28,162,4,2,123.87,0.804,Urban,Rain,Video,4.0,6.0,100.0,36.78
User_163,28,163,3,1,24.45,0.07,Highway,Fog,Text,4.0,1.0,95.5,28.78
User_164,28,164,5,3,22.87,0.665,Highway,Fog,Text,3.0,6.0,100.0,32.66
User_165,28,165,4,0,84.27,0.682,Rural,Rain,Text,1.0,5.0,25.67,36.76
User_166,28,166,6,2,64.8,0.727,Urban,Rain,Video,3.0,6.0,100.0,28.85
User_167,28,167,4,0,70.6,0.466,Highway,Rain,Video,3.0,6.0,100.0,31.11
User_168,28,168,1,1,61.26,0.736,Highway,Rain,Emergency,5.0,1.0,95.5,29.88
User_169,28,169,1,3,13.65,0.432,Rural,Clear,Video,1.0,2.0,69.5,20.89
User_170,28,170,6,0,32.37,0.404,Rural,Fog,Video,1.0,5.0,25.67,31.03
User_171,28,171,4,2,35.0,0.714,Rural,Rain,Emergency,2.0,6.0,100.0,30.76
User_172,28,172,3,3,80.27,0.445,Highway,Fog,Video,4.0,2.0,69.5,36.08
User_173,28,173,5,1,27.89,0.622,Urban,Fog,Video,2.0,6.0,100.0,36.17
User_174,28,174,5,1,55.85,0.034,Highway,Fog,Text,5.0,3.0,100.0,24.19
User_175,28,175,1,3,20.34,0.737,Rural,Fog,Video,2.0,2.0,69.5,35.67
User_176,28,176,4,2,69.05,0.759,Rural,Fog,Text,1.0,5.0,25.67,42.46
User_177,28,177,5,1,46.51,0.633,Urban,Clear,Sensor,2.0,3.0,100.0,26.89
User_178,28,178,1,1,37.73,0.456,Highway,Rain,Video,2.0,1.0,95.5,24.97
User_179,28,179,4,0,94.34,0.573,Highway,Rain,Video,5.0,3.0,100.0,28.43
User_180,28,180,1,3,92.4,0.697,Rural,Clear,Text,1.0,2.0,69.5,27.23
User_181,28,181,4,0,75.8,0.321,Rural,Fog,Text,2.0,6.0,100.0,36.09
User_182,28,182,5,3,44.65,0.565,Rural,Fog,Emergency,4.0,6.0,100.0,33.81
User_183,28,183,4,0,52.1,0.654,Highway,Clear,Emergency,2.0,6.0,100.0,28.37
User_184,28,184,1,3,58.97,0.297,Rural,Fog,Text,4.0,2.0,69.5,30.22
User_185,28,185,7,3,30.49,0.591,Rural,Clear,Video,2.0,6.0,100.0,23.78
User_186,28,186,5,1,21.07,0.322,Highway,Fog,Sensor,5.0,3.0,100.0,27.46
User_187,28,187,1,3,28.55,0.482,Highway,Rain,Video,1.0,2.0,69.5,25.09
User_188,28,188,4,2,39.94,0.797,Rural,Fog,Sensor,1.0,5.0,25.67,42.15
User_189,28,189,3,3,24.82,0.072,Highway,Clear,Sensor,1.0,2.0,69.5,18.82
User_190,28,190,3,3,56.08,0.798,Rural,Fog,Text,1.0,2.0,69.5,42.65
User_191,28,191,4,0,34.65,0.335,Rural,Fog,Sensor,1.0,5.0,25.67,35.06
User_192,28,192,3,3,42.05,0.472,Rural,Clear,Emergency,5.0,4.0,100.0,22.34
User_193,28,193,3,1,140.0,0.674,Urban,Clear,Text,4.0,1.0,95.5,35.31
User_194,28,194,7,1,82.91,0.868,Highway,Clear,Video,3.0,5.0,25.67,22.51
User_195,28,195,7,3,93.83,0.436,Highway,Clear,Sensor,3.0,6.0,100.0,21.35
User_196,28,196,0,2,77.21,0.63,Rural,Clear,Text,3.0,2.0,69.5,20.77
User_197,28,197,2,2,46.81,0.463,Rural,Clear,Video,3.0,2.0,69.5,22.35
User_198,28,198,4,2,44.05,0.894,Urban,Rain,Video,2.0,6.0,100.0,35.73
User_199,28,199,4,2,76.37,0.385,Rural,Fog,Sensor,3.0,6.0,100.0,32.07
User_200,28,200,1,1,33.48,0.825,Rural,Clear,Emergency,2.0,1.0,95.5,27.38
User_201,28,201,4,0,47.9,0.309,Urban,Fog,Text,4.0,3.0,100.0,32.07
User_202,28,202,7,1,28.73,0.574,Rural,Fog,Video,1.0,5.0,25.67,28.47
User_203,28,203,0,0,50.3,0.455,Urban,Clear,Video,3.0,1.0,95.5,19.33
User_204,28,204,1,3,49.21,0.287,Highway,Clear,Text,1.0,2.0,69.5,17.78
User_205,28,205,6,0,17.43,0.942,Highway,Rain,Text,5.0,3.0,100.0,26.65
User_206,28,206,6,2,63.02,0.44,Urban,Fog,Sensor,2.0,6.0,100.0,29.49
User_7,29,7,2,0,79.49,0.528,Urban,Rain,Emergency,3.0,1.0,95.5,31.3
User_8,29,8,5,3,69.55,0.416,Rural,Clear,Emergency,3.0,6.0,100.0,22.33
User_9,29,9,6,2,50.68,0.364,Rural,Fog,Sensor,5.0,6.0,100.0,25.98
User_10,29,10,6,2,34.78,0.818,Highway,Rain,Sensor,3.0,6.0,100.0,25.31
User_11,29,11,7,3,27.75,0.342,Highway,Fog,Sensor,5.0,6.0,100.0,27.96
User_12,29,12,4,0,63.73,0.264,Highway,Clear,Emergency,5.0,3.0,100.0,17.87
User_13,29,13,6,0,87.76,0.333,Rural,Clear,Video,4.0,3.0,100.0,16.63
User_14,29,14,0,0,49.69,0.198,Highway,Rain,Sensor,5.0,1.0,95.5,16.46
User_15,29,15,4,0,75.0,0.652,Rural,Fog,Text,4.0,3.0,100.0,36.03
User_16,29,16,7,1,70.0,0.695,Urban,Rain,Text,5.0,5.0,25.67,28.52
User_17,29,17,7,3,31.04,0.159,Highway,Fog,Video,1.0,6.0,100.0,25.32
User_18,29,18,7,1,45.83,0.125,Highway,Rain,Text,1.0,5.0,25.67,15.25
User_19,29,19,0,0,61.96,0.876,Rural,Clear,Emergency,4.0,1.0,95.5,24.0
User_20,29,20,7,1,108.65,0.444,Highway,Rain,Video,4.0,5.0,25.67,21.92
User_21,29,21,1,1,30.68,0.813,Rural,Clear,Video,5.0,1.0,95.5,27.12
User_22,29,22,3,1,51.05,0.741,Urban,Rain,Text,5.0,4.0,100.0,38.65
User_23,29,23,2,0,123.01,0.855,Highway,Rain,Sensor,4.0,1.0,95.5,33.52
User_24,29,24,3,1,32.93,0.578,Rural,Clear,Sensor,3.0,1.0,95.5,28.66
User_25,29,25,0,2,25.85,0.754,Urban,Clear,Video,3.0,2.0,69.5,23.09
User_26,29,26,1,3,68.26,0.809,Urban,Clear,Sensor,3.0,2.0,69.5,30.18
User_27,29,27,5,3,108.56,0.615,Urban,Rain,Video,1.0,6.0,100.0,33.48
User_28,29,28,4,0,57.64,0.179,Highway,Rain,Emergency,1.0,6.0,100.0,26.41
User_29,29,29,3,3,25.02,0.251,Highway,Fog,Emergency,4.0,4.0,100.0,26.52
User_30,29,30,1,1,62.26,0.239,Highway,Clear,Emergency,3.0,1.0,95.5,17.45
User_31,29,31,4,0,22.76,0.703,Urban,Clear,Emergency,5.0,3.0,100.0,27.23
User_32,29,32,0,2,140.0,0.74,Rural,Rain,Emergency,5.0,2.0,69.5,29.3
User_33,29,33,1,1,126.43,0.208,Highway,Clear,Video,4.0,1.0,95.5,18.91
User_34,29,34,4,0,44.89,0.249,Highway,Fog,Emergency,3.0,3.0,100.0,27.08
User_35,29,35,5,1,59.59,0.659,Urban,Clear,Text,4.0,3.0,100.0,27.67
User_36,29,36,6,0,66.84,0.229,Urban,Fog,Video,4.0,3.0,100.0,26.44
User_37,29,37,3,3,28.87,0.607,Rural,Rain,Emergency,5.0,4.0,100.0,28.97
User_38,29,38,0,2,48.47,0.884,Urban,Rain,Emergency,5.0,2.0,69.5,30.71
User_39,29,39,3,1,46.09,0.139,Rural,Rain,Sensor,2.0,1.0,95.5,27.47
User_40,29,40,3,1,68.6,0.588,Rural,Clear,Sensor,5.0,4.0,100.0,29.88
User_41,29,41,2,2,57.05,0.503,Rural,Clear,Text,5.0,4.0,100.0,23.26
User_42,29,42,7,3,75.42,0.555,Urban,Rain,Video,3.0,6.0,100.0,31.59
User_43,29,43,4,0,74.4,0.481,Highway,Rain,Video,3.0,3.0,100.0,26.45
User_44,29,44,5,3,109.22,0.505,Highway,Fog,Emergency,4.0,6.0,100.0,32.85
User_45,29,45,3,3,33.74,0.308,Rural,Rain,Emergency,2.0,2.0,69.5,29.63
User_46,29,46,6,2,61.02,0.356,Rural,Rain,Video,5.0,6.0,100.0,21.17
User_47,29,47,1,1,15.19,0.223,Urban,Clear,Emergency,4.0,1.0,95.5,19.8
User_48,29,48,7,1,71.47,0.427,Highway,Rain,Sensor,1.0,5.0,25.67,20.55
User_49,29,49,0,0,79.85,0.629,Rural,Clear,Text,4.0,1.0,95.5,20.83
User_50,29,50,5,3,51.69,0.327,Highway,Clear,Sensor,5.0,6.0,100.0,18.46
User_51,29,51,4,2,60.88,0.825,Rural,Rain,Emergency,5.0,6.0,100.0,33.2
User_52,29,52,6,2,39.63,0.206,Rural,Fog,Text,1.0,6.0,100.0,23.28
User_53,29,53,0,2,69.79,0.196,Urban,Fog,Video,4.0,2.0,69.5,26.03
User_54,29,54,7,1,64.99,0.911,Urban,Clear,Text,2.0,5.0,25.67,26.61
User_55,29,55,7,1,51.32,0.763,Highway,Clear,Emergency,1.0,5.0,25.67,19.98
User_56,29,56,5,1,64.52,0.363,Urban,Clear,Emergency,3.0,3.0,100.0,23.38
User_57,29,57,7,1,31.74,0.384,Highway,Fog,Sensor,2.0,5.0,25.67,23.71
User_58,29,58,0,2,140.0,0.628,Urban,Fog,Video,3.0,2.0,69.5,34.62
User_59,29,59,1,1,33.99,0.425,Highway,Clear,Emergency,2.0,1.0,95.5,19.39
User_60,29,60,3,1,17.38,0.044,Highway,Clear,Sensor,4.0,4.0,100.0,18.18
User_61,29,61,4,2,40.82,0.495,Rural,Rain,Video,2.0,6.0,100.0,27.65
User_62,29,62,4,2,65.5,0.162,Highway,Clear,Sensor,4.0,6.0,100.0,16.39
User_63,29,63,1,3,105.98,0.682,Rural,Clear,Emergency,1.0,2.0,69.5,27.41
User_64,29,64,4,0,21.17,0.92,Highway,Clear,Video,5.0,3.0,100.0,26.44
User_65,29,65,3,3,50.01,0.685,Rural,Rain,Emergency,4.0,4.0,100.0,30.78
User_66,29,66,3,3,136.61,0.664,Rural,Rain,Sensor,3.0,2.0,69.5,38.06
User_67,29,67,3,3,52.99,0.357,Highway,Clear,Text,1.0,2.0,69.5,23.94
User_68,29,68,5,3,23.01,0.513,Highway,Fog,Text,3.0,6.0,100.0,30.39
User_69,29,69,5,3,66.11,0.477,Urban,Fog,Sensor,4.0,6.0,100.0,35.14
User_70,29,70,7,1,115.47,0.865,Urban,Rain,Text,5.0,5.0,25.67,32.44
User_71,29,71,7,3,62.24,0.383,Urban,Fog,Sensor,5.0,6.0,100.0,33.61
User_72,29,72,5,3,19.4,0.609,Highway,Clear,Sensor,2.0,6.0,100.0,21.72
User_73,29,73,6,2,62.24,0.717,Highway,Fog,Text,5.0,6.0,100.0,29.62
User_74,29,74,0,0,104.16,0.012,Rural,Fog,Emergency,4.0,1.0,95.5,22.3
User_75,29,75,7,1,49.72,0.868,Urban,Fog,Sensor,2.0,5.0,25.67,35.51
User_76,29,76,1,1,74.63,0.211,Highway,Clear,Emergency,3.0,1.0,95.5,17.4
User_77,29,77,3,1,29.0,0.526,Urban,Rain,Video,2.0,1.0,95.5,34.76
User_78,29,78,7,3,45.74,0.11,Urban,Fog,Emergency,3.0,6.0,100.0,29.02
User_79,29,79,6,0,36.94,0.299,Highway,Fog,Text,4.0,3.0,100.0,22.59
User_80,29,80,1,3,99.36,0.286,Urban,Rain,Text,5.0,4.0,100.0,23.27
User_81,29,81,3,1,48.24,0.126,Urban,Clear,Emergency,3.0,1.0,95.5,24.34
User_82,29,82,7,1,48.26,0.696,Highway,Fog,Sensor,4.0,5.0,25.67,28.89
User_83,29,83,7,1,54.61,0.318,Highway,Clear,Sensor,3.0,5.0,25.67,13.41
User_84,29,84,5,1,52.28,0.136,Rural,Fog,Text,3.0,6.0,100.0,27.61
User_85,29,85,6,0,28.7,0.548,Highway,Clear,Emergency,1.0,5.0,25.67,21.08
User_86,29,86,6,0,12.41,0.941,Highway,Clear,Emergency,1.0,5.0,25.67,26.49
User_87,29,87,0,2,45.0,0.715,Rural,Fog,Text,1.0,2.0,69.5,31.08
User_88,29,88,3,1,75.49,0.578,Highway,Fog,Text,1.0,1.0,95.5,37.93
User_89,29,89,6,2,40.52,0.545,Highway,Rain,Sensor,1.0,6.0,100.0,21.39
User_90,29,90,4,0,67.21,0.237,Rural,Rain,Emergency,4.0,3.0,100.0,24.57
User_91,29,91,5,1,56.28,0.415,Highway,Clear,Video,5.0,3.0,100.0,19.91
User_92,29,92,4,2,88.84,0.809,Highway,Rain,Emergency,1.0,6.0,100.0,31.8
User_93,29,93,1,3,93.03,0.21,Highway,Fog,Text,4.0,4.0,100.0,22.94
User_94,29,94,0,2,64.44,0.774,Highway,Fog,Sensor,5.0,2.0,69.5,30.54
User_95,29,95,5,3,27.92,0.12,Highway,Fog,Emergency,5.0,6.0,100.0,24.64
User_96,29,96,6,2,28.55,0.405,Urban,Rain,Text,5.0,6.0,100.0,22.93
User_97,29,97,7,1,56.03,0.415,Urban,Rain,Video,5.0,5.0,25.67,23.91
User_98,29,98,5,1,42.1,0.503,Rural,Clear,Video,3.0,6.0,100.0,22.81
User_99,29,99,0,0,31.34,0.633,Rural,Clear,Sensor,5.0,1.0,95.5,19.44
User_100,29,100,0,2,63.4,0.926,Highway,Clear,Video,3.0,2.0,69.5,22.79
User_101,29,101,4,0,54.2,0.85,Urban,Clear,Sensor,4.0,3.0,100.0,30.38
User_102,29,102,1,1,19.14,0.378,Highway,Clear,Video,3.0,1.0,95.5,18.24
User_103,29,103,3,1,69.93,0.6,Urban,Fog,Text,4.0,4.0,100.0,42.1
User_104,29,104,2,0,57.03,0.259,Highway,Fog,Video,4.0,1.0,95.5,27.6
User_105,29,105,4,0,31.72,0.762,Highway,Fog,Emergency,5.0,3.0,100.0,34.38
User_106,29,106,1,3,50.27,0.453,Urban,Clear,Sensor,2.0,2.0,69.5,24.3
User_107,29,107,3,3,73.73,0.338,Highway,Clear,Emergency,1.0,2.0,69.5,24.28
User_108,29,108,2,2,45.4,0.802,Urban,Fog,Video,5.0,4.0,100.0,39.39
User_109,29,109,0,0,54.94,0.875,Rural,Clear,Emergency,4.0,1.0,95.5,23.77
User_110,29,110,7,3,86.05,0.402,Highway,Rain,Sensor,5.0,6.0,100.0,25.61
User_111,29,111,5,1,43.99,0.862,Highway,Fog,Text,3.0,6.0,100.0,36.25
User_112,29,112,3,3,65.07,0.697,Urban,Rain,Text,5.0,4.0,100.0,33.41
User_113,29,113,6,2,51.91,0.609,Highway,Rain,Sensor,4.0,6.0,100.0,22.69
User_114,29,114,3,1,55.09,0.486,Urban,Fog,Text,3.0,1.0,95.5,39.94
User_115,29,115,1,3,19.84,0.332,Highway,Clear,Video,4.0,4.0,100.0,12.58
User_116,29,116,4,2,74.66,0.42,Highway,Clear,Emergency,4.0,6.0,100.0,20.54
User_117,29,117,6,2,41.84,0.246,Highway,Fog,Emergency,2.0,6.0,100.0,21.95
User_118,29,118,3,3,77.6,0.448,Urban,Clear,Sensor,5.0,4.0,100.0,25.05
User_119,29,119,5,3,49.34,0.623,Urban,Clear,Emergency,4.0,6.0,100.0,26.83
User_120,29,120,1,1,108.23,0.693,Urban,Rain,Sensor,2.0,1.0,95.5,34.64
User_121,29,121,4,0,49.54,0.651,Highway,Rain,Emergency,1.0,6.0,100.0,33.25
User_122,29,122,2,2,62.3,0.558,Rural,Rain,Emergency,2.0,2.0,69.5,29.24
User_123,29,123,6,2,47.43,0.468,Highway,Fog,Emergency,1.0,5.0,25.67,30.44
User_124,29,124,0,2,87.97,0.583,Rural,Fog,Video,4.0,2.0,69.5,30.38
User_125,29,125,3,1,35.19,0.692,Highway,Fog,Emergency,5.0,4.0,100.0,38.44
User_126,29,126,4,0,45.26,0.292,Highway,Fog,Text,5.0,3.0,100.0,27.74
User_127,29,127,2,0,123.18,0.644,Urban,Fog,Video,4.0,1.0,95.5,39.36
User_128,29,128,2,0,56.79,0.237,Rural,Rain,Sensor,3.0,1.0,95.5,24.26
User_129,29,129,4,2,77.3,0.265,Rural,Fog,Video,4.0,6.0,100.0,30.29
User_130,29,130,4,0,58.24,0.912,Urban,Rain,Emergency,1.0,5.0,25.67,41.43
User_131,29,131,7,3,31.28,0.86,Rural,Rain,Sensor,4.0,6.0,100.0,32.84
User_132,29,132,7,1,52.6,0.283,Urban,Clear,Text,2.0,5.0,25.67,16.82
User_133,29,133,7,1,75.25,0.17,Rural,Fog,Text,4.0,5.0,25.67,23.81
User_134,29,134,7,1,79.48,0.886,Rural,Fog,Emergency,5.0,5.0,25.67,34.67
User_135,29,135,5,1,67.97,0.515,Urban,Rain,Video,3.0,6.0,100.0,30.76
User_136,29,136,1,1,49.83,0.172,Highway,Rain,Emergency,3.0,1.0,95.5,21.07
User_137,29,137,6,0,101.02,0.543,Urban,Fog,Emergency,4.0,3.0,100.0,32.18
User_138,29,138,2,2,28.64,0.68,Highway,Rain,Emergency,5.0,4.0,100.0,28.06
User_139,29,139,6,0,100.44,0.591,Urban,Fog,Video,1.0,5.0,25.67,37.88
User_140,29,140,5,3,87.72,0.483,Highway,Fog,Text,4.0,6.0,100.0,31.88
User_141,29,141,2,0,42.28,0.609,Urban,Clear,Sensor,1.0,1.0,95.5,26.4
User_142,29,142,3,3,73.87,0.663,Urban,Fog,Emergency,1.0,2.0,69.5,43.16
User_143,29,143,2,2,66.12,0.953,Urban,Clear,Video,4.0,4.0,100.0,32.28
User_144,29,144,1,3,134.95,0.611,Rural,Clear,Emergency,5.0,4.0,100.0,22.21
User_145,29,145,6,0,38.11,0.811,Urban,Rain,Emergency,5.0,3.0,100.0,29.31
User_146,29,146,2,2,98.56,0.3,Urban,Clear,Text,4.0,2.0,69.5,23.46
User_147,29,147,6,2,49.37,0.311,Highway,Rain,Sensor,5.0,6.0,100.0,18.15
User_148,29,148,2,2,63.85,0.869,Urban,Rain,Video,3.0,2.0,69.5,35.95
User_149,29,149,6,0,127.56,0.655,Highway,Rain,Sensor,5.0,3.0,100.0,25.65
User_150,29,150,0,0,140.0,0.367,Rural,Clear,Video,2.0,1.0,95.5,18.7
User_151,29,151,1,3,78.45,0.682,Rural,Rain,Emergency,1.0,2.0,69.5,31.58
User_152,29,152,7,1,83.66,0.353,Rural,Clear,Emergency,1.0,5.0,25.67,16.8
User_153,29,153,0,2,67.47,0.396,Rural,Fog,Emergency,5.0,2.0,69.5,26.96
User_154,29,154,7,3,46.38,0.066,Urban,Rain,Sensor,4.0,6.0,100.0,23.38
User_155,29,155,6,2,109.28,0.302,Urban,Rain,Sensor,5.0,6.0,100.0,23.81
User_156,29,156,5,3,46.21,0.289,Highway,Clear,Emergency,1.0,5.0,25.67,22.72
User_157,29,157,4,2,43.83,0.078,Urban,Clear,Text,2.0,6.0,100.0,18.48
User_158,29,158,7,1,48.99,0.538,Urban,Clear,Text,5.0,5.0,25.67,20.54
User_159,29,159,1,3,79.31,0.695,Highway,Rain,Video,4.0,2.0,69.5,29.8
User_160,29,160,5,1,93.88,0.336,Urban,Rain,Sensor,1.0,6.0,100.0,28.86
User_161,29,161,2,2,46.66,0.455,Rural,Rain,Emergency,3.0,2.0,69.5,27.22
User_162,29,162,4,2,123.87,0.804,Urban,Rain,Video,4.0,6.0,100.0,36.78
User_163,29,163,3,1,24.45,0.07,Highway,Fog,Text,4.0,1.0,95.5,28.78
User_164,29,164,5,3,22.87,0.665,Highway,Fog,Text,3.0,6.0,100.0,32.66
User_165,29,165,4,0,84.27,0.682,Rural,Rain,Text,1.0,5.0,25.67,36.76
User_166,29,166,6,2,64.8,0.727,Urban,Rain,Video,3.0,6.0,100.0,28.85
User_167,29,167,4,0,70.6,0.466,Highway,Rain,Video,3.0,6.0,100.0,31.11
User_168,29,168,1,1,61.26,0.736,Highway,Rain,Emergency,5.0,1.0,95.5,29.88
User_169,29,169,1,3,13.65,0.432,Rural,Clear,Video,1.0,2.0,69.5,20.89
User_170,29,170,6,0,32.37,0.404,Rural,Fog,Video,1.0,5.0,25.67,31.03
User_171,29,171,4,2,35.0,0.714,Rural,Rain,Emergency,2.0,6.0,100.0,30.76
User_172,29,172,3,3,80.27,0.445,Highway,Fog,Video,4.0,2.0,69.5,36.08
User_173,29,173,5,1,27.89,0.622,Urban,Fog,Video,2.0,6.0,100.0,36.17
User_174,29,174,5,1,55.85,0.034,Highway,Fog,Text,5.0,3.0,100.0,24.19
User_175,29,175,1,3,20.34,0.737,Rural,Fog,Video,2.0,2.0,69.5,35.67
User_176,29,176,4,2,69.05,0.759,Rural,Fog,Text,1.0,5.0,25.67,42.46
User_177,29,177,5,1,46.51,0.633,Urban,Clear,Sensor,2.0,3.0,100.0,26.89
User_178,29,178,1,1,37.73,0.456,Highway,Rain,Video,2.0,1.0,95.5,24.97
User_179,29,179,4,0,94.34,0.573,Highway,Rain,Video,5.0,3.0,100.0,28.43
User_180,29,180,1,3,92.4,0.697,Rural,Clear,Text,1.0,2.0,69.5,27.23
User_181,29,181,4,0,75.8,0.321,Rural,Fog,Text,2.0,6.0,100.0,36.09
User_182,29,182,5,3,44.65,0.565,Rural,Fog,Emergency,4.0,6.0,100.0,33.81
User_183,29,183,4,0,52.1,0.654,Highway,Clear,Emergency,2.0,6.0,100.0,28.37
User_184,29,184,1,3,58.97,0.297,Rural,Fog,Text,4.0,2.0,69.5,30.22
User_185,29,185,7,3,30.49,0.591,Rural,Clear,Video,2.0,6.0,100.0,23.78
User_186,29,186,5,1,21.07,0.322,Highway,Fog,Sensor,5.0,3.0,100.0,27.46
User_187,29,187,1,3,28.55,0.482,Highway,Rain,Video,1.0,2.0,69.5,25.09
User_188,29,188,4,2,39.94,0.797,Rural,Fog,Sensor,1.0,5.0,25.67,42.15
User_189,29,189,3,3,24.82,0.072,Highway,Clear,Sensor,1.0,2.0,69.5,18.82
User_190,29,190,3,3,56.08,0.798,Rural,Fog,Text,1.0,2.0,69.5,42.65
User_191,29,191,4,0,34.65,0.335,Rural,Fog,Sensor,1.0,5.0,25.67,35.06
User_192,29,192,3,3,42.05,0.472,Rural,Clear,Emergency,5.0,4.0,100.0,22.34
User_193,29,193,3,1,140.0,0.674,Urban,Clear,Text,4.0,1.0,95.5,35.31
User_194,29,194,7,1,82.91,0.868,Highway,Clear,Video,3.0,5.0,25.67,22.51
User_195,29,195,7,3,93.83,0.436,Highway,Clear,Sensor,3.0,6.0,100.0,21.35
User_196,29,196,0,2,77.21,0.63,Rural,Clear,Text,3.0,2.0,69.5,20.77
User_197,29,197,2,2,46.81,0.463,Rural,Clear,Video,3.0,2.0,69.5,22.35
User_198,29,198,4,2,44.05,0.894,Urban,Rain,Video,2.0,6.0,100.0,35.73
User_199,29,199,4,2,76.37,0.385,Rural,Fog,Sensor,3.0,6.0,100.0,32.07
User_200,29,200,1,1,33.48,0.825,Rural,Clear,Emergency,2.0,1.0,95.5,27.38
User_201,29,201,4,0,47.9,0.309,Urban,Fog,Text,4.0,3.0,100.0,32.07
User_202,29,202,7,1,28.73,0.574,Rural,Fog,Video,1.0,5.0,25.67,28.47
User_203,29,203,0,0,50.3,0.455,Urban,Clear,Video,3.0,1.0,95.5,19.33
User_204,29,204,1,3,49.21,0.287,Highway,Clear,Text,1.0,2.0,69.5,17.78
User_205,29,205,6,0,17.43,0.942,Highway,Rain,Text,5.0,3.0,100.0,26.65
User_206,29,206,6,2,63.02,0.44,Urban,Fog,Sensor,2.0,6.0,100.0,29.49
User_7,30,7,2,0,79.49,0.528,Urban,Rain,Emergency,3.0,1.0,95.5,31.3
User_8,30,8,5,3,69.55,0.416,Rural,Clear,Emergency,3.0,6.0,100.0,22.33
User_9,30,9,6,2,50.68,0.364,Rural,Fog,Sensor,5.0,6.0,100.0,25.98
User_10,30,10,6,2,34.78,0.818,Highway,Rain,Sensor,3.0,6.0,100.0,25.31
User_11,30,11,7,3,27.75,0.342,Highway,Fog,Sensor,5.0,6.0,100.0,27.96
User_12,30,12,4,0,63.73,0.264,Highway,Clear,Emergency,5.0,3.0,100.0,17.87
User_13,30,13,6,0,87.76,0.333,Rural,Clear,Video,4.0,3.0,100.0,16.63
User_14,30,14,0,0,49.69,0.198,Highway,Rain,Sensor,5.0,1.0,95.5,16.46
User_15,30,15,4,0,75.0,0.652,Rural,Fog,Text,4.0,3.0,100.0,36.03
User_16,30,16,7,1,70.0,0.695,Urban,Rain,Text,5.0,5.0,25.67,28.52
User_17,30,17,7,3,31.04,0.159,Highway,Fog,Video,1.0,6.0,100.0,25.32
User_18,30,18,7,1,45.83,0.125,Highway,Rain,Text,1.0,5.0,25.67,15.25
User_19,30,19,0,0,61.96,0.876,Rural,Clear,Emergency,4.0,1.0,95.5,24.0
User_20,30,20,7,1,108.65,0.444,Highway,Rain,Video,4.0,5.0,25.67,21.92
User_21,30,21,1,1,30.68,0.813,Rural,Clear,Video,5.0,1.0,95.5,27.12
User_22,30,22,3,1,51.05,0.741,Urban,Rain,Text,5.0,4.0,100.0,38.65
User_23,30,23,2,0,123.01,0.855,Highway,Rain,Sensor,4.0,1.0,95.5,33.52
User_24,30,24,3,1,32.93,0.578,Rural,Clear,Sensor,3.0,1.0,95.5,28.66
User_25,30,25,0,2,25.85,0.754,Urban,Clear,Video,3.0,2.0,69.5,23.09
User_26,30,26,1,3,68.26,0.809,Urban,Clear,Sensor,3.0,2.0,69.5,30.18
User_27,30,27,5,3,108.56,0.615,Urban,Rain,Video,1.0,6.0,100.0,33.48
User_28,30,28,4,0,57.64,0.179,Highway,Rain,Emergency,1.0,6.0,100.0,26.41
User_29,30,29,3,3,25.02,0.251,Highway,Fog,Emergency,4.0,4.0,100.0,26.52
User_30,30,30,1,1,62.26,0.239,Highway,Clear,Emergency,3.0,1.0,95.5,17.45
User_31,30,31,4,0,22.76,0.703,Urban,Clear,Emergency,5.0,3.0,100.0,27.23
User_32,30,32,0,2,140.0,0.74,Rural,Rain,Emergency,5.0,2.0,69.5,29.3
User_33,30,33,1,1,126.43,0.208,Highway,Clear,Video,4.0,1.0,95.5,18.91
User_34,30,34,4,0,44.89,0.249,Highway,Fog,Emergency,3.0,3.0,100.0,27.08
User_35,30,35,5,1,59.59,0.659,Urban,Clear,Text,4.0,3.0,100.0,27.67
User_36,30,36,6,0,66.84,0.229,Urban,Fog,Video,4.0,3.0,100.0,26.44
User_37,30,37,3,3,28.87,0.607,Rural,Rain,Emergency,5.0,4.0,100.0,28.97
User_38,30,38,0,2,48.47,0.884,Urban,Rain,Emergency,5.0,2.0,69.5,30.71
User_39,30,39,3,1,46.09,0.139,Rural,Rain,Sensor,2.0,1.0,95.5,27.47
User_40,30,40,3,1,68.6,0.588,Rural,Clear,Sensor,5.0,4.0,100.0,29.88
User_41,30,41,2,2,57.05,0.503,Rural,Clear,Text,5.0,4.0,100.0,23.26
User_42,30,42,7,3,75.42,0.555,Urban,Rain,Video,3.0,6.0,100.0,31.59
User_43,30,43,4,0,74.4,0.481,Highway,Rain,Video,3.0,3.0,100.0,26.45
User_44,30,44,5,3,109.22,0.505,Highway,Fog,Emergency,4.0,6.0,100.0,32.85
User_45,30,45,3,3,33.74,0.308,Rural,Rain,Emergency,2.0,2.0,69.5,29.63
User_46,30,46,6,2,61.02,0.356,Rural,Rain,Video,5.0,6.0,100.0,21.17
User_47,30,47,1,1,15.19,0.223,Urban,Clear,Emergency,4.0,1.0,95.5,19.8
User_48,30,48,7,1,71.47,0.427,Highway,Rain,Sensor,1.0,5.0,25.67,20.55
User_49,30,49,0,0,79.85,0.629,Rural,Clear,Text,4.0,1.0,95.5,20.83
User_50,30,50,5,3,51.69,0.327,Highway,Clear,Sensor,5.0,6.0,100.0,18.46
User_51,30,51,4,2,60.88,0.825,Rural,Rain,Emergency,5.0,6.0,100.0,33.2
User_52,30,52,6,2,39.63,0.206,Rural,Fog,Text,1.0,6.0,100.0,23.28
User_53,30,53,0,2,69.79,0.196,Urban,Fog,Video,4.0,2.0,69.5,26.03
User_54,30,54,7,1,64.99,0.911,Urban,Clear,Text,2.0,5.0,25.67,26.61
User_55,30,55,7,1,51.32,0.763,Highway,Clear,Emergency,1.0,5.0,25.67,19.98
User_56,30,56,5,1,64.52,0.363,Urban,Clear,Emergency,3.0,3.0,100.0,23.38
User_57,30,57,7,1,31.74,0.384,Highway,Fog,Sensor,2.0,5.0,25.67,23.71
User_58,30,58,0,2,140.0,0.628,Urban,Fog,Video,3.0,2.0,69.5,34.62
User_59,30,59,1,1,33.99,0.425,Highway,Clear,Emergency,2.0,1.0,95.5,19.39
User_60,30,60,3,1,17.38,0.044,Highway,Clear,Sensor,4.0,4.0,100.0,18.18
User_61,30,61,4,2,40.82,0.495,Rural,Rain,Video,2.0,6.0,100.0,27.65
User_62,30,62,4,2,65.5,0.162,Highway,Clear,Sensor,4.0,6.0,100.0,16.39
User_63,30,63,1,3,105.98,0.682,Rural,Clear,Emergency,1.0,2.0,69.5,27.41
User_64,30,64,4,0,21.17,0.92,Highway,Clear,Video,5.0,3.0,100.0,26.44
User_65,30,65,3,3,50.01,0.685,Rural,Rain,Emergency,4.0,4.0,100.0,30.78
User_66,30,66,3,3,136.61,0.664,Rural,Rain,Sensor,3.0,2.0,69.5,38.06
User_67,30,67,3,3,52.99,0.357,Highway,Clear,Text,1.0,2.0,69.5,23.94
User_68,30,68,5,3,23.01,0.513,Highway,Fog,Text,3.0,6.0,100.0,30.39
User_69,30,69,5,3,66.11,0.477,Urban,Fog,Sensor,4.0,6.0,100.0,35.14
User_70,30,70,7,1,115.47,0.865,Urban,Rain,Text,5.0,5.0,25.67,32.44
User_71,30,71,7,3,62.24,0.383,Urban,Fog,Sensor,5.0,6.0,100.0,33.61
User_72,30,72,5,3,19.4,0.609,Highway,Clear,Sensor,2.0,6.0,100.0,21.72
User_73,30,73,6,2,62.24,0.717,Highway,Fog,Text,5.0,6.0,100.0,29.62
User_74,30,74,0,0,104.16,0.012,Rural,Fog,Emergency,4.0,1.0,95.5,22.3
User_75,30,75,7,1,49.72,0.868,Urban,Fog,Sensor,2.0,5.0,25.67,35.51
User_76,30,76,1,1,74.63,0.211,Highway,Clear,Emergency,3.0,1.0,95.5,17.4
User_77,30,77,3,1,29.0,0.526,Urban,Rain,Video,2.0,1.0,95.5,34.76
User_78,30,78,7,3,45.74,0.11,Urban,Fog,Emergency,3.0,6.0,100.0,29.02
User_79,30,79,6,0,36.94,0.299,Highway,Fog,Text,4.0,3.0,100.0,22.59
User_80,30,80,1,3,99.36,0.286,Urban,Rain,Text,5.0,4.0,100.0,23.27
User_81,30,81,3,1,48.24,0.126,Urban,Clear,Emergency,3.0,1.0,95.5,24.34
User_82,30,82,7,1,48.26,0.696,Highway,Fog,Sensor,4.0,5.0,25.67,28.89
User_83,30,83,7,1,54.61,0.318,Highway,Clear,Sensor,3.0,5.0,25.67,13.41
User_84,30,84,5,1,52.28,0.136,Rural,Fog,Text,3.0,6.0,100.0,27.61
User_85,30,85,6,0,28.7,0.548,Highway,Clear,Emergency,1.0,5.0,25.67,21.08
User_86,30,86,6,0,12.41,0.941,Highway,Clear,Emergency,1.0,5.0,25.67,26.49
User_87,30,87,0,2,45.0,0.715,Rural,Fog,Text,1.0,2.0,69.5,31.08
User_88,30,88,3,1,75.49,0.578,Highway,Fog,Text,1.0,1.0,95.5,37.93
User_89,30,89,6,2,40.52,0.545,Highway,Rain,Sensor,1.0,6.0,100.0,21.39
User_90,30,90,4,0,67.21,0.237,Rural,Rain,Emergency,4.0,3.0,100.0,24.57
User_91,30,91,5,1,56.28,0.415,Highway,Clear,Video,5.0,3.0,100.0,19.91
User_92,30,92,4,2,88.84,0.809,Highway,Rain,Emergency,1.0,6.0,100.0,31.8
User_93,30,93,1,3,93.03,0.21,Highway,Fog,Text,4.0,4.0,100.0,22.94
User_94,30,94,0,2,64.44,0.774,Highway,Fog,Sensor,5.0,2.0,69.5,30.54
User_95,30,95,5,3,27.92,0.12,Highway,Fog,Emergency,5.0,6.0,100.0,24.64
User_96,30,96,6,2,28.55,0.405,Urban,Rain,Text,5.0,6.0,100.0,22.93
User_97,30,97,7,1,56.03,0.415,Urban,Rain,Video,5.0,5.0,25.67,23.91
User_98,30,98,5,1,42.1,0.503,Rural,Clear,Video,3.0,6.0,100.0,22.81
User_99,30,99,0,0,31.34,0.633,Rural,Clear,Sensor,5.0,1.0,95.5,19.44
User_100,30,100,0,2,63.4,0.926,Highway,Clear,Video,3.0,2.0,69.5,22.79
User_101,30,101,4,0,54.2,0.85,Urban,Clear,Sensor,4.0,3.0,100.0,30.38
User_102,30,102,1,1,19.14,0.378,Highway,Clear,Video,3.0,1.0,95.5,18.24
User_103,30,103,3,1,69.93,0.6,Urban,Fog,Text,4.0,4.0,100.0,42.1
User_104,30,104,2,0,57.03,0.259,Highway,Fog,Video,4.0,1.0,95.5,27.6
User_105,30,105,4,0,31.72,0.762,Highway,Fog,Emergency,5.0,3.0,100.0,34.38
User_106,30,106,1,3,50.27,0.453,Urban,Clear,Sensor,2.0,2.0,69.5,24.3
User_107,30,107,3,3,73.73,0.338,Highway,Clear,Emergency,1.0,2.0,69.5,24.28
User_108,30,108,2,2,45.4,0.802,Urban,Fog,Video,5.0,4.0,100.0,39.39
User_109,30,109,0,0,54.94,0.875,Rural,Clear,Emergency,4.0,1.0,95.5,23.77
User_110,30,110,7,3,86.05,0.402,Highway,Rain,Sensor,5.0,6.0,100.0,25.61
User_111,30,111,5,1,43.99,0.862,Highway,Fog,Text,3.0,6.0,100.0,36.25
User_112,30,112,3,3,65.07,0.697,Urban,Rain,Text,5.0,4.0,100.0,33.41
User_113,30,113,6,2,51.91,0.609,Highway,Rain,Sensor,4.0,6.0,100.0,22.69
User_114,30,114,3,1,55.09,0.486,Urban,Fog,Text,3.0,1.0,95.5,39.94
User_115,30,115,1,3,19.84,0.332,Highway,Clear,Video,4.0,4.0,100.0,12.58
User_116,30,116,4,2,74.66,0.42,Highway,Clear,Emergency,4.0,6.0,100.0,20.54
User_117,30,117,6,2,41.84,0.246,Highway,Fog,Emergency,2.0,6.0,100.0,21.95
User_118,30,118,3,3,77.6,0.448,Urban,Clear,Sensor,5.0,4.0,100.0,25.05
User_119,30,119,5,3,49.34,0.623,Urban,Clear,Emergency,4.0,6.0,100.0,26.83
User_120,30,120,1,1,108.23,0.693,Urban,Rain,Sensor,2.0,1.0,95.5,34.64
User_121,30,121,4,0,49.54,0.651,Highway,Rain,Emergency,1.0,6.0,100.0,33.25
User_122,30,122,2,2,62.3,0.558,Rural,Rain,Emergency,2.0,2.0,69.5,29.24
User_123,30,123,6,2,47.43,0.468,Highway,Fog,Emergency,1.0,5.0,25.67,30.44
User_124,30,124,0,2,87.97,0.583,Rural,Fog,Video,4.0,2.0,69.5,30.38
User_125,30,125,3,1,35.19,0.692,Highway,Fog,Emergency,5.0,4.0,100.0,38.44
User_126,30,126,4,0,45.26,0.292,Highway,Fog,Text,5.0,3.0,100.0,27.74
User_127,30,127,2,0,123.18,0.644,Urban,Fog,Video,4.0,1.0,95.5,39.36
User_128,30,128,2,0,56.79,0.237,Rural,Rain,Sensor,3.0,1.0,95.5,24.26
User_129,30,129,4,2,77.3,0.265,Rural,Fog,Video,4.0,6.0,100.0,30.29
User_130,30,130,4,0,58.24,0.912,Urban,Rain,Emergency,1.0,5.0,25.67,41.43
User_131,30,131,7,3,31.28,0.86,Rural,Rain,Sensor,4.0,6.0,100.0,32.84
User_132,30,132,7,1,52.6,0.283,Urban,Clear,Text,2.0,5.0,25.67,16.82
User_133,30,133,7,1,75.25,0.17,Rural,Fog,Text,4.0,5.0,25.67,23.81
User_134,30,134,7,1,79.48,0.886,Rural,Fog,Emergency,5.0,5.0,25.67,34.67
User_135,30,135,5,1,67.97,0.515,Urban,Rain,Video,3.0,6.0,100.0,30.76
User_136,30,136,1,1,49.83,0.172,Highway,Rain,Emergency,3.0,1.0,95.5,21.07
User_137,30,137,6,0,101.02,0.543,Urban,Fog,Emergency,4.0,3.0,100.0,32.18
User_138,30,138,2,2,28.64,0.68,Highway,Rain,Emergency,5.0,4.0,100.0,28.06
User_139,30,139,6,0,100.44,0.591,Urban,Fog,Video,1.0,5.0,25.67,37.88
User_140,30,140,5,3,87.72,0.483,Highway,Fog,Text,4.0,6.0,100.0,31.88
User_141,30,141,2,0,42.28,0.609,Urban,Clear,Sensor,1.0,1.0,95.5,26.4
User_142,30,142,3,3,73.87,0.663,Urban,Fog,Emergency,1.0,2.0,69.5,43.16
User_143,30,143,2,2,66.12,0.953,Urban,Clear,Video,4.0,4.0,100.0,32.28
User_144,30,144,1,3,134.95,0.611,Rural,Clear,Emergency,5.0,4.0,100.0,22.21
User_145,30,145,6,0,38.11,0.811,Urban,Rain,Emergency,5.0,3.0,100.0,29.31
User_146,30,146,2,2,98.56,0.3,Urban,Clear,Text,4.0,2.0,69.5,23.46
User_147,30,147,6,2,49.37,0.311,Highway,Rain,Sensor,5.0,6.0,100.0,18.15
User_148,30,148,2,2,63.85,0.869,Urban,Rain,Video,3.0,2.0,69.5,35.95
User_149,30,149,6,0,127.56,0.655,Highway,Rain,Sensor,5.0,3.0,100.0,25.65
User_150,30,150,0,0,140.0,0.367,Rural,Clear,Video,2.0,1.0,95.5,18.7
User_151,30,151,1,3,78.45,0.682,Rural,Rain,Emergency,1.0,2.0,69.5,31.58
User_152,30,152,7,1,83.66,0.353,Rural,Clear,Emergency,1.0,5.0,25.67,16.8
User_153,30,153,0,2,67.47,0.396,Rural,Fog,Emergency,5.0,2.0,69.5,26.96
User_154,30,154,7,3,46.38,0.066,Urban,Rain,Sensor,4.0,6.0,100.0,23.38
User_155,30,155,6,2,109.28,0.302,Urban,Rain,Sensor,5.0,6.0,100.0,23.81
User_156,30,156,5,3,46.21,0.289,Highway,Clear,Emergency,1.0,5.0,25.67,22.72
User_157,30,157,4,2,43.83,0.078,Urban,Clear,Text,2.0,6.0,100.0,18.48
User_158,30,158,7,1,48.99,0.538,Urban,Clear,Text,5.0,5.0,25.67,20.54
User_159,30,159,1,3,79.31,0.695,Highway,Rain,Video,4.0,2.0,69.5,29.8
User_160,30,160,5,1,93.88,0.336,Urban,Rain,Sensor,1.0,6.0,100.0,28.86
User_161,30,161,2,2,46.66,0.455,Rural,Rain,Emergency,3.0,2.0,69.5,27.22
User_162,30,162,4,2,123.87,0.804,Urban,Rain,Video,4.0,6.0,100.0,36.78
User_163,30,163,3,1,24.45,0.07,Highway,Fog,Text,4.0,1.0,95.5,28.78
User_164,30,164,5,3,22.87,0.665,Highway,Fog,Text,3.0,6.0,100.0,32.66
User_165,30,165,4,0,84.27,0.682,Rural,Rain,Text,1.0,5.0,25.67,36.76
User_166,30,166,6,2,64.8,0.727,Urban,Rain,Video,3.0,6.0,100.0,28.85
User_167,30,167,4,0,70.6,0.466,Highway,Rain,Video,3.0,6.0,100.0,31.11
User_168,30,168,1,1,61.26,0.736,Highway,Rain,Emergency,5.0,1.0,95.5,29.88
User_169,30,169,1,3,13.65,0.432,Rural,Clear,Video,1.0,2.0,69.5,20.89
User_170,30,170,6,0,32.37,0.404,Rural,Fog,Video,1.0,5.0,25.67,31.03
User_171,30,171,4,2,35.0,0.714,Rural,Rain,Emergency,2.0,6.0,100.0,30.76
User_172,30,172,3,3,80.27,0.445,Highway,Fog,Video,4.0,2.0,69.5,36.08
User_173,30,173,5,1,27.89,0.622,Urban,Fog,Video,2.0,6.0,100.0,36.17
User_174,30,174,5,1,55.85,0.034,Highway,Fog,Text,5.0,3.0,100.0,24.19
User_175,30,175,1,3,20.34,0.737,Rural,Fog,Video,2.0,2.0,69.5,35.67
User_176,30,176,4,2,69.05,0.759,Rural,Fog,Text,1.0,5.0,25.67,42.46
User_177,30,177,5,1,46.51,0.633,Urban,Clear,Sensor,2.0,3.0,100.0,26.89
User_178,30,178,1,1,37.73,0.456,Highway,Rain,Video,2.0,1.0,95.5,24.97
User_179,30,179,4,0,94.34,0.573,Highway,Rain,Video,5.0,3.0,100.0,28.43
User_180,30,180,1,3,92.4,0.697,Rural,Clear,Text,1.0,2.0,69.5,27.23
User_181,30,181,4,0,75.8,0.321,Rural,Fog,Text,2.0,6.0,100.0,36.09
User_182,30,182,5,3,44.65,0.565,Rural,Fog,Emergency,4.0,6.0,100.0,33.81
User_183,30,183,4,0,52.1,0.654,Highway,Clear,Emergency,2.0,6.0,100.0,28.37
User_184,30,184,1,3,58.97,0.297,Rural,Fog,Text,4.0,2.0,69.5,30.22
User_185,30,185,7,3,30.49,0.591,Rural,Clear,Video,2.0,6.0,100.0,23.78
User_186,30,186,5,1,21.07,0.322,Highway,Fog,Sensor,5.0,3.0,100.0,27.46
User_187,30,187,1,3,28.55,0.482,Highway,Rain,Video,1.0,2.0,69.5,25.09
User_188,30,188,4,2,39.94,0.797,Rural,Fog,Sensor,1.0,5.0,25.67,42.15
User_189,30,189,3,3,24.82,0.072,Highway,Clear,Sensor,1.0,2.0,69.5,18.82
User_190,30,190,3,3,56.08,0.798,Rural,Fog,Text,1.0,2.0,69.5,42.65
User_191,30,191,4,0,34.65,0.335,Rural,Fog,Sensor,1.0,5.0,25.67,35.06
User_192,30,192,3,3,42.05,0.472,Rural,Clear,Emergency,5.0,4.0,100.0,22.34
User_193,30,193,3,1,140.0,0.674,Urban,Clear,Text,4.0,1.0,95.5,35.31
User_194,30,194,7,1,82.91,0.868,Highway,Clear,Video,3.0,5.0,25.67,22.51
User_195,30,195,7,3,93.83,0.436,Highway,Clear,Sensor,3.0,6.0,100.0,21.35
User_196,30,196,0,2,77.21,0.63,Rural,Clear,Text,3.0,2.0,69.5,20.77
User_197,30,197,2,2,46.81,0.463,Rural,Clear,Video,3.0,2.0,69.5,22.35
User_198,30,198,4,2,44.05,0.894,Urban,Rain,Video,2.0,6.0,100.0,35.73
User_199,30,199,4,2,76.37,0.385,Rural,Fog,Sensor,3.0,6.0,100.0,32.07
User_200,30,200,1,1,33.48,0.825,Rural,Clear,Emergency,2.0,1.0,95.5,27.38
User_201,30,201,4,0,47.9,0.309,Urban,Fog,Text,4.0,3.0,100.0,32.07
User_202,30,202,7,1,28.73,0.574,Rural,Fog,Video,1.0,5.0,25.67,28.47
User_203,30,203,0,0,50.3,0.455,Urban,Clear,Video,3.0,1.0,95.5,19.33
User_204,30,204,1,3,49.21,0.287,Highway,Clear,Text,1.0,2.0,69.5,17.78
User_205,30,205,6,0,17.43,0.942,Highway,Rain,Text,5.0,3.0,100.0,26.65
User_206,30,206,6,2,63.02,0.44,Urban,Fog,Sensor,2.0,6.0,100.0,29.49
User_7,31,7,2,0,79.49,0.528,Urban,Rain,Emergency,3.0,1.0,95.5,31.3
User_8,31,8,5,3,69.55,0.416,Rural,Clear,Emergency,3.0,6.0,100.0,22.33
User_9,31,9,6,2,50.68,0.364,Rural,Fog,Sensor,5.0,6.0,100.0,25.98
User_10,31,10,6,2,34.78,0.818,Highway,Rain,Sensor,3.0,6.0,100.0,25.31
User_11,31,11,7,3,27.75,0.342,Highway,Fog,Sensor,5.0,6.0,100.0,27.96
User_12,31,12,4,0,63.73,0.264,Highway,Clear,Emergency,5.0,3.0,100.0,17.87
User_13,31,13,6,0,87.76,0.333,Rural,Clear,Video,4.0,3.0,100.0,16.63
User_14,31,14,0,0,49.69,0.198,Highway,Rain,Sensor,5.0,1.0,95.5,16.46
User_15,31,15,4,0,75.0,0.652,Rural,Fog,Text,4.0,3.0,100.0,36.03
User_16,31,16,7,1,70.0,0.695,Urban,Rain,Text,5.0,5.0,25.67,28.52
User_17,31,17,7,3,31.04,0.159,Highway,Fog,Video,1.0,6.0,100.0,25.32
User_18,31,18,7,1,45.83,0.125,Highway,Rain,Text,1.0,5.0,25.67,15.25
User_19,31,19,0,0,61.96,0.876,Rural,Clear,Emergency,4.0,1.0,95.5,24.0
User_20,31,20,7,1,108.65,0.444,Highway,Rain,Video,4.0,5.0,25.67,21.92
User_21,31,21,1,1,30.68,0.813,Rural,Clear,Video,5.0,1.0,95.5,27.12
User_22,31,22,3,1,51.05,0.741,Urban,Rain,Text,5.0,4.0,100.0,38.65
User_23,31,23,2,0,123.01,0.855,Highway,Rain,Sensor,4.0,1.0,95.5,33.52
User_24,31,24,3,1,32.93,0.578,Rural,Clear,Sensor,3.0,1.0,95.5,28.66
User_25,31,25,0,2,25.85,0.754,Urban,Clear,Video,3.0,2.0,69.5,23.09
User_26,31,26,1,3,68.26,0.809,Urban,Clear,Sensor,3.0,2.0,69.5,30.18
User_27,31,27,5,3,108.56,0.615,Urban,Rain,Video,1.0,6.0,100.0,33.48
User_28,31,28,4,0,57.64,0.179,Highway,Rain,Emergency,1.0,6.0,100.0,26.41
User_29,31,29,3,3,25.02,0.251,Highway,Fog,Emergency,4.0,4.0,100.0,26.52
User_30,31,30,1,1,62.26,0.239,Highway,Clear,Emergency,3.0,1.0,95.5,17.45
User_31,31,31,4,0,22.76,0.703,Urban,Clear,Emergency,5.0,3.0,100.0,27.23
User_32,31,32,0,2,140.0,0.74,Rural,Rain,Emergency,5.0,2.0,69.5,29.3
User_33,31,33,1,1,126.43,0.208,Highway,Clear,Video,4.0,1.0,95.5,18.91
User_34,31,34,4,0,44.89,0.249,Highway,Fog,Emergency,3.0,3.0,100.0,27.08
User_35,31,35,5,1,59.59,0.659,Urban,Clear,Text,4.0,3.0,100.0,27.67
User_36,31,36,6,0,66.84,0.229,Urban,Fog,Video,4.0,3.0,100.0,26.44
User_37,31,37,3,3,28.87,0.607,Rural,Rain,Emergency,5.0,4.0,100.0,28.97
User_38,31,38,0,2,48.47,0.884,Urban,Rain,Emergency,5.0,2.0,69.5,30.71
User_39,31,39,3,1,46.09,0.139,Rural,Rain,Sensor,2.0,1.0,95.5,27.47
User_40,31,40,3,1,68.6,0.588,Rural,Clear,Sensor,5.0,4.0,100.0,29.88
User_41,31,41,2,2,57.05,0.503,Rural,Clear,Text,5.0,4.0,100.0,23.26
User_42,31,42,7,3,75.42,0.555,Urban,Rain,Video,3.0,6.0,100.0,31.59
User_43,31,43,4,0,74.4,0.481,Highway,Rain,Video,3.0,3.0,100.0,26.45
User_44,31,44,5,3,109.22,0.505,Highway,Fog,Emergency,4.0,6.0,100.0,32.85
User_45,31,45,3,3,33.74,0.308,Rural,Rain,Emergency,2.0,2.0,69.5,29.63
User_46,31,46,6,2,61.02,0.356,Rural,Rain,Video,5.0,6.0,100.0,21.17
User_47,31,47,1,1,15.19,0.223,Urban,Clear,Emergency,4.0,1.0,95.5,19.8
User_48,31,48,7,1,71.47,0.427,Highway,Rain,Sensor,1.0,5.0,25.67,20.55
User_49,31,49,0,0,79.85,0.629,Rural,Clear,Text,4.0,1.0,95.5,20.83
User_50,31,50,5,3,51.69,0.327,Highway,Clear,Sensor,5.0,6.0,100.0,18.46
User_51,31,51,4,2,60.88,0.825,Rural,Rain,Emergency,5.0,6.0,100.0,33.2
User_52,31,52,6,2,39.63,0.206,Rural,Fog,Text,1.0,6.0,100.0,23.28
User_53,31,53,0,2,69.79,0.196,Urban,Fog,Video,4.0,2.0,69.5,26.03
User_54,31,54,7,1,64.99,0.911,Urban,Clear,Text,2.0,5.0,25.67,26.61
User_55,31,55,7,1,51.32,0.763,Highway,Clear,Emergency,1.0,5.0,25.67,19.98
User_56,31,56,5,1,64.52,0.363,Urban,Clear,Emergency,3.0,3.0,100.0,23.38
User_57,31,57,7,1,31.74,0.384,Highway,Fog,Sensor,2.0,5.0,25.67,23.71
User_58,31,58,0,2,140.0,0.628,Urban,Fog,Video,3.0,2.0,69.5,34.62
User_59,31,59,1,1,33.99,0.425,Highway,Clear,Emergency,2.0,1.0,95.5,19.39
User_60,31,60,3,1,17.38,0.044,Highway,Clear,Sensor,4.0,4.0,100.0,18.18
User_61,31,61,4,2,40.82,0.495,Rural,Rain,Video,2.0,6.0,100.0,27.65
User_62,31,62,4,2,65.5,0.162,Highway,Clear,Sensor,4.0,6.0,100.0,16.39
User_63,31,63,1,3,105.98,0.682,Rural,Clear,Emergency,1.0,2.0,69.5,27.41
User_64,31,64,4,0,21.17,0.92,Highway,Clear,Video,5.0,3.0,100.0,26.44
User_65,31,65,3,3,50.01,0.685,Rural,Rain,Emergency,4.0,4.0,100.0,30.78
User_66,31,66,3,3,136.61,0.664,Rural,Rain,Sensor,3.0,2.0,69.5,38.06
User_67,31,67,3,3,52.99,0.357,Highway,Clear,Text,1.0,2.0,69.5,23.94
User_68,31,68,5,3,23.01,0.513,Highway,Fog,Text,3.0,6.0,100.0,30.39
User_69,31,69,5,3,66.11,0.477,Urban,Fog,Sensor,4.0,6.0,100.0,35.14
User_70,31,70,7,1,115.47,0.865,Urban,Rain,Text,5.0,5.0,25.67,32.44
User_71,31,71,7,3,62.24,0.383,Urban,Fog,Sensor,5.0,6.0,100.0,33.61
User_72,31,72,5,3,19.4,0.609,Highway,Clear,Sensor,2.0,6.0,100.0,21.72
User_73,31,73,6,2,62.24,0.717,Highway,Fog,Text,5.0,6.0,100.0,29.62
User_74,31,74,0,0,104.16,0.012,Rural,Fog,Emergency,4.0,1.0,95.5,22.3
User_75,31,75,7,1,49.72,0.868,Urban,Fog,Sensor,2.0,5.0,25.67,35.51
User_76,31,76,1,1,74.63,0.211,Highway,Clear,Emergency,3.0,1.0,95.5,17.4
User_77,31,77,3,1,29.0,0.526,Urban,Rain,Video,2.0,1.0,95.5,34.76
User_78,31,78,7,3,45.74,0.11,Urban,Fog,Emergency,3.0,6.0,100.0,29.02
User_79,31,79,6,0,36.94,0.299,Highway,Fog,Text,4.0,3.0,100.0,22.59
User_80,31,80,1,3,99.36,0.286,Urban,Rain,Text,5.0,4.0,100.0,23.27
User_81,31,81,3,1,48.24,0.126,Urban,Clear,Emergency,3.0,1.0,95.5,24.34
User_82,31,82,7,1,48.26,0.696,Highway,Fog,Sensor,4.0,5.0,25.67,28.89
User_83,31,83,7,1,54.61,0.318,Highway,Clear,Sensor,3.0,5.0,25.67,13.41
User_84,31,84,5,1,52.28,0.136,Rural,Fog,Text,3.0,6.0,100.0,27.61
User_85,31,85,6,0,28.7,0.548,Highway,Clear,Emergency,1.0,5.0,25.67,21.08
User_86,31,86,6,0,12.41,0.941,Highway,Clear,Emergency,1.0,5.0,25.67,26.49
User_87,31,87,0,2,45.0,0.715,Rural,Fog,Text,1.0,2.0,69.5,31.08
User_88,31,88,3,1,75.49,0.578,Highway,Fog,Text,1.0,1.0,95.5,37.93
User_89,31,89,6,2,40.52,0.545,Highway,Rain,Sensor,1.0,6.0,100.0,21.39
User_90,31,90,4,0,67.21,0.237,Rural,Rain,Emergency,4.0,3.0,100.0,24.57
User_91,31,91,5,1,56.28,0.415,Highway,Clear,Video,5.0,3.0,100.0,19.91
User_92,31,92,4,2,88.84,0.809,Highway,Rain,Emergency,1.0,6.0,100.0,31.8
User_93,31,93,1,3,93.03,0.21,Highway,Fog,Text,4.0,4.0,100.0,22.94
User_94,31,94,0,2,64.44,0.774,Highway,Fog,Sensor,5.0,2.0,69.5,30.54
User_95,31,95,5,3,27.92,0.12,Highway,Fog,Emergency,5.0,6.0,100.0,24.64
User_96,31,96,6,2,28.55,0.405,Urban,Rain,Text,5.0,6.0,100.0,22.93
User_97,31,97,7,1,56.03,0.415,Urban,Rain,Video,5.0,5.0,25.67,23.91
User_98,31,98,5,1,42.1,0.503,Rural,Clear,Video,3.0,6.0,100.0,22.81
User_99,31,99,0,0,31.34,0.633,Rural,Clear,Sensor,5.0,1.0,95.5,19.44
User_100,31,100,0,2,63.4,0.926,Highway,Clear,Video,3.0,2.0,69.5,22.79
User_101,31,101,4,0,54.2,0.85,Urban,Clear,Sensor,4.0,3.0,100.0,30.38
User_102,31,102,1,1,19.14,0.378,Highway,Clear,Video,3.0,1.0,95.5,18.24
User_103,31,103,3,1,69.93,0.6,Urban,Fog,Text,4.0,4.0,100.0,42.1
User_104,31,104,2,0,57.03,0.259,Highway,Fog,Video,4.0,1.0,95.5,27.6
User_105,31,105,4,0,31.72,0.762,Highway,Fog,Emergency,5.0,3.0,100.0,34.38
User_106,31,106,1,3,50.27,0.453,Urban,Clear,Sensor,2.0,2.0,69.5,24.3
User_107,31,107,3,3,73.73,0.338,Highway,Clear,Emergency,1.0,2.0,69.5,24.28
User_108,31,108,2,2,45.4,0.802,Urban,Fog,Video,5.0,4.0,100.0,39.39
User_109,31,109,0,0,54.94,0.875,Rural,Clear,Emergency,4.0,1.0,95.5,23.77
User_110,31,110,7,3,86.05,0.402,Highway,Rain,Sensor,5.0,6.0,100.0,25.61
User_111,31,111,5,1,43.99,0.862,Highway,Fog,Text,3.0,6.0,100.0,36.25
User_112,31,112,3,3,65.07,0.697,Urban,Rain,Text,5.0,4.0,100.0,33.41
User_113,31,113,6,2,51.91,0.609,Highway,Rain,Sensor,4.0,6.0,100.0,22.69
User_114,31,114,3,1,55.09,0.486,Urban,Fog,Text,3.0,1.0,95.5,39.94
User_115,31,115,1,3,19.84,0.332,Highway,Clear,Video,4.0,4.0,100.0,12.58
User_116,31,116,4,2,74.66,0.42,Highway,Clear,Emergency,4.0,6.0,100.0,20.54
User_117,31,117,6,2,41.84,0.246,Highway,Fog,Emergency,2.0,6.0,100.0,21.95
User_118,31,118,3,3,77.6,0.448,Urban,Clear,Sensor,5.0,4.0,100.0,25.05
User_119,31,119,5,3,49.34,0.623,Urban,Clear,Emergency,4.0,6.0,100.0,26.83
User_120,31,120,1,1,108.23,0.693,Urban,Rain,Sensor,2.0,1.0,95.5,34.64
User_121,31,121,4,0,49.54,0.651,Highway,Rain,Emergency,1.0,6.0,100.0,33.25
User_122,31,122,2,2,62.3,0.558,Rural,Rain,Emergency,2.0,2.0,69.5,29.24
User_123,31,123,6,2,47.43,0.468,Highway,Fog,Emergency,1.0,5.0,25.67,30.44
User_124,31,124,0,2,87.97,0.583,Rural,Fog,Video,4.0,2.0,69.5,30.38
User_125,31,125,3,1,35.19,0.692,Highway,Fog,Emergency,5.0,4.0,100.0,38.44
User_126,31,126,4,0,45.26,0.292,Highway,Fog,Text,5.0,3.0,100.0,27.74
User_127,31,127,2,0,123.18,0.644,Urban,Fog,Video,4.0,1.0,95.5,39.36
User_128,31,128,2,0,56.79,0.237,Rural,Rain,Sensor,3.0,1.0,95.5,24.26
User_129,31,129,4,2,77.3,0.265,Rural,Fog,Video,4.0,6.0,100.0,30.29
User_130,31,130,4,0,58.24,0.912,Urban,Rain,Emergency,1.0,5.0,25.67,41.43
User_131,31,131,7,3,31.28,0.86,Rural,Rain,Sensor,4.0,6.0,100.0,32.84
User_132,31,132,7,1,52.6,0.283,Urban,Clear,Text,2.0,5.0,25.67,16.82
User_133,31,133,7,1,75.25,0.17,Rural,Fog,Text,4.0,5.0,25.67,23.81
User_134,31,134,7,1,79.48,0.886,Rural,Fog,Emergency,5.0,5.0,25.67,34.67
User_135,31,135,5,1,67.97,0.515,Urban,Rain,Video,3.0,6.0,100.0,30.76
User_136,31,136,1,1,49.83,0.172,Highway,Rain,Emergency,3.0,1.0,95.5,21.07
User_137,31,137,6,0,101.02,0.543,Urban,Fog,Emergency,4.0,3.0,100.0,32.18
User_138,31,138,2,2,28.64,0.68,Highway,Rain,Emergency,5.0,4.0,100.0,28.06
User_139,31,139,6,0,100.44,0.591,Urban,Fog,Video,1.0,5.0,25.67,37.88
User_140,31,140,5,3,87.72,0.483,Highway,Fog,Text,4.0,6.0,100.0,31.88
User_141,31,141,2,0,42.28,0.609,Urban,Clear,Sensor,1.0,1.0,95.5,26.4
User_142,31,142,3,3,73.87,0.663,Urban,Fog,Emergency,1.0,2.0,69.5,43.16
User_143,31,143,2,2,66.12,0.953,Urban,Clear,Video,4.0,4.0,100.0,32.28
User_144,31,144,1,3,134.95,0.611,Rural,Clear,Emergency,5.0,4.0,100.0,22.21
User_145,31,145,6,0,38.11,0.811,Urban,Rain,Emergency,5.0,3.0,100.0,29.31
User_146,31,146,2,2,98.56,0.3,Urban,Clear,Text,4.0,2.0,69.5,23.46
User_147,31,147,6,2,49.37,0.311,Highway,Rain,Sensor,5.0,6.0,100.0,18.15
User_148,31,148,2,2,63.85,0.869,Urban,Rain,Video,3.0,2.0,69.5,35.95
User_149,31,149,6,0,127.56,0.655,Highway,Rain,Sensor,5.0,3.0,100.0,25.65
User_150,31,150,0,0,140.0,0.367,Rural,Clear,Video,2.0,1.0,95.5,18.7
User_151,31,151,1,3,78.45,0.682,Rural,Rain,Emergency,1.0,2.0,69.5,31.58
User_152,31,152,7,1,83.66,0.353,Rural,Clear,Emergency,1.0,5.0,25.67,16.8
User_153,31,153,0,2,67.47,0.396,Rural,Fog,Emergency,5.0,2.0,69.5,26.96
User_154,31,154,7,3,46.38,0.066,Urban,Rain,Sensor,4.0,6.0,100.0,23.38
User_155,31,155,6,2,109.28,0.302,Urban,Rain,Sensor,5.0,6.0,100.0,23.81
User_156,31,156,5,3,46.21,0.289,Highway,Clear,Emergency,1.0,5.0,25.67,22.72
User_157,31,157,4,2,43.83,0.078,Urban,Clear,Text,2.0,6.0,100.0,18.48
User_158,31,158,7,1,48.99,0.538,Urban,Clear,Text,5.0,5.0,25.67,20.54
User_159,31,159,1,3,79.31,0.695,Highway,Rain,Video,4.0,2.0,69.5,29.8
User_160,31,160,5,1,93.88,0.336,Urban,Rain,Sensor,1.0,6.0,100.0,28.86
User_161,31,161,2,2,46.66,0.455,Rural,Rain,Emergency,3.0,2.0,69.5,27.22
User_162,31,162,4,2,123.87,0.804,Urban,Rain,Video,4.0,6.0,100.0,36.78
User_163,31,163,3,1,24.45,0.07,Highway,Fog,Text,4.0,1.0,95.5,28.78
User_164,31,164,5,3,22.87,0.665,Highway,Fog,Text,3.0,6.0,100.0,32.66
User_165,31,165,4,0,84.27,0.682,Rural,Rain,Text,1.0,5.0,25.67,36.76
User_166,31,166,6,2,64.8,0.727,Urban,Rain,Video,3.0,6.0,100.0,28.85
User_167,31,167,4,0,70.6,0.466,Highway,Rain,Video,3.0,6.0,100.0,31.11
User_168,31,168,1,1,61.26,0.736,Highway,Rain,Emergency,5.0,1.0,95.5,29.88
User_169,31,169,1,3,13.65,0.432,Rural,Clear,Video,1.0,2.0,69.5,20.89
User_170,31,170,6,0,32.37,0.404,Rural,Fog,Video,1.0,5.0,25.67,31.03
User_171,31,171,4,2,35.0,0.714,Rural,Rain,Emergency,2.0,6.0,100.0,30.76
User_172,31,172,3,3,80.27,0.445,Highway,Fog,Video,4.0,2.0,69.5,36.08
User_173,31,173,5,1,27.89,0.622,Urban,Fog,Video,2.0,6.0,100.0,36.17
User_174,31,174,5,1,55.85,0.034,Highway,Fog,Text,5.0,3.0,100.0,24.19
User_175,31,175,1,3,20.34,0.737,Rural,Fog,Video,2.0,2.0,69.5,35.67
User_176,31,176,4,2,69.05,0.759,Rural,Fog,Text,1.0,5.0,25.67,42.46
User_177,31,177,5,1,46.51,0.633,Urban,Clear,Sensor,2.0,3.0,100.0,26.89
User_178,31,178,1,1,37.73,0.456,Highway,Rain,Video,2.0,1.0,95.5,24.97
User_179,31,179,4,0,94.34,0.573,Highway,Rain,Video,5.0,3.0,100.0,28.43
User_180,31,180,1,3,92.4,0.697,Rural,Clear,Text,1.0,2.0,69.5,27.23
User_181,31,181,4,0,75.8,0.321,Rural,Fog,Text,2.0,6.0,100.0,36.09
User_182,31,182,5,3,44.65,0.565,Rural,Fog,Emergency,4.0,6.0,100.0,33.81
User_183,31,183,4,0,52.1,0.654,Highway,Clear,Emergency,2.0,6.0,100.0,28.37
User_184,31,184,1,3,58.97,0.297,Rural,Fog,Text,4.0,2.0,69.5,30.22
User_185,31,185,7,3,30.49,0.591,Rural,Clear,Video,2.0,6.0,100.0,23.78
User_186,31,186,5,1,21.07,0.322,Highway,Fog,Sensor,5.0,3.0,100.0,27.46
User_187,31,187,1,3,28.55,0.482,Highway,Rain,Video,1.0,2.0,69.5,25.09
User_188,31,188,4,2,39.94,0.797,Rural,Fog,Sensor,1.0,5.0,25.67,42.15
User_189,31,189,3,3,24.82,0.072,Highway,Clear,Sensor,1.0,2.0,69.5,18.82
User_190,31,190,3,3,56.08,0.798,Rural,Fog,Text,1.0,2.0,69.5,42.65
User_191,31,191,4,0,34.65,0.335,Rural,Fog,Sensor,1.0,5.0,25.67,35.06
User_192,31,192,3,3,42.05,0.472,Rural,Clear,Emergency,5.0,4.0,100.0,22.34
User_193,31,193,3,1,140.0,0.674,Urban,Clear,Text,4.0,1.0,95.5,35.31
User_194,31,194,7,1,82.91,0.868,Highway,Clear,Video,3.0,5.0,25.67,22.51
User_195,31,195,7,3,93.83,0.436,Highway,Clear,Sensor,3.0,6.0,100.0,21.35
User_196,31,196,0,2,77.21,0.63,Rural,Clear,Text,3.0,2.0,69.5,20.77
User_197,31,197,2,2,46.81,0.463,Rural,Clear,Video,3.0,2.0,69.5,22.35
User_198,31,198,4,2,44.05,0.894,Urban,Rain,Video,2.0,6.0,100.0,35.73
User_199,31,199,4,2,76.37,0.385,Rural,Fog,Sensor,3.0,6.0,100.0,32.07
User_200,31,200,1,1,33.48,0.825,Rural,Clear,Emergency,2.0,1.0,95.5,27.38
User_201,31,201,4,0,47.9,0.309,Urban,Fog,Text,4.0,3.0,100.0,32.07
User_202,31,202,7,1,28.73,0.574,Rural,Fog,Video,1.0,5.0,25.67,28.47
User_203,31,203,0,0,50.3,0.455,Urban,Clear,Video,3.0,1.0,95.5,19.33
User_204,31,204,1,3,49.21,0.287,Highway,Clear,Text,1.0,2.0,69.5,17.78
User_205,31,205,6,0,17.43,0.942,Highway,Rain,Text,5.0,3.0,100.0,26.65
User_206,31,206,6,2,63.02,0.44,Urban,Fog,Sensor,2.0,6.0,100.0,29.49
User_7,32,7,2,0,79.49,0.528,Urban,Rain,Emergency,3.0,1.0,95.5,31.3
User_8,32,8,5,3,69.55,0.416,Rural,Clear,Emergency,3.0,6.0,100.0,22.33
User_9,32,9,6,2,50.68,0.364,Rural,Fog,Sensor,5.0,6.0,100.0,25.98
User_10,32,10,6,2,34.78,0.818,Highway,Rain,Sensor,3.0,6.0,100.0,25.31
User_11,32,11,7,3,27.75,0.342,Highway,Fog,Sensor,5.0,6.0,100.0,27.96
User_12,32,12,4,0,63.73,0.264,Highway,Clear,Emergency,5.0,3.0,100.0,17.87
User_13,32,13,6,0,87.76,0.333,Rural,Clear,Video,4.0,3.0,100.0,16.63
User_14,32,14,0,0,49.69,0.198,Highway,Rain,Sensor,5.0,1.0,95.5,16.46
User_15,32,15,4,0,75.0,0.652,Rural,Fog,Text,4.0,3.0,100.0,36.03
User_16,32,16,7,1,70.0,0.695,Urban,Rain,Text,5.0,5.0,25.67,28.52
User_17,32,17,7,3,31.04,0.159,Highway,Fog,Video,1.0,6.0,100.0,25.32
User_18,32,18,7,1,45.83,0.125,Highway,Rain,Text,1.0,5.0,25.67,15.25
User_19,32,19,0,0,61.96,0.876,Rural,Clear,Emergency,4.0,1.0,95.5,24.0
User_20,32,20,7,1,108.65,0.444,Highway,Rain,Video,4.0,5.0,25.67,21.92
User_21,32,21,1,1,30.68,0.813,Rural,Clear,Video,5.0,1.0,95.5,27.12
User_22,32,22,3,1,51.05,0.741,Urban,Rain,Text,5.0,4.0,100.0,38.65
User_23,32,23,2,0,123.01,0.855,Highway,Rain,Sensor,4.0,1.0,95.5,33.52
User_24,32,24,3,1,32.93,0.578,Rural,Clear,Sensor,3.0,1.0,95.5,28.66
User_25,32,25,0,2,25.85,0.754,Urban,Clear,Video,3.0,2.0,69.5,23.09
User_26,32,26,1,3,68.26,0.809,Urban,Clear,Sensor,3.0,2.0,69.5,30.18
User_27,32,27,5,3,108.56,0.615,Urban,Rain,Video,1.0,6.0,100.0,33.48
User_28,32,28,4,0,57.64,0.179,Highway,Rain,Emergency,1.0,6.0,100.0,26.41
User_29,32,29,3,3,25.02,0.251,Highway,Fog,Emergency,4.0,4.0,100.0,26.52
User_30,32,30,1,1,62.26,0.239,Highway,Clear,Emergency,3.0,1.0,95.5,17.45
User_31,32,31,4,0,22.76,0.703,Urban,Clear,Emergency,5.0,3.0,100.0,27.23
User_32,32,32,0,2,140.0,0.74,Rural,Rain,Emergency,5.0,2.0,69.5,29.3
User_33,32,33,1,1,126.43,0.208,Highway,Clear,Video,4.0,1.0,95.5,18.91
User_34,32,34,4,0,44.89,0.249,Highway,Fog,Emergency,3.0,3.0,100.0,27.08
User_35,32,35,5,1,59.59,0.659,Urban,Clear,Text,4.0,3.0,100.0,27.67
User_36,32,36,6,0,66.84,0.229,Urban,Fog,Video,4.0,3.0,100.0,26.44
User_37,32,37,3,3,28.87,0.607,Rural,Rain,Emergency,5.0,4.0,100.0,28.97
User_38,32,38,0,2,48.47,0.884,Urban,Rain,Emergency,5.0,2.0,69.5,30.71
User_39,32,39,3,1,46.09,0.139,Rural,Rain,Sensor,2.0,1.0,95.5,27.47
User_40,32,40,3,1,68.6,0.588,Rural,Clear,Sensor,5.0,4.0,100.0,29.88
User_41,32,41,2,2,57.05,0.503,Rural,Clear,Text,5.0,4.0,100.0,23.26
User_42,32,42,7,3,75.42,0.555,Urban,Rain,Video,3.0,6.0,100.0,31.59
User_43,32,43,4,0,74.4,0.481,Highway,Rain,Video,3.0,3.0,100.0,26.45
User_44,32,44,5,3,109.22,0.505,Highway,Fog,Emergency,4.0,6.0,100.0,32.85
User_45,32,45,3,3,33.74,0.308,Rural,Rain,Emergency,2.0,2.0,69.5,29.63
User_46,32,46,6,2,61.02,0.356,Rural,Rain,Video,5.0,6.0,100.0,21.17
User_47,32,47,1,1,15.19,0.223,Urban,Clear,Emergency,4.0,1.0,95.5,19.8
User_48,32,48,7,1,71.47,0.427,Highway,Rain,Sensor,1.0,5.0,25.67,20.55
User_49,32,49,0,0,79.85,0.629,Rural,Clear,Text,4.0,1.0,95.5,20.83
User_50,32,50,5,3,51.69,0.327,Highway,Clear,Sensor,5.0,6.0,100.0,18.46
User_51,32,51,4,2,60.88,0.825,Rural,Rain,Emergency,5.0,6.0,100.0,33.2
User_52,32,52,6,2,39.63,0.206,Rural,Fog,Text,1.0,6.0,100.0,23.28
User_53,32,53,0,2,69.79,0.196,Urban,Fog,Video,4.0,2.0,69.5,26.03
User_54,32,54,7,1,64.99,0.911,Urban,Clear,Text,2.0,5.0,25.67,26.61
User_55,32,55,7,1,51.32,0.763,Highway,Clear,Emergency,1.0,5.0,25.67,19.98
User_56,32,56,5,1,64.52,0.363,Urban,Clear,Emergency,3.0,3.0,100.0,23.38
User_57,32,57,7,1,31.74,0.384,Highway,Fog,Sensor,2.0,5.0,25.67,23.71
User_58,32,58,0,2,140.0,0.628,Urban,Fog,Video,3.0,2.0,69.5,34.62
User_59,32,59,1,1,33.99,0.425,Highway,Clear,Emergency,2.0,1.0,95.5,19.39
User_60,32,60,3,1,17.38,0.044,Highway,Clear,Sensor,4.0,4.0,100.0,18.18
User_61,32,61,4,2,40.82,0.495,Rural,Rain,Video,2.0,6.0,100.0,27.65
User_62,32,62,4,2,65.5,0.162,Highway,Clear,Sensor,4.0,6.0,100.0,16.39
User_63,32,63,1,3,105.98,0.682,Rural,Clear,Emergency,1.0,2.0,69.5,27.41
User_64,32,64,4,0,21.17,0.92,Highway,Clear,Video,5.0,3.0,100.0,26.44
User_65,32,65,3,3,50.01,0.685,Rural,Rain,Emergency,4.0,4.0,100.0,30.78
User_66,32,66,3,3,136.61,0.664,Rural,Rain,Sensor,3.0,2.0,69.5,38.06
User_67,32,67,3,3,52.99,0.357,Highway,Clear,Text,1.0,2.0,69.5,23.94
User_68,32,68,5,3,23.01,0.513,Highway,Fog,Text,3.0,6.0,100.0,30.39
User_69,32,69,5,3,66.11,0.477,Urban,Fog,Sensor,4.0,6.0,100.0,35.14
User_70,32,70,7,1,115.47,0.865,Urban,Rain,Text,5.0,5.0,25.67,32.44
User_71,32,71,7,3,62.24,0.383,Urban,Fog,Sensor,5.0,6.0,100.0,33.61
User_72,32,72,5,3,19.4,0.609,Highway,Clear,Sensor,2.0,6.0,100.0,21.72
User_73,32,73,6,2,62.24,0.717,Highway,Fog,Text,5.0,6.0,100.0,29.62
User_74,32,74,0,0,104.16,0.012,Rural,Fog,Emergency,4.0,1.0,95.5,22.3
User_75,32,75,7,1,49.72,0.868,Urban,Fog,Sensor,2.0,5.0,25.67,35.51
User_76,32,76,1,1,74.63,0.211,Highway,Clear,Emergency,3.0,1.0,95.5,17.4
User_77,32,77,3,1,29.0,0.526,Urban,Rain,Video,2.0,1.0,95.5,34.76
User_78,32,78,7,3,45.74,0.11,Urban,Fog,Emergency,3.0,6.0,100.0,29.02
User_79,32,79,6,0,36.94,0.299,Highway,Fog,Text,4.0,3.0,100.0,22.59
User_80,32,80,1,3,99.36,0.286,Urban,Rain,Text,5.0,4.0,100.0,23.27
User_81,32,81,3,1,48.24,0.126,Urban,Clear,Emergency,3.0,1.0,95.5,24.34
User_82,32,82,7,1,48.26,0.696,Highway,Fog,Sensor,4.0,5.0,25.67,28.89
User_83,32,83,7,1,54.61,0.318,Highway,Clear,Sensor,3.0,5.0,25.67,13.41
User_84,32,84,5,1,52.28,0.136,Rural,Fog,Text,3.0,6.0,100.0,27.61
User_85,32,85,6,0,28.7,0.548,Highway,Clear,Emergency,1.0,5.0,25.67,21.08
User_86,32,86,6,0,12.41,0.941,Highway,Clear,Emergency,1.0,5.0,25.67,26.49
User_87,32,87,0,2,45.0,0.715,Rural,Fog,Text,1.0,2.0,69.5,31.08
User_88,32,88,3,1,75.49,0.578,Highway,Fog,Text,1.0,1.0,95.5,37.93
User_89,32,89,6,2,40.52,0.545,Highway,Rain,Sensor,1.0,6.0,100.0,21.39
User_90,32,90,4,0,67.21,0.237,Rural,Rain,Emergency,4.0,3.0,100.0,24.57
User_91,32,91,5,1,56.28,0.415,Highway,Clear,Video,5.0,3.0,100.0,19.91
User_92,32,92,4,2,88.84,0.809,Highway,Rain,Emergency,1.0,6.0,100.0,31.8
User_93,32,93,1,3,93.03,0.21,Highway,Fog,Text,4.0,4.0,100.0,22.94
User_94,32,94,0,2,64.44,0.774,Highway,Fog,Sensor,5.0,2.0,69.5,30.54
User_95,32,95,5,3,27.92,0.12,Highway,Fog,Emergency,5.0,6.0,100.0,24.64
User_96,32,96,6,2,28.55,0.405,Urban,Rain,Text,5.0,6.0,100.0,22.93
User_97,32,97,7,1,56.03,0.415,Urban,Rain,Video,5.0,5.0,25.67,23.91
User_98,32,98,5,1,42.1,0.503,Rural,Clear,Video,3.0,6.0,100.0,22.81
User_99,32,99,0,0,31.34,0.633,Rural,Clear,Sensor,5.0,1.0,95.5,19.44
User_100,32,100,0,2,63.4,0.926,Highway,Clear,Video,3.0,2.0,69.5,22.79
User_101,32,101,4,0,54.2,0.85,Urban,Clear,Sensor,4.0,3.0,100.0,30.38
User_102,32,102,1,1,19.14,0.378,Highway,Clear,Video,3.0,1.0,95.5,18.24
User_103,32,103,3,1,69.93,0.6,Urban,Fog,Text,4.0,4.0,100.0,42.1
User_104,32,104,2,0,57.03,0.259,Highway,Fog,Video,4.0,1.0,95.5,27.6
User_105,32,105,4,0,31.72,0.762,Highway,Fog,Emergency,5.0,3.0,100.0,34.38
User_106,32,106,1,3,50.27,0.453,Urban,Clear,Sensor,2.0,2.0,69.5,24.3
User_107,32,107,3,3,73.73,0.338,Highway,Clear,Emergency,1.0,2.0,69.5,24.28
User_108,32,108,2,2,45.4,0.802,Urban,Fog,Video,5.0,4.0,100.0,39.39
User_109,32,109,0,0,54.94,0.875,Rural,Clear,Emergency,4.0,1.0,95.5,23.77
User_110,32,110,7,3,86.05,0.402,Highway,Rain,Sensor,5.0,6.0,100.0,25.61
User_111,32,111,5,1,43.99,0.862,Highway,Fog,Text,3.0,6.0,100.0,36.25
User_112,32,112,3,3,65.07,0.697,Urban,Rain,Text,5.0,4.0,100.0,33.41
User_113,32,113,6,2,51.91,0.609,Highway,Rain,Sensor,4.0,6.0,100.0,22.69
User_114,32,114,3,1,55.09,0.486,Urban,Fog,Text,3.0,1.0,95.5,39.94
User_115,32,115,1,3,19.84,0.332,Highway,Clear,Video,4.0,4.0,100.0,12.58
User_116,32,116,4,2,74.66,0.42,Highway,Clear,Emergency,4.0,6.0,100.0,20.54
User_117,32,117,6,2,41.84,0.246,Highway,Fog,Emergency,2.0,6.0,100.0,21.95
User_118,32,118,3,3,77.6,0.448,Urban,Clear,Sensor,5.0,4.0,100.0,25.05
User_119,32,119,5,3,49.34,0.623,Urban,Clear,Emergency,4.0,6.0,100.0,26.83
User_120,32,120,1,1,108.23,0.693,Urban,Rain,Sensor,2.0,1.0,95.5,34.64
User_121,32,121,4,0,49.54,0.651,Highway,Rain,Emergency,1.0,6.0,100.0,33.25
User_122,32,122,2,2,62.3,0.558,Rural,Rain,Emergency,2.0,2.0,69.5,29.24
User_123,32,123,6,2,47.43,0.468,Highway,Fog,Emergency,1.0,5.0,25.67,30.44
User_124,32,124,0,2,87.97,0.583,Rural,Fog,Video,4.0,2.0,69.5,30.38
User_125,32,125,3,1,35.19,0.692,Highway,Fog,Emergency,5.0,4.0,100.0,38.44
User_126,32,126,4,0,45.26,0.292,Highway,Fog,Text,5.0,3.0,100.0,27.74
User_127,32,127,2,0,123.18,0.644,Urban,Fog,Video,4.0,1.0,95.5,39.36
User_128,32,128,2,0,56.79,0.237,Rural,Rain,Sensor,3.0,1.0,95.5,24.26
User_129,32,129,4,2,77.3,0.265,Rural,Fog,Video,4.0,6.0,100.0,30.29
User_130,32,130,4,0,58.24,0.912,Urban,Rain,Emergency,1.0,5.0,25.67,41.43
User_131,32,131,7,3,31.28,0.86,Rural,Rain,Sensor,4.0,6.0,100.0,32.84
User_132,32,132,7,1,52.6,0.283,Urban,Clear,Text,2.0,5.0,25.67,16.82
User_133,32,133,7,1,75.25,0.17,Rural,Fog,Text,4.0,5.0,25.67,23.81
User_134,32,134,7,1,79.48,0.886,Rural,Fog,Emergency,5.0,5.0,25.67,34.67
User_135,32,135,5,1,67.97,0.515,Urban,Rain,Video,3.0,6.0,100.0,30.76
User_136,32,136,1,1,49.83,0.172,Highway,Rain,Emergency,3.0,1.0,95.5,21.07
User_137,32,137,6,0,101.02,0.543,Urban,Fog,Emergency,4.0,3.0,100.0,32.18
User_138,32,138,2,2,28.64,0.68,Highway,Rain,Emergency,5.0,4.0,100.0,28.06
User_139,32,139,6,0,100.44,0.591,Urban,Fog,Video,1.0,5.0,25.67,37.88
User_140,32,140,5,3,87.72,0.483,Highway,Fog,Text,4.0,6.0,100.0,31.88
User_141,32,141,2,0,42.28,0.609,Urban,Clear,Sensor,1.0,1.0,95.5,26.4
User_142,32,142,3,3,73.87,0.663,Urban,Fog,Emergency,1.0,2.0,69.5,43.16
User_143,32,143,2,2,66.12,0.953,Urban,Clear,Video,4.0,4.0,100.0,32.28
User_144,32,144,1,3,134.95,0.611,Rural,Clear,Emergency,5.0,4.0,100.0,22.21
User_145,32,145,6,0,38.11,0.811,Urban,Rain,Emergency,5.0,3.0,100.0,29.31
User_146,32,146,2,2,98.56,0.3,Urban,Clear,Text,4.0,2.0,69.5,23.46
User_147,32,147,6,2,49.37,0.311,Highway,Rain,Sensor,5.0,6.0,100.0,18.15
User_148,32,148,2,2,63.85,0.869,Urban,Rain,Video,3.0,2.0,69.5,35.95
User_149,32,149,6,0,127.56,0.655,Highway,Rain,Sensor,5.0,3.0,100.0,25.65
User_150,32,150,0,0,140.0,0.367,Rural,Clear,Video,2.0,1.0,95.5,18.7
User_151,32,151,1,3,78.45,0.682,Rural,Rain,Emergency,1.0,2.0,69.5,31.58
User_152,32,152,7,1,83.66,0.353,Rural,Clear,Emergency,1.0,5.0,25.67,16.8
User_153,32,153,0,2,67.47,0.396,Rural,Fog,Emergency,5.0,2.0,69.5,26.96
User_154,32,154,7,3,46.38,0.066,Urban,Rain,Sensor,4.0,6.0,100.0,23.38
User_155,32,155,6,2,109.28,0.302,Urban,Rain,Sensor,5.0,6.0,100.0,23.81
User_156,32,156,5,3,46.21,0.289,Highway,Clear,Emergency,1.0,5.0,25.67,22.72
User_157,32,157,4,2,43.83,0.078,Urban,Clear,Text,2.0,6.0,100.0,18.48
User_158,32,158,7,1,48.99,0.538,Urban,Clear,Text,5.0,5.0,25.67,20.54
User_159,32,159,1,3,79.31,0.695,Highway,Rain,Video,4.0,2.0,69.5,29.8
User_160,32,160,5,1,93.88,0.336,Urban,Rain,Sensor,1.0,6.0,100.0,28.86
User_161,32,161,2,2,46.66,0.455,Rural,Rain,Emergency,3.0,2.0,69.5,27.22
User_162,32,162,4,2,123.87,0.804,Urban,Rain,Video,4.0,6.0,100.0,36.78
User_163,32,163,3,1,24.45,0.07,Highway,Fog,Text,4.0,1.0,95.5,28.78
User_164,32,164,5,3,22.87,0.665,Highway,Fog,Text,3.0,6.0,100.0,32.66
User_165,32,165,4,0,84.27,0.682,Rural,Rain,Text,1.0,5.0,25.67,36.76
User_166,32,166,6,2,64.8,0.727,Urban,Rain,Video,3.0,6.0,100.0,28.85
User_167,32,167,4,0,70.6,0.466,Highway,Rain,Video,3.0,6.0,100.0,31.11
User_168,32,168,1,1,61.26,0.736,Highway,Rain,Emergency,5.0,1.0,95.5,29.88
User_169,32,169,1,3,13.65,0.432,Rural,Clear,Video,1.0,2.0,69.5,20.89
User_170,32,170,6,0,32.37,0.404,Rural,Fog,Video,1.0,5.0,25.67,31.03
User_171,32,171,4,2,35.0,0.714,Rural,Rain,Emergency,2.0,6.0,100.0,30.76
User_172,32,172,3,3,80.27,0.445,Highway,Fog,Video,4.0,2.0,69.5,36.08
User_173,32,173,5,1,27.89,0.622,Urban,Fog,Video,2.0,6.0,100.0,36.17
User_174,32,174,5,1,55.85,0.034,Highway,Fog,Text,5.0,3.0,100.0,24.19
User_175,32,175,1,3,20.34,0.737,Rural,Fog,Video,2.0,2.0,69.5,35.67
User_176,32,176,4,2,69.05,0.759,Rural,Fog,Text,1.0,5.0,25.67,42.46
User_177,32,177,5,1,46.51,0.633,Urban,Clear,Sensor,2.0,3.0,100.0,26.89
User_178,32,178,1,1,37.73,0.456,Highway,Rain,Video,2.0,1.0,95.5,24.97
User_179,32,179,4,0,94.34,0.573,Highway,Rain,Video,5.0,3.0,100.0,28.43
User_180,32,180,1,3,92.4,0.697,Rural,Clear,Text,1.0,2.0,69.5,27.23
User_181,32,181,4,0,75.8,0.321,Rural,Fog,Text,2.0,6.0,100.0,36.09
User_182,32,182,5,3,44.65,0.565,Rural,Fog,Emergency,4.0,6.0,100.0,33.81
User_183,32,183,4,0,52.1,0.654,Highway,Clear,Emergency,2.0,6.0,100.0,28.37
User_184,32,184,1,3,58.97,0.297,Rural,Fog,Text,4.0,2.0,69.5,30.22
User_185,32,185,7,3,30.49,0.591,Rural,Clear,Video,2.0,6.0,100.0,23.78
User_186,32,186,5,1,21.07,0.322,Highway,Fog,Sensor,5.0,3.0,100.0,27.46
User_187,32,187,1,3,28.55,0.482,Highway,Rain,Video,1.0,2.0,69.5,25.09
User_188,32,188,4,2,39.94,0.797,Rural,Fog,Sensor,1.0,5.0,25.67,42.15
User_189,32,189,3,3,24.82,0.072,Highway,Clear,Sensor,1.0,2.0,69.5,18.82
User_190,32,190,3,3,56.08,0.798,Rural,Fog,Text,1.0,2.0,69.5,42.65
User_191,32,191,4,0,34.65,0.335,Rural,Fog,Sensor,1.0,5.0,25.67,35.06
User_192,32,192,3,3,42.05,0.472,Rural,Clear,Emergency,5.0,4.0,100.0,22.34
User_193,32,193,3,1,140.0,0.674,Urban,Clear,Text,4.0,1.0,95.5,35.31
User_194,32,194,7,1,82.91,0.868,Highway,Clear,Video,3.0,5.0,25.67,22.51
User_195,32,195,7,3,93.83,0.436,Highway,Clear,Sensor,3.0,6.0,100.0,21.35
User_196,32,196,0,2,77.21,0.63,Rural,Clear,Text,3.0,2.0,69.5,20.77
User_197,32,197,2,2,46.81,0.463,Rural,Clear,Video,3.0,2.0,69.5,22.35
User_198,32,198,4,2,44.05,0.894,Urban,Rain,Video,2.0,6.0,100.0,35.73
User_199,32,199,4,2,76.37,0.385,Rural,Fog,Sensor,3.0,6.0,100.0,32.07
User_200,32,200,1,1,33.48,0.825,Rural,Clear,Emergency,2.0,1.0,95.5,27.38
User_201,32,201,4,0,47.9,0.309,Urban,Fog,Text,4.0,3.0,100.0,32.07
User_202,32,202,7,1,28.73,0.574,Rural,Fog,Video,1.0,5.0,25.67,28.47
User_203,32,203,0,0,50.3,0.455,Urban,Clear,Video,3.0,1.0,95.5,19.33
User_204,32,204,1,3,49.21,0.287,Highway,Clear,Text,1.0,2.0,69.5,17.78
User_205,32,205,6,0,17.43,0.942,Highway,Rain,Text,5.0,3.0,100.0,26.65
User_206,32,206,6,2,63.02,0.44,Urban,Fog,Sensor,2.0,6.0,100.0,29.49
User_7,33,7,2,0,79.49,0.528,Urban,Rain,Emergency,3.0,1.0,95.5,31.3
User_8,33,8,5,3,69.55,0.416,Rural,Clear,Emergency,3.0,6.0,100.0,22.33
User_9,33,9,6,2,50.68,0.364,Rural,Fog,Sensor,5.0,6.0,100.0,25.98
User_10,33,10,6,2,34.78,0.818,Highway,Rain,Sensor,3.0,6.0,100.0,25.31
User_11,33,11,7,3,27.75,0.342,Highway,Fog,Sensor,5.0,6.0,100.0,27.96
User_12,33,12,4,0,63.73,0.264,Highway,Clear,Emergency,5.0,3.0,100.0,17.87
User_13,33,13,6,0,87.76,0.333,Rural,Clear,Video,4.0,3.0,100.0,16.63
User_14,33,14,0,0,49.69,0.198,Highway,Rain,Sensor,5.0,1.0,95.5,16.46
User_15,33,15,4,0,75.0,0.652,Rural,Fog,Text,4.0,3.0,100.0,36.03
User_16,33,16,7,1,70.0,0.695,Urban,Rain,Text,5.0,5.0,25.67,28.52
User_17,33,17,7,3,31.04,0.159,Highway,Fog,Video,1.0,6.0,100.0,25.32
User_18,33,18,7,1,45.83,0.125,Highway,Rain,Text,1.0,5.0,25.67,15.25
User_19,33,19,0,0,61.96,0.876,Rural,Clear,Emergency,4.0,1.0,95.5,24.0
User_20,33,20,7,1,108.65,0.444,Highway,Rain,Video,4.0,5.0,25.67,21.92
User_21,33,21,1,1,30.68,0.813,Rural,Clear,Video,5.0,1.0,95.5,27.12
User_22,33,22,3,1,51.05,0.741,Urban,Rain,Text,5.0,4.0,100.0,38.65
User_23,33,23,2,0,123.01,0.855,Highway,Rain,Sensor,4.0,1.0,95.5,33.52
User_24,33,24,3,1,32.93,0.578,Rural,Clear,Sensor,3.0,1.0,95.5,28.66
User_25,33,25,0,2,25.85,0.754,Urban,Clear,Video,3.0,2.0,69.5,23.09
User_26,33,26,1,3,68.26,0.809,Urban,Clear,Sensor,3.0,2.0,69.5,30.18
User_27,33,27,5,3,108.56,0.615,Urban,Rain,Video,1.0,6.0,100.0,33.48
User_28,33,28,4,0,57.64,0.179,Highway,Rain,Emergency,1.0,6.0,100.0,26.41
User_29,33,29,3,3,25.02,0.251,Highway,Fog,Emergency,4.0,4.0,100.0,26.52
User_30,33,30,1,1,62.26,0.239,Highway,Clear,Emergency,3.0,1.0,95.5,17.45
User_31,33,31,4,0,22.76,0.703,Urban,Clear,Emergency,5.0,3.0,100.0,27.23
User_32,33,32,0,2,140.0,0.74,Rural,Rain,Emergency,5.0,2.0,69.5,29.3
User_33,33,33,1,1,126.43,0.208,Highway,Clear,Video,4.0,1.0,95.5,18.91
User_34,33,34,4,0,44.89,0.249,Highway,Fog,Emergency,3.0,3.0,100.0,27.08
User_35,33,35,5,1,59.59,0.659,Urban,Clear,Text,4.0,3.0,100.0,27.67
User_36,33,36,6,0,66.84,0.229,Urban,Fog,Video,4.0,3.0,100.0,26.44
User_37,33,37,3,3,28.87,0.607,Rural,Rain,Emergency,5.0,4.0,100.0,28.97
User_38,33,38,0,2,48.47,0.884,Urban,Rain,Emergency,5.0,2.0,69.5,30.71
User_39,33,39,3,1,46.09,0.139,Rural,Rain,Sensor,2.0,1.0,95.5,27.47
User_40,33,40,3,1,68.6,0.588,Rural,Clear,Sensor,5.0,4.0,100.0,29.88
User_41,33,41,2,2,57.05,0.503,Rural,Clear,Text,5.0,4.0,100.0,23.26
User_42,33,42,7,3,75.42,0.555,Urban,Rain,Video,3.0,6.0,100.0,31.59
User_43,33,43,4,0,74.4,0.481,Highway,Rain,Video,3.0,3.0,100.0,26.45
User_44,33,44,5,3,109.22,0.505,Highway,Fog,Emergency,4.0,6.0,100.0,32.85
User_45,33,45,3,3,33.74,0.308,Rural,Rain,Emergency,2.0,2.0,69.5,29.63
User_46,33,46,6,2,61.02,0.356,Rural,Rain,Video,5.0,6.0,100.0,21.17
User_47,33,47,1,1,15.19,0.223,Urban,Clear,Emergency,4.0,1.0,95.5,19.8
User_48,33,48,7,1,71.47,0.427,Highway,Rain,Sensor,1.0,5.0,25.67,20.55
User_49,33,49,0,0,79.85,0.629,Rural,Clear,Text,4.0,1.0,95.5,20.83
User_50,33,50,5,3,51.69,0.327,Highway,Clear,Sensor,5.0,6.0,100.0,18.46
User_51,33,51,4,2,60.88,0.825,Rural,Rain,Emergency,5.0,6.0,100.0,33.2
User_52,33,52,6,2,39.63,0.206,Rural,Fog,Text,1.0,6.0,100.0,23.28
User_53,33,53,0,2,69.79,0.196,Urban,Fog,Video,4.0,2.0,69.5,26.03
User_54,33,54,7,1,64.99,0.911,Urban,Clear,Text,2.0,5.0,25.67,26.61
User_55,33,55,7,1,51.32,0.763,Highway,Clear,Emergency,1.0,5.0,25.67,19.98
User_56,33,56,5,1,64.52,0.363,Urban,Clear,Emergency,3.0,3.0,100.0,23.38
User_57,33,57,7,1,31.74,0.384,Highway,Fog,Sensor,2.0,5.0,25.67,23.71
User_58,33,58,0,2,140.0,0.628,Urban,Fog,Video,3.0,2.0,69.5,34.62
User_59,33,59,1,1,33.99,0.425,Highway,Clear,Emergency,2.0,1.0,95.5,19.39
User_60,33,60,3,1,17.38,0.044,Highway,Clear,Sensor,4.0,4.0,100.0,18.18
User_61,33,61,4,2,40.82,0.495,Rural,Rain,Video,2.0,6.0,100.0,27.65
User_62,33,62,4,2,65.5,0.162,Highway,Clear,Sensor,4.0,6.0,100.0,16.39
User_63,33,63,1,3,105.98,0.682,Rural,Clear,Emergency,1.0,2.0,69.5,27.41
User_64,33,64,4,0,21.17,0.92,Highway,Clear,Video,5.0,3.0,100.0,26.44
User_65,33,65,3,3,50.01,0.685,Rural,Rain,Emergency,4.0,4.0,100.0,30.78
User_66,33,66,3,3,136.61,0.664,Rural,Rain,Sensor,3.0,2.0,69.5,38.06
User_67,33,67,3,3,52.99,0.357,Highway,Clear,Text,1.0,2.0,69.5,23.94
User_68,33,68,5,3,23.01,0.513,Highway,Fog,Text,3.0,6.0,100.0,30.39
User_69,33,69,5,3,66.11,0.477,Urban,Fog,Sensor,4.0,6.0,100.0,35.14
User_70,33,70,7,1,115.47,0.865,Urban,Rain,Text,5.0,5.0,25.67,32.44
User_71,33,71,7,3,62.24,0.383,Urban,Fog,Sensor,5.0,6.0,100.0,33.61
User_72,33,72,5,3,19.4,0.609,Highway,Clear,Sensor,2.0,6.0,100.0,21.72
User_73,33,73,6,2,62.24,0.717,Highway,Fog,Text,5.0,6.0,100.0,29.62
User_74,33,74,0,0,104.16,0.012,Rural,Fog,Emergency,4.0,1.0,95.5,22.3
User_75,33,75,7,1,49.72,0.868,Urban,Fog,Sensor,2.0,5.0,25.67,35.51
User_76,33,76,1,1,74.63,0.211,Highway,Clear,Emergency,3.0,1.0,95.5,17.4
User_77,33,77,3,1,29.0,0.526,Urban,Rain,Video,2.0,1.0,95.5,34.76
User_78,33,78,7,3,45.74,0.11,Urban,Fog,Emergency,3.0,6.0,100.0,29.02
User_79,33,79,6,0,36.94,0.299,Highway,Fog,Text,4.0,3.0,100.0,22.59
User_80,33,80,1,3,99.36,0.286,Urban,Rain,Text,5.0,4.0,100.0,23.27
User_81,33,81,3,1,48.24,0.126,Urban,Clear,Emergency,3.0,1.0,95.5,24.34
User_82,33,82,7,1,48.26,0.696,Highway,Fog,Sensor,4.0,5.0,25.67,28.89
User_83,33,83,7,1,54.61,0.318,Highway,Clear,Sensor,3.0,5.0,25.67,13.41
User_84,33,84,5,1,52.28,0.136,Rural,Fog,Text,3.0,6.0,100.0,27.61
User_85,33,85,6,0,28.7,0.548,Highway,Clear,Emergency,1.0,5.0,25.67,21.08
User_86,33,86,6,0,12.41,0.941,Highway,Clear,Emergency,1.0,5.0,25.67,26.49
User_87,33,87,0,2,45.0,0.715,Rural,Fog,Text,1.0,2.0,69.5,31.08
User_88,33,88,3,1,75.49,0.578,Highway,Fog,Text,1.0,1.0,95.5,37.93
User_89,33,89,6,2,40.52,0.545,Highway,Rain,Sensor,1.0,6.0,100.0,21.39
User_90,33,90,4,0,67.21,0.237,Rural,Rain,Emergency,4.0,3.0,100.0,24.57
User_91,33,91,5,1,56.28,0.415,Highway,Clear,Video,5.0,3.0,100.0,19.91
User_92,33,92,4,2,88.84,0.809,Highway,Rain,Emergency,1.0,6.0,100.0,31.8
User_93,33,93,1,3,93.03,0.21,Highway,Fog,Text,4.0,4.0,100.0,22.94
User_94,33,94,0,2,64.44,0.774,Highway,Fog,Sensor,5.0,2.0,69.5,30.54
User_95,33,95,5,3,27.92,0.12,Highway,Fog,Emergency,5.0,6.0,100.0,24.64
User_96,33,96,6,2,28.55,0.405,Urban,Rain,Text,5.0,6.0,100.0,22.93
User_97,33,97,7,1,56.03,0.415,Urban,Rain,Video,5.0,5.0,25.67,23.91
User_98,33,98,5,1,42.1,0.503,Rural,Clear,Video,3.0,6.0,100.0,22.81
User_99,33,99,0,0,31.34,0.633,Rural,Clear,Sensor,5.0,1.0,95.5,19.44
User_100,33,100,0,2,63.4,0.926,Highway,Clear,Video,3.0,2.0,69.5,22.79
User_101,33,101,4,0,54.2,0.85,Urban,Clear,Sensor,4.0,3.0,100.0,30.38
User_102,33,102,1,1,19.14,0.378,Highway,Clear,Video,3.0,1.0,95.5,18.24
User_103,33,103,3,1,69.93,0.6,Urban,Fog,Text,4.0,4.0,100.0,42.1
User_104,33,104,2,0,57.03,0.259,Highway,Fog,Video,4.0,1.0,95.5,27.6
User_105,33,105,4,0,31.72,0.762,Highway,Fog,Emergency,5.0,3.0,100.0,34.38
User_106,33,106,1,3,50.27,0.453,Urban,Clear,Sensor,2.0,2.0,69.5,24.3
User_107,33,107,3,3,73.73,0.338,Highway,Clear,Emergency,1.0,2.0,69.5,24.28
User_108,33,108,2,2,45.4,0.802,Urban,Fog,Video,5.0,4.0,100.0,39.39
User_109,33,109,0,0,54.94,0.875,Rural,Clear,Emergency,4.0,1.0,95.5,23.77
User_110,33,110,7,3,86.05,0.402,Highway,Rain,Sensor,5.0,6.0,100.0,25.61
User_111,33,111,5,1,43.99,0.862,Highway,Fog,Text,3.0,6.0,100.0,36.25
User_112,33,112,3,3,65.07,0.697,Urban,Rain,Text,5.0,4.0,100.0,33.41
User_113,33,113,6,2,51.91,0.609,Highway,Rain,Sensor,4.0,6.0,100.0,22.69
User_114,33,114,3,1,55.09,0.486,Urban,Fog,Text,3.0,1.0,95.5,39.94
User_115,33,115,1,3,19.84,0.332,Highway,Clear,Video,4.0,4.0,100.0,12.58
User_116,33,116,4,2,74.66,0.42,Highway,Clear,Emergency,4.0,6.0,100.0,20.54
User_117,33,117,6,2,41.84,0.246,Highway,Fog,Emergency,2.0,6.0,100.0,21.95
User_118,33,118,3,3,77.6,0.448,Urban,Clear,Sensor,5.0,4.0,100.0,25.05
User_119,33,119,5,3,49.34,0.623,Urban,Clear,Emergency,4.0,6.0,100.0,26.83
User_120,33,120,1,1,108.23,0.693,Urban,Rain,Sensor,2.0,1.0,95.5,34.64
User_121,33,121,4,0,49.54,0.651,Highway,Rain,Emergency,1.0,6.0,100.0,33.25
User_122,33,122,2,2,62.3,0.558,Rural,Rain,Emergency,2.0,2.0,69.5,29.24
User_123,33,123,6,2,47.43,0.468,Highway,Fog,Emergency,1.0,5.0,25.67,30.44
User_124,33,124,0,2,87.97,0.583,Rural,Fog,Video,4.0,2.0,69.5,30.38
User_125,33,125,3,1,35.19,0.692,Highway,Fog,Emergency,5.0,4.0,100.0,38.44
User_126,33,126,4,0,45.26,0.292,Highway,Fog,Text,5.0,3.0,100.0,27.74
User_127,33,127,2,0,123.18,0.644,Urban,Fog,Video,4.0,1.0,95.5,39.36
User_128,33,128,2,0,56.79,0.237,Rural,Rain,Sensor,3.0,1.0,95.5,24.26
User_129,33,129,4,2,77.3,0.265,Rural,Fog,Video,4.0,6.0,100.0,30.29
User_130,33,130,4,0,58.24,0.912,Urban,Rain,Emergency,1.0,5.0,25.67,41.43
User_131,33,131,7,3,31.28,0.86,Rural,Rain,Sensor,4.0,6.0,100.0,32.84
User_132,33,132,7,1,52.6,0.283,Urban,Clear,Text,2.0,5.0,25.67,16.82
User_133,33,133,7,1,75.25,0.17,Rural,Fog,Text,4.0,5.0,25.67,23.81
User_134,33,134,7,1,79.48,0.886,Rural,Fog,Emergency,5.0,5.0,25.67,34.67
User_135,33,135,5,1,67.97,0.515,Urban,Rain,Video,3.0,6.0,100.0,30.76
User_136,33,136,1,1,49.83,0.172,Highway,Rain,Emergency,3.0,1.0,95.5,21.07
User_137,33,137,6,0,101.02,0.543,Urban,Fog,Emergency,4.0,3.0,100.0,32.18
User_138,33,138,2,2,28.64,0.68,Highway,Rain,Emergency,5.0,4.0,100.0,28.06
User_139,33,139,6,0,100.44,0.591,Urban,Fog,Video,1.0,5.0,25.67,37.88
User_140,33,140,5,3,87.72,0.483,Highway,Fog,Text,4.0,6.0,100.0,31.88
User_141,33,141,2,0,42.28,0.609,Urban,Clear,Sensor,1.0,1.0,95.5,26.4
User_142,33,142,3,3,73.87,0.663,Urban,Fog,Emergency,1.0,2.0,69.5,43.16
User_143,33,143,2,2,66.12,0.953,Urban,Clear,Video,4.0,4.0,100.0,32.28
User_144,33,144,1,3,134.95,0.611,Rural,Clear,Emergency,5.0,4.0,100.0,22.21
User_145,33,145,6,0,38.11,0.811,Urban,Rain,Emergency,5.0,3.0,100.0,29.31
User_146,33,146,2,2,98.56,0.3,Urban,Clear,Text,4.0,2.0,69.5,23.46
User_147,33,147,6,2,49.37,0.311,Highway,Rain,Sensor,5.0,6.0,100.0,18.15
User_148,33,148,2,2,63.85,0.869,Urban,Rain,Video,3.0,2.0,69.5,35.95
User_149,33,149,6,0,127.56,0.655,Highway,Rain,Sensor,5.0,3.0,100.0,25.65
User_150,33,150,0,0,140.0,0.367,Rural,Clear,Video,2.0,1.0,95.5,18.7
User_151,33,151,1,3,78.45,0.682,Rural,Rain,Emergency,1.0,2.0,69.5,31.58
User_152,33,152,7,1,83.66,0.353,Rural,Clear,Emergency,1.0,5.0,25.67,16.8
User_153,33,153,0,2,67.47,0.396,Rural,Fog,Emergency,5.0,2.0,69.5,26.96
User_154,33,154,7,3,46.38,0.066,Urban,Rain,Sensor,4.0,6.0,100.0,23.38
User_155,33,155,6,2,109.28,0.302,Urban,Rain,Sensor,5.0,6.0,100.0,23.81
User_156,33,156,5,3,46.21,0.289,Highway,Clear,Emergency,1.0,5.0,25.67,22.72
User_157,33,157,4,2,43.83,0.078,Urban,Clear,Text,2.0,6.0,100.0,18.48
User_158,33,158,7,1,48.99,0.538,Urban,Clear,Text,5.0,5.0,25.67,20.54
User_159,33,159,1,3,79.31,0.695,Highway,Rain,Video,4.0,2.0,69.5,29.8
User_160,33,160,5,1,93.88,0.336,Urban,Rain,Sensor,1.0,6.0,100.0,28.86
User_161,33,161,2,2,46.66,0.455,Rural,Rain,Emergency,3.0,2.0,69.5,27.22
User_162,33,162,4,2,123.87,0.804,Urban,Rain,Video,4.0,6.0,100.0,36.78
User_163,33,163,3,1,24.45,0.07,Highway,Fog,Text,4.0,1.0,95.5,28.78
User_164,33,164,5,3,22.87,0.665,Highway,Fog,Text,3.0,6.0,100.0,32.66
User_165,33,165,4,0,84.27,0.682,Rural,Rain,Text,1.0,5.0,25.67,36.76
User_166,33,166,6,2,64.8,0.727,Urban,Rain,Video,3.0,6.0,100.0,28.85
User_167,33,167,4,0,70.6,0.466,Highway,Rain,Video,3.0,6.0,100.0,31.11
User_168,33,168,1,1,61.26,0.736,Highway,Rain,Emergency,5.0,1.0,95.5,29.88
User_169,33,169,1,3,13.65,0.432,Rural,Clear,Video,1.0,2.0,69.5,20.89
User_170,33,170,6,0,32.37,0.404,Rural,Fog,Video,1.0,5.0,25.67,31.03
User_171,33,171,4,2,35.0,0.714,Rural,Rain,Emergency,2.0,6.0,100.0,30.76
User_172,33,172,3,3,80.27,0.445,Highway,Fog,Video,4.0,2.0,69.5,36.08
User_173,33,173,5,1,27.89,0.622,Urban,Fog,Video,2.0,6.0,100.0,36.17
User_174,33,174,5,1,55.85,0.034,Highway,Fog,Text,5.0,3.0,100.0,24.19
User_175,33,175,1,3,20.34,0.737,Rural,Fog,Video,2.0,2.0,69.5,35.67
User_176,33,176,4,2,69.05,0.759,Rural,Fog,Text,1.0,5.0,25.67,42.46
User_177,33,177,5,1,46.51,0.633,Urban,Clear,Sensor,2.0,3.0,100.0,26.89
User_178,33,178,1,1,37.73,0.456,Highway,Rain,Video,2.0,1.0,95.5,24.97
User_179,33,179,4,0,94.34,0.573,Highway,Rain,Video,5.0,3.0,100.0,28.43
User_180,33,180,1,3,92.4,0.697,Rural,Clear,Text,1.0,2.0,69.5,27.23
User_181,33,181,4,0,75.8,0.321,Rural,Fog,Text,2.0,6.0,100.0,36.09
User_182,33,182,5,3,44.65,0.565,Rural,Fog,Emergency,4.0,6.0,100.0,33.81
User_183,33,183,4,0,52.1,0.654,Highway,Clear,Emergency,2.0,6.0,100.0,28.37
User_184,33,184,1,3,58.97,0.297,Rural,Fog,Text,4.0,2.0,69.5,30.22
User_185,33,185,7,3,30.49,0.591,Rural,Clear,Video,2.0,6.0,100.0,23.78
User_186,33,186,5,1,21.07,0.322,Highway,Fog,Sensor,5.0,3.0,100.0,27.46
User_187,33,187,1,3,28.55,0.482,Highway,Rain,Video,1.0,2.0,69.5,25.09
User_188,33,188,4,2,39.94,0.797,Rural,Fog,Sensor,1.0,5.0,25.67,42.15
User_189,33,189,3,3,24.82,0.072,Highway,Clear,Sensor,1.0,2.0,69.5,18.82
User_190,33,190,3,3,56.08,0.798,Rural,Fog,Text,1.0,2.0,69.5,42.65
User_191,33,191,4,0,34.65,0.335,Rural,Fog,Sensor,1.0,5.0,25.67,35.06
User_192,33,192,3,3,42.05,0.472,Rural,Clear,Emergency,5.0,4.0,100.0,22.34
User_193,33,193,3,1,140.0,0.674,Urban,Clear,Text,4.0,1.0,95.5,35.31
User_194,33,194,7,1,82.91,0.868,Highway,Clear,Video,3.0,5.0,25.67,22.51
User_195,33,195,7,3,93.83,0.436,Highway,Clear,Sensor,3.0,6.0,100.0,21.35
User_196,33,196,0,2,77.21,0.63,Rural,Clear,Text,3.0,2.0,69.5,20.77
User_197,33,197,2,2,46.81,0.463,Rural,Clear,Video,3.0,2.0,69.5,22.35
User_198,33,198,4,2,44.05,0.894,Urban,Rain,Video,2.0,6.0,100.0,35.73
User_199,33,199,4,2,76.37,0.385,Rural,Fog,Sensor,3.0,6.0,100.0,32.07
User_200,33,200,1,1,33.48,0.825,Rural,Clear,Emergency,2.0,1.0,95.5,27.38
User_201,33,201,4,0,47.9,0.309,Urban,Fog,Text,4.0,3.0,100.0,32.07
User_202,33,202,7,1,28.73,0.574,Rural,Fog,Video,1.0,5.0,25.67,28.47
User_203,33,203,0,0,50.3,0.455,Urban,Clear,Video,3.0,1.0,95.5,19.33
User_204,33,204,1,3,49.21,0.287,Highway,Clear,Text,1.0,2.0,69.5,17.78
User_205,33,205,6,0,17.43,0.942,Highway,Rain,Text,5.0,3.0,100.0,26.65
User_206,33,206,6,2,63.02,0.44,Urban,Fog,Sensor,2.0,6.0,100.0,29.49
User_7,34,7,2,0,79.49,0.528,Urban,Rain,Emergency,3.0,1.0,95.5,31.3
User_8,34,8,5,3,69.55,0.416,Rural,Clear,Emergency,3.0,6.0,100.0,22.33
User_9,34,9,6,2,50.68,0.364,Rural,Fog,Sensor,5.0,6.0,100.0,25.98
User_10,34,10,6,2,34.78,0.818,Highway,Rain,Sensor,3.0,6.0,100.0,25.31
User_11,34,11,7,3,27.75,0.342,Highway,Fog,Sensor,5.0,6.0,100.0,27.96
User_12,34,12,4,0,63.73,0.264,Highway,Clear,Emergency,5.0,3.0,100.0,17.87
User_13,34,13,6,0,87.76,0.333,Rural,Clear,Video,4.0,3.0,100.0,16.63
User_14,34,14,0,0,49.69,0.198,Highway,Rain,Sensor,5.0,1.0,95.5,16.46
User_15,34,15,4,0,75.0,0.652,Rural,Fog,Text,4.0,3.0,100.0,36.03
User_16,34,16,7,1,70.0,0.695,Urban,Rain,Text,5.0,5.0,25.67,28.52
User_17,34,17,7,3,31.04,0.159,Highway,Fog,Video,1.0,6.0,100.0,25.32
User_18,34,18,7,1,45.83,0.125,Highway,Rain,Text,1.0,5.0,25.67,15.25
User_19,34,19,0,0,61.96,0.876,Rural,Clear,Emergency,4.0,1.0,95.5,24.0
User_20,34,20,7,1,108.65,0.444,Highway,Rain,Video,4.0,5.0,25.67,21.92
User_21,34,21,1,1,30.68,0.813,Rural,Clear,Video,5.0,1.0,95.5,27.12
User_22,34,22,3,1,51.05,0.741,Urban,Rain,Text,5.0,4.0,100.0,38.65
User_23,34,23,2,0,123.01,0.855,Highway,Rain,Sensor,4.0,1.0,95.5,33.52
User_24,34,24,3,1,32.93,0.578,Rural,Clear,Sensor,3.0,1.0,95.5,28.66
User_25,34,25,0,2,25.85,0.754,Urban,Clear,Video,3.0,2.0,69.5,23.09
User_26,34,26,1,3,68.26,0.809,Urban,Clear,Sensor,3.0,2.0,69.5,30.18
User_27,34,27,5,3,108.56,0.615,Urban,Rain,Video,1.0,6.0,100.0,33.48
User_28,34,28,4,0,57.64,0.179,Highway,Rain,Emergency,1.0,6.0,100.0,26.41
User_29,34,29,3,3,25.02,0.251,Highway,Fog,Emergency,4.0,4.0,100.0,26.52
User_30,34,30,1,1,62.26,0.239,Highway,Clear,Emergency,3.0,1.0,95.5,17.45
User_31,34,31,4,0,22.76,0.703,Urban,Clear,Emergency,5.0,3.0,100.0,27.23
User_32,34,32,0,2,140.0,0.74,Rural,Rain,Emergency,5.0,2.0,69.5,29.3
User_33,34,33,1,1,126.43,0.208,Highway,Clear,Video,4.0,1.0,95.5,18.91
User_34,34,34,4,0,44.89,0.249,Highway,Fog,Emergency,3.0,3.0,100.0,27.08
User_35,34,35,5,1,59.59,0.659,Urban,Clear,Text,4.0,3.0,100.0,27.67
User_36,34,36,6,0,66.84,0.229,Urban,Fog,Video,4.0,3.0,100.0,26.44
User_37,34,37,3,3,28.87,0.607,Rural,Rain,Emergency,5.0,4.0,100.0,28.97
User_38,34,38,0,2,48.47,0.884,Urban,Rain,Emergency,5.0,2.0,69.5,30.71
User_39,34,39,3,1,46.09,0.139,Rural,Rain,Sensor,2.0,1.0,95.5,27.47
User_40,34,40,3,1,68.6,0.588,Rural,Clear,Sensor,5.0,4.0,100.0,29.88
User_41,34,41,2,2,57.05,0.503,Rural,Clear,Text,5.0,4.0,100.0,23.26
User_42,34,42,7,3,75.42,0.555,Urban,Rain,Video,3.0,6.0,100.0,31.59
User_43,34,43,4,0,74.4,0.481,Highway,Rain,Video,3.0,3.0,100.0,26.45
User_44,34,44,5,3,109.22,0.505,Highway,Fog,Emergency,4.0,6.0,100.0,32.85
User_45,34,45,3,3,33.74,0.308,Rural,Rain,Emergency,2.0,2.0,69.5,29.63
User_46,34,46,6,2,61.02,0.356,Rural,Rain,Video,5.0,6.0,100.0,21.17
User_47,34,47,1,1,15.19,0.223,Urban,Clear,Emergency,4.0,1.0,95.5,19.8
User_48,34,48,7,1,71.47,0.427,Highway,Rain,Sensor,1.0,5.0,25.67,20.55
User_49,34,49,0,0,79.85,0.629,Rural,Clear,Text,4.0,1.0,95.5,20.83
User_50,34,50,5,3,51.69,0.327,Highway,Clear,Sensor,5.0,6.0,100.0,18.46
User_51,34,51,4,2,60.88,0.825,Rural,Rain,Emergency,5.0,6.0,100.0,33.2
User_52,34,52,6,2,39.63,0.206,Rural,Fog,Text,1.0,6.0,100.0,23.28
User_53,34,53,0,2,69.79,0.196,Urban,Fog,Video,4.0,2.0,69.5,26.03
User_54,34,54,7,1,64.99,0.911,Urban,Clear,Text,2.0,5.0,25.67,26.61
User_55,34,55,7,1,51.32,0.763,Highway,Clear,Emergency,1.0,5.0,25.67,19.98
User_56,34,56,5,1,64.52,0.363,Urban,Clear,Emergency,3.0,3.0,100.0,23.38
User_57,34,57,7,1,31.74,0.384,Highway,Fog,Sensor,2.0,5.0,25.67,23.71
User_58,34,58,0,2,140.0,0.628,Urban,Fog,Video,3.0,2.0,69.5,34.62
User_59,34,59,1,1,33.99,0.425,Highway,Clear,Emergency,2.0,1.0,95.5,19.39
User_60,34,60,3,1,17.38,0.044,Highway,Clear,Sensor,4.0,4.0,100.0,18.18
User_61,34,61,4,2,40.82,0.495,Rural,Rain,Video,2.0,6.0,100.0,27.65
User_62,34,62,4,2,65.5,0.162,Highway,Clear,Sensor,4.0,6.0,100.0,16.39
User_63,34,63,1,3,105.98,0.682,Rural,Clear,Emergency,1.0,2.0,69.5,27.41
User_64,34,64,4,0,21.17,0.92,Highway,Clear,Video,5.0,3.0,100.0,26.44
User_65,34,65,3,3,50.01,0.685,Rural,Rain,Emergency,4.0,4.0,100.0,30.78
User_66,34,66,3,3,136.61,0.664,Rural,Rain,Sensor,3.0,2.0,69.5,38.06
User_67,34,67,3,3,52.99,0.357,Highway,Clear,Text,1.0,2.0,69.5,23.94
User_68,34,68,5,3,23.01,0.513,Highway,Fog,Text,3.0,6.0,100.0,30.39
User_69,34,69,5,3,66.11,0.477,Urban,Fog,Sensor,4.0,6.0,100.0,35.14
User_70,34,70,7,1,115.47,0.865,Urban,Rain,Text,5.0,5.0,25.67,32.44
User_71,34,71,7,3,62.24,0.383,Urban,Fog,Sensor,5.0,6.0,100.0,33.61
User_72,34,72,5,3,19.4,0.609,Highway,Clear,Sensor,2.0,6.0,100.0,21.72
User_73,34,73,6,2,62.24,0.717,Highway,Fog,Text,5.0,6.0,100.0,29.62
User_74,34,74,0,0,104.16,0.012,Rural,Fog,Emergency,4.0,1.0,95.5,22.3
User_75,34,75,7,1,49.72,0.868,Urban,Fog,Sensor,2.0,5.0,25.67,35.51
User_76,34,76,1,1,74.63,0.211,Highway,Clear,Emergency,3.0,1.0,95.5,17.4
User_77,34,77,3,1,29.0,0.526,Urban,Rain,Video,2.0,1.0,95.5,34.76
User_78,34,78,7,3,45.74,0.11,Urban,Fog,Emergency,3.0,6.0,100.0,29.02
User_79,34,79,6,0,36.94,0.299,Highway,Fog,Text,4.0,3.0,100.0,22.59
User_80,34,80,1,3,99.36,0.286,Urban,Rain,Text,5.0,4.0,100.0,23.27
User_81,34,81,3,1,48.24,0.126,Urban,Clear,Emergency,3.0,1.0,95.5,24.34
User_82,34,82,7,1,48.26,0.696,Highway,Fog,Sensor,4.0,5.0,25.67,28.89
User_83,34,83,7,1,54.61,0.318,Highway,Clear,Sensor,3.0,5.0,25.67,13.41
User_84,34,84,5,1,52.28,0.136,Rural,Fog,Text,3.0,6.0,100.0,27.61
User_85,34,85,6,0,28.7,0.548,Highway,Clear,Emergency,1.0,5.0,25.67,21.08
User_86,34,86,6,0,12.41,0.941,Highway,Clear,Emergency,1.0,5.0,25.67,26.49
User_87,34,87,0,2,45.0,0.715,Rural,Fog,Text,1.0,2.0,69.5,31.08
User_88,34,88,3,1,75.49,0.578,Highway,Fog,Text,1.0,1.0,95.5,37.93
User_89,34,89,6,2,40.52,0.545,Highway,Rain,Sensor,1.0,6.0,100.0,21.39
User_90,34,90,4,0,67.21,0.237,Rural,Rain,Emergency,4.0,3.0,100.0,24.57
User_91,34,91,5,1,56.28,0.415,Highway,Clear,Video,5.0,3.0,100.0,19.91
User_92,34,92,4,2,88.84,0.809,Highway,Rain,Emergency,1.0,6.0,100.0,31.8
User_93,34,93,1,3,93.03,0.21,Highway,Fog,Text,4.0,4.0,100.0,22.94
User_94,34,94,0,2,64.44,0.774,Highway,Fog,Sensor,5.0,2.0,69.5,30.54
User_95,34,95,5,3,27.92,0.12,Highway,Fog,Emergency,5.0,6.0,100.0,24.64
User_96,34,96,6,2,28.55,0.405,Urban,Rain,Text,5.0,6.0,100.0,22.93
User_97,34,97,7,1,56.03,0.415,Urban,Rain,Video,5.0,5.0,25.67,23.91
User_98,34,98,5,1,42.1,0.503,Rural,Clear,Video,3.0,6.0,100.0,22.81
User_99,34,99,0,0,31.34,0.633,Rural,Clear,Sensor,5.0,1.0,95.5,19.44
User_100,34,100,0,2,63.4,0.926,Highway,Clear,Video,3.0,2.0,69.5,22.79
User_101,34,101,4,0,54.2,0.85,Urban,Clear,Sensor,4.0,3.0,100.0,30.38
User_102,34,102,1,1,19.14,0.378,Highway,Clear,Video,3.0,1.0,95.5,18.24
User_103,34,103,3,1,69.93,0.6,Urban,Fog,Text,4.0,4.0,100.0,42.1
User_104,34,104,2,0,57.03,0.259,Highway,Fog,Video,4.0,1.0,95.5,27.6
User_105,34,105,4,0,31.72,0.762,Highway,Fog,Emergency,5.0,3.0,100.0,34.38
User_106,34,106,1,3,50.27,0.453,Urban,Clear,Sensor,2.0,2.0,69.5,24.3
User_107,34,107,3,3,73.73,0.338,Highway,Clear,Emergency,1.0,2.0,69.5,24.28
User_108,34,108,2,2,45.4,0.802,Urban,Fog,Video,5.0,4.0,100.0,39.39
User_109,34,109,0,0,54.94,0.875,Rural,Clear,Emergency,4.0,1.0,95.5,23.77
User_110,34,110,7,3,86.05,0.402,Highway,Rain,Sensor,5.0,6.0,100.0,25.61
User_111,34,111,5,1,43.99,0.862,Highway,Fog,Text,3.0,6.0,100.0,36.25
User_112,34,112,3,3,65.07,0.697,Urban,Rain,Text,5.0,4.0,100.0,33.41
User_113,34,113,6,2,51.91,0.609,Highway,Rain,Sensor,4.0,6.0,100.0,22.69
User_114,34,114,3,1,55.09,0.486,Urban,Fog,Text,3.0,1.0,95.5,39.94
User_115,34,115,1,3,19.84,0.332,Highway,Clear,Video,4.0,4.0,100.0,12.58
User_116,34,116,4,2,74.66,0.42,Highway,Clear,Emergency,4.0,6.0,100.0,20.54
User_117,34,117,6,2,41.84,0.246,Highway,Fog,Emergency,2.0,6.0,100.0,21.95
User_118,34,118,3,3,77.6,0.448,Urban,Clear,Sensor,5.0,4.0,100.0,25.05
User_119,34,119,5,3,49.34,0.623,Urban,Clear,Emergency,4.0,6.0,100.0,26.83
User_120,34,120,1,1,108.23,0.693,Urban,Rain,Sensor,2.0,1.0,95.5,34.64
User_121,34,121,4,0,49.54,0.651,Highway,Rain,Emergency,1.0,6.0,100.0,33.25
User_122,34,122,2,2,62.3,0.558,Rural,Rain,Emergency,2.0,2.0,69.5,29.24
User_123,34,123,6,2,47.43,0.468,Highway,Fog,Emergency,1.0,5.0,25.67,30.44
User_124,34,124,0,2,87.97,0.583,Rural,Fog,Video,4.0,2.0,69.5,30.38
User_125,34,125,3,1,35.19,0.692,Highway,Fog,Emergency,5.0,4.0,100.0,38.44
User_126,34,126,4,0,45.26,0.292,Highway,Fog,Text,5.0,3.0,100.0,27.74
User_127,34,127,2,0,123.18,0.644,Urban,Fog,Video,4.0,1.0,95.5,39.36
User_128,34,128,2,0,56.79,0.237,Rural,Rain,Sensor,3.0,1.0,95.5,24.26
User_129,34,129,4,2,77.3,0.265,Rural,Fog,Video,4.0,6.0,100.0,30.29
User_130,34,130,4,0,58.24,0.912,Urban,Rain,Emergency,1.0,5.0,25.67,41.43
User_131,34,131,7,3,31.28,0.86,Rural,Rain,Sensor,4.0,6.0,100.0,32.84
User_132,34,132,7,1,52.6,0.283,Urban,Clear,Text,2.0,5.0,25.67,16.82
User_133,34,133,7,1,75.25,0.17,Rural,Fog,Text,4.0,5.0,25.67,23.81
User_134,34,134,7,1,79.48,0.886,Rural,Fog,Emergency,5.0,5.0,25.67,34.67
User_135,34,135,5,1,67.97,0.515,Urban,Rain,Video,3.0,6.0,100.0,30.76
User_136,34,136,1,1,49.83,0.172,Highway,Rain,Emergency,3.0,1.0,95.5,21.07
User_137,34,137,6,0,101.02,0.543,Urban,Fog,Emergency,4.0,3.0,100.0,32.18
User_138,34,138,2,2,28.64,0.68,Highway,Rain,Emergency,5.0,4.0,100.0,28.06
User_139,34,139,6,0,100.44,0.591,Urban,Fog,Video,1.0,5.0,25.67,37.88
User_140,34,140,5,3,87.72,0.483,Highway,Fog,Text,4.0,6.0,100.0,31.88
User_141,34,141,2,0,42.28,0.609,Urban,Clear,Sensor,1.0,1.0,95.5,26.4
User_142,34,142,3,3,73.87,0.663,Urban,Fog,Emergency,1.0,2.0,69.5,43.16
User_143,34,143,2,2,66.12,0.953,Urban,Clear,Video,4.0,4.0,100.0,32.28
User_144,34,144,1,3,134.95,0.611,Rural,Clear,Emergency,5.0,4.0,100.0,22.21
User_145,34,145,6,0,38.11,0.811,Urban,Rain,Emergency,5.0,3.0,100.0,29.31
User_146,34,146,2,2,98.56,0.3,Urban,Clear,Text,4.0,2.0,69.5,23.46
User_147,34,147,6,2,49.37,0.311,Highway,Rain,Sensor,5.0,6.0,100.0,18.15
User_148,34,148,2,2,63.85,0.869,Urban,Rain,Video,3.0,2.0,69.5,35.95
User_149,34,149,6,0,127.56,0.655,Highway,Rain,Sensor,5.0,3.0,100.0,25.65
User_150,34,150,0,0,140.0,0.367,Rural,Clear,Video,2.0,1.0,95.5,18.7
User_151,34,151,1,3,78.45,0.682,Rural,Rain,Emergency,1.0,2.0,69.5,31.58
User_152,34,152,7,1,83.66,0.353,Rural,Clear,Emergency,1.0,5.0,25.67,16.8
User_153,34,153,0,2,67.47,0.396,Rural,Fog,Emergency,5.0,2.0,69.5,26.96
User_154,34,154,7,3,46.38,0.066,Urban,Rain,Sensor,4.0,6.0,100.0,23.38
User_155,34,155,6,2,109.28,0.302,Urban,Rain,Sensor,5.0,6.0,100.0,23.81
User_156,34,156,5,3,46.21,0.289,Highway,Clear,Emergency,1.0,5.0,25.67,22.72
User_157,34,157,4,2,43.83,0.078,Urban,Clear,Text,2.0,6.0,100.0,18.48
User_158,34,158,7,1,48.99,0.538,Urban,Clear,Text,5.0,5.0,25.67,20.54
User_159,34,159,1,3,79.31,0.695,Highway,Rain,Video,4.0,2.0,69.5,29.8
User_160,34,160,5,1,93.88,0.336,Urban,Rain,Sensor,1.0,6.0,100.0,28.86
User_161,34,161,2,2,46.66,0.455,Rural,Rain,Emergency,3.0,2.0,69.5,27.22
User_162,34,162,4,2,123.87,0.804,Urban,Rain,Video,4.0,6.0,100.0,36.78
User_163,34,163,3,1,24.45,0.07,Highway,Fog,Text,4.0,1.0,95.5,28.78
User_164,34,164,5,3,22.87,0.665,Highway,Fog,Text,3.0,6.0,100.0,32.66
User_165,34,165,4,0,84.27,0.682,Rural,Rain,Text,1.0,5.0,25.67,36.76
User_166,34,166,6,2,64.8,0.727,Urban,Rain,Video,3.0,6.0,100.0,28.85
User_167,34,167,4,0,70.6,0.466,Highway,Rain,Video,3.0,6.0,100.0,31.11
User_168,34,168,1,1,61.26,0.736,Highway,Rain,Emergency,5.0,1.0,95.5,29.88
User_169,34,169,1,3,13.65,0.432,Rural,Clear,Video,1.0,2.0,69.5,20.89
User_170,34,170,6,0,32.37,0.404,Rural,Fog,Video,1.0,5.0,25.67,31.03
User_171,34,171,4,2,35.0,0.714,Rural,Rain,Emergency,2.0,6.0,100.0,30.76
User_172,34,172,3,3,80.27,0.445,Highway,Fog,Video,4.0,2.0,69.5,36.08
User_173,34,173,5,1,27.89,0.622,Urban,Fog,Video,2.0,6.0,100.0,36.17
User_174,34,174,5,1,55.85,0.034,Highway,Fog,Text,5.0,3.0,100.0,24.19
User_175,34,175,1,3,20.34,0.737,Rural,Fog,Video,2.0,2.0,69.5,35.67
User_176,34,176,4,2,69.05,0.759,Rural,Fog,Text,1.0,5.0,25.67,42.46
User_177,34,177,5,1,46.51,0.633,Urban,Clear,Sensor,2.0,3.0,100.0,26.89
User_178,34,178,1,1,37.73,0.456,Highway,Rain,Video,2.0,1.0,95.5,24.97
User_179,34,179,4,0,94.34,0.573,Highway,Rain,Video,5.0,3.0,100.0,28.43
User_180,34,180,1,3,92.4,0.697,Rural,Clear,Text,1.0,2.0,69.5,27.23
User_181,34,181,4,0,75.8,0.321,Rural,Fog,Text,2.0,6.0,100.0,36.09
User_182,34,182,5,3,44.65,0.565,Rural,Fog,Emergency,4.0,6.0,100.0,33.81
User_183,34,183,4,0,52.1,0.654,Highway,Clear,Emergency,2.0,6.0,100.0,28.37
User_184,34,184,1,3,58.97,0.297,Rural,Fog,Text,4.0,2.0,69.5,30.22
User_185,34,185,7,3,30.49,0.591,Rural,Clear,Video,2.0,6.0,100.0,23.78
User_186,34,186,5,1,21.07,0.322,Highway,Fog,Sensor,5.0,3.0,100.0,27.46
User_187,34,187,1,3,28.55,0.482,Highway,Rain,Video,1.0,2.0,69.5,25.09
User_188,34,188,4,2,39.94,0.797,Rural,Fog,Sensor,1.0,5.0,25.67,42.15
User_189,34,189,3,3,24.82,0.072,Highway,Clear,Sensor,1.0,2.0,69.5,18.82
User_190,34,190,3,3,56.08,0.798,Rural,Fog,Text,1.0,2.0,69.5,42.65
User_191,34,191,4,0,34.65,0.335,Rural,Fog,Sensor,1.0,5.0,25.67,35.06
User_192,34,192,3,3,42.05,0.472,Rural,Clear,Emergency,5.0,4.0,100.0,22.34
User_193,34,193,3,1,140.0,0.674,Urban,Clear,Text,4.0,1.0,95.5,35.31
User_194,34,194,7,1,82.91,0.868,Highway,Clear,Video,3.0,5.0,25.67,22.51
User_195,34,195,7,3,93.83,0.436,Highway,Clear,Sensor,3.0,6.0,100.0,21.35
User_196,34,196,0,2,77.21,0.63,Rural,Clear,Text,3.0,2.0,69.5,20.77
User_197,34,197,2,2,46.81,0.463,Rural,Clear,Video,3.0,2.0,69.5,22.35
User_198,34,198,4,2,44.05,0.894,Urban,Rain,Video,2.0,6.0,100.0,35.73
User_199,34,199,4,2,76.37,0.385,Rural,Fog,Sensor,3.0,6.0,100.0,32.07
User_200,34,200,1,1,33.48,0.825,Rural,Clear,Emergency,2.0,1.0,95.5,27.38
User_201,34,201,4,0,47.9,0.309,Urban,Fog,Text,4.0,3.0,100.0,32.07
User_202,34,202,7,1,28.73,0.574,Rural,Fog,Video,1.0,5.0,25.67,28.47
User_203,34,203,0,0,50.3,0.455,Urban,Clear,Video,3.0,1.0,95.5,19.33
User_204,34,204,1,3,49.21,0.287,Highway,Clear,Text,1.0,2.0,69.5,17.78
User_205,34,205,6,0,17.43,0.942,Highway,Rain,Text,5.0,3.0,100.0,26.65
User_206,34,206,6,2,63.02,0.44,Urban,Fog,Sensor,2.0,6.0,100.0,29.49
User_7,35,7,2,0,79.49,0.528,Urban,Rain,Emergency,3.0,1.0,95.5,31.3
User_8,35,8,5,3,69.55,0.416,Rural,Clear,Emergency,3.0,6.0,100.0,22.33
User_9,35,9,6,2,50.68,0.364,Rural,Fog,Sensor,5.0,6.0,100.0,25.98
User_10,35,10,6,2,34.78,0.818,Highway,Rain,Sensor,3.0,6.0,100.0,25.31
User_11,35,11,7,3,27.75,0.342,Highway,Fog,Sensor,5.0,6.0,100.0,27.96
User_12,35,12,4,0,63.73,0.264,Highway,Clear,Emergency,5.0,3.0,100.0,17.87
User_13,35,13,6,0,87.76,0.333,Rural,Clear,Video,4.0,3.0,100.0,16.63
User_14,35,14,0,0,49.69,0.198,Highway,Rain,Sensor,5.0,1.0,95.5,16.46
User_15,35,15,4,0,75.0,0.652,Rural,Fog,Text,4.0,3.0,100.0,36.03
User_16,35,16,7,1,70.0,0.695,Urban,Rain,Text,5.0,5.0,25.67,28.52
User_17,35,17,7,3,31.04,0.159,Highway,Fog,Video,1.0,6.0,100.0,25.32
User_18,35,18,7,1,45.83,0.125,Highway,Rain,Text,1.0,5.0,25.67,15.25
User_19,35,19,0,0,61.96,0.876,Rural,Clear,Emergency,4.0,1.0,95.5,24.0
User_20,35,20,7,1,108.65,0.444,Highway,Rain,Video,4.0,5.0,25.67,21.92
User_21,35,21,1,1,30.68,0.813,Rural,Clear,Video,5.0,1.0,95.5,27.12
User_22,35,22,3,1,51.05,0.741,Urban,Rain,Text,5.0,4.0,100.0,38.65
User_23,35,23,2,0,123.01,0.855,Highway,Rain,Sensor,4.0,1.0,95.5,33.52
User_24,35,24,3,1,32.93,0.578,Rural,Clear,Sensor,3.0,1.0,95.5,28.66
User_25,35,25,0,2,25.85,0.754,Urban,Clear,Video,3.0,2.0,69.5,23.09
User_26,35,26,1,3,68.26,0.809,Urban,Clear,Sensor,3.0,2.0,69.5,30.18
User_27,35,27,5,3,108.56,0.615,Urban,Rain,Video,1.0,6.0,100.0,33.48
User_28,35,28,4,0,57.64,0.179,Highway,Rain,Emergency,1.0,6.0,100.0,26.41
User_29,35,29,3,3,25.02,0.251,Highway,Fog,Emergency,4.0,4.0,100.0,26.52
User_30,35,30,1,1,62.26,0.239,Highway,Clear,Emergency,3.0,1.0,95.5,17.45
User_31,35,31,4,0,22.76,0.703,Urban,Clear,Emergency,5.0,3.0,100.0,27.23
User_32,35,32,0,2,140.0,0.74,Rural,Rain,Emergency,5.0,2.0,69.5,29.3
User_33,35,33,1,1,126.43,0.208,Highway,Clear,Video,4.0,1.0,95.5,18.91
User_34,35,34,4,0,44.89,0.249,Highway,Fog,Emergency,3.0,3.0,100.0,27.08
User_35,35,35,5,1,59.59,0.659,Urban,Clear,Text,4.0,3.0,100.0,27.67
User_36,35,36,6,0,66.84,0.229,Urban,Fog,Video,4.0,3.0,100.0,26.44
User_37,35,37,3,3,28.87,0.607,Rural,Rain,Emergency,5.0,4.0,100.0,28.97
User_38,35,38,0,2,48.47,0.884,Urban,Rain,Emergency,5.0,2.0,69.5,30.71
User_39,35,39,3,1,46.09,0.139,Rural,Rain,Sensor,2.0,1.0,95.5,27.47
User_40,35,40,3,1,68.6,0.588,Rural,Clear,Sensor,5.0,4.0,100.0,29.88
User_41,35,41,2,2,57.05,0.503,Rural,Clear,Text,5.0,4.0,100.0,23.26
User_42,35,42,7,3,75.42,0.555,Urban,Rain,Video,3.0,6.0,100.0,31.59
User_43,35,43,4,0,74.4,0.481,Highway,Rain,Video,3.0,3.0,100.0,26.45
User_44,35,44,5,3,109.22,0.505,Highway,Fog,Emergency,4.0,6.0,100.0,32.85
User_45,35,45,3,3,33.74,0.308,Rural,Rain,Emergency,2.0,2.0,69.5,29.63
User_46,35,46,6,2,61.02,0.356,Rural,Rain,Video,5.0,6.0,100.0,21.17
User_47,35,47,1,1,15.19,0.223,Urban,Clear,Emergency,4.0,1.0,95.5,19.8
User_48,35,48,7,1,71.47,0.427,Highway,Rain,Sensor,1.0,5.0,25.67,20.55
User_49,35,49,0,0,79.85,0.629,Rural,Clear,Text,4.0,1.0,95.5,20.83
User_50,35,50,5,3,51.69,0.327,Highway,Clear,Sensor,5.0,6.0,100.0,18.46
User_51,35,51,4,2,60.88,0.825,Rural,Rain,Emergency,5.0,6.0,100.0,33.2
User_52,35,52,6,2,39.63,0.206,Rural,Fog,Text,1.0,6.0,100.0,23.28
User_53,35,53,0,2,69.79,0.196,Urban,Fog,Video,4.0,2.0,69.5,26.03
User_54,35,54,7,1,64.99,0.911,Urban,Clear,Text,2.0,5.0,25.67,26.61
User_55,35,55,7,1,51.32,0.763,Highway,Clear,Emergency,1.0,5.0,25.67,19.98
User_56,35,56,5,1,64.52,0.363,Urban,Clear,Emergency,3.0,3.0,100.0,23.38
User_57,35,57,7,1,31.74,0.384,Highway,Fog,Sensor,2.0,5.0,25.67,23.71
User_58,35,58,0,2,140.0,0.628,Urban,Fog,Video,3.0,2.0,69.5,34.62
User_59,35,59,1,1,33.99,0.425,Highway,Clear,Emergency,2.0,1.0,95.5,19.39
User_60,35,60,3,1,17.38,0.044,Highway,Clear,Sensor,4.0,4.0,100.0,18.18
User_61,35,61,4,2,40.82,0.495,Rural,Rain,Video,2.0,6.0,100.0,27.65
User_62,35,62,4,2,65.5,0.162,Highway,Clear,Sensor,4.0,6.0,100.0,16.39
User_63,35,63,1,3,105.98,0.682,Rural,Clear,Emergency,1.0,2.0,69.5,27.41
User_64,35,64,4,0,21.17,0.92,Highway,Clear,Video,5.0,3.0,100.0,26.44
User_65,35,65,3,3,50.01,0.685,Rural,Rain,Emergency,4.0,4.0,100.0,30.78
User_66,35,66,3,3,136.61,0.664,Rural,Rain,Sensor,3.0,2.0,69.5,38.06
User_67,35,67,3,3,52.99,0.357,Highway,Clear,Text,1.0,2.0,69.5,23.94
User_68,35,68,5,3,23.01,0.513,Highway,Fog,Text,3.0,6.0,100.0,30.39
User_69,35,69,5,3,66.11,0.477,Urban,Fog,Sensor,4.0,6.0,100.0,35.14
User_70,35,70,7,1,115.47,0.865,Urban,Rain,Text,5.0,5.0,25.67,32.44
User_71,35,71,7,3,62.24,0.383,Urban,Fog,Sensor,5.0,6.0,100.0,33.61
User_72,35,72,5,3,19.4,0.609,Highway,Clear,Sensor,2.0,6.0,100.0,21.72
User_73,35,73,6,2,62.24,0.717,Highway,Fog,Text,5.0,6.0,100.0,29.62
User_74,35,74,0,0,104.16,0.012,Rural,Fog,Emergency,4.0,1.0,95.5,22.3
User_75,35,75,7,1,49.72,0.868,Urban,Fog,Sensor,2.0,5.0,25.67,35.51
User_76,35,76,1,1,74.63,0.211,Highway,Clear,Emergency,3.0,1.0,95.5,17.4
User_77,35,77,3,1,29.0,0.526,Urban,Rain,Video,2.0,1.0,95.5,34.76
User_78,35,78,7,3,45.74,0.11,Urban,Fog,Emergency,3.0,6.0,100.0,29.02
User_79,35,79,6,0,36.94,0.299,Highway,Fog,Text,4.0,3.0,100.0,22.59
User_80,35,80,1,3,99.36,0.286,Urban,Rain,Text,5.0,4.0,100.0,23.27
User_81,35,81,3,1,48.24,0.126,Urban,Clear,Emergency,3.0,1.0,95.5,24.34
User_82,35,82,7,1,48.26,0.696,Highway,Fog,Sensor,4.0,5.0,25.67,28.89
User_83,35,83,7,1,54.61,0.318,Highway,Clear,Sensor,3.0,5.0,25.67,13.41
User_84,35,84,5,1,52.28,0.136,Rural,Fog,Text,3.0,6.0,100.0,27.61
User_85,35,85,6,0,28.7,0.548,Highway,Clear,Emergency,1.0,5.0,25.67,21.08
User_86,35,86,6,0,12.41,0.941,Highway,Clear,Emergency,1.0,5.0,25.67,26.49
User_87,35,87,0,2,45.0,0.715,Rural,Fog,Text,1.0,2.0,69.5,31.08
User_88,35,88,3,1,75.49,0.578,Highway,Fog,Text,1.0,1.0,95.5,37.93
User_89,35,89,6,2,40.52,0.545,Highway,Rain,Sensor,1.0,6.0,100.0,21.39
User_90,35,90,4,0,67.21,0.237,Rural,Rain,Emergency,4.0,3.0,100.0,24.57
User_91,35,91,5,1,56.28,0.415,Highway,Clear,Video,5.0,3.0,100.0,19.91
User_92,35,92,4,2,88.84,0.809,Highway,Rain,Emergency,1.0,6.0,100.0,31.8
User_93,35,93,1,3,93.03,0.21,Highway,Fog,Text,4.0,4.0,100.0,22.94
User_94,35,94,0,2,64.44,0.774,Highway,Fog,Sensor,5.0,2.0,69.5,30.54
User_95,35,95,5,3,27.92,0.12,Highway,Fog,Emergency,5.0,6.0,100.0,24.64
User_96,35,96,6,2,28.55,0.405,Urban,Rain,Text,5.0,6.0,100.0,22.93
User_97,35,97,7,1,56.03,0.415,Urban,Rain,Video,5.0,5.0,25.67,23.91
User_98,35,98,5,1,42.1,0.503,Rural,Clear,Video,3.0,6.0,100.0,22.81
User_99,35,99,0,0,31.34,0.633,Rural,Clear,Sensor,5.0,1.0,95.5,19.44
User_100,35,100,0,2,63.4,0.926,Highway,Clear,Video,3.0,2.0,69.5,22.79
User_101,35,101,4,0,54.2,0.85,Urban,Clear,Sensor,4.0,3.0,100.0,30.38
User_102,35,102,1,1,19.14,0.378,Highway,Clear,Video,3.0,1.0,95.5,18.24
User_103,35,103,3,1,69.93,0.6,Urban,Fog,Text,4.0,4.0,100.0,42.1
User_104,35,104,2,0,57.03,0.259,Highway,Fog,Video,4.0,1.0,95.5,27.6
User_105,35,105,4,0,31.72,0.762,Highway,Fog,Emergency,5.0,3.0,100.0,34.38
User_106,35,106,1,3,50.27,0.453,Urban,Clear,Sensor,2.0,2.0,69.5,24.3
User_107,35,107,3,3,73.73,0.338,Highway,Clear,Emergency,1.0,2.0,69.5,24.28
User_108,35,108,2,2,45.4,0.802,Urban,Fog,Video,5.0,4.0,100.0,39.39
User_109,35,109,0,0,54.94,0.875,Rural,Clear,Emergency,4.0,1.0,95.5,23.77
User_110,35,110,7,3,86.05,0.402,Highway,Rain,Sensor,5.0,6.0,100.0,25.61
User_111,35,111,5,1,43.99,0.862,Highway,Fog,Text,3.0,6.0,100.0,36.25
User_112,35,112,3,3,65.07,0.697,Urban,Rain,Text,5.0,4.0,100.0,33.41
User_113,35,113,6,2,51.91,0.609,Highway,Rain,Sensor,4.0,6.0,100.0,22.69
User_114,35,114,3,1,55.09,0.486,Urban,Fog,Text,3.0,1.0,95.5,39.94
User_115,35,115,1,3,19.84,0.332,Highway,Clear,Video,4.0,4.0,100.0,12.58
User_116,35,116,4,2,74.66,0.42,Highway,Clear,Emergency,4.0,6.0,100.0,20.54
User_117,35,117,6,2,41.84,0.246,Highway,Fog,Emergency,2.0,6.0,100.0,21.95
User_118,35,118,3,3,77.6,0.448,Urban,Clear,Sensor,5.0,4.0,100.0,25.05
User_119,35,119,5,3,49.34,0.623,Urban,Clear,Emergency,4.0,6.0,100.0,26.83
User_120,35,120,1,1,108.23,0.693,Urban,Rain,Sensor,2.0,1.0,95.5,34.64
User_121,35,121,4,0,49.54,0.651,Highway,Rain,Emergency,1.0,6.0,100.0,33.25
User_122,35,122,2,2,62.3,0.558,Rural,Rain,Emergency,2.0,2.0,69.5,29.24
User_123,35,123,6,2,47.43,0.468,Highway,Fog,Emergency,1.0,5.0,25.67,30.44
User_124,35,124,0,2,87.97,0.583,Rural,Fog,Video,4.0,2.0,69.5,30.38
User_125,35,125,3,1,35.19,0.692,Highway,Fog,Emergency,5.0,4.0,100.0,38.44
User_126,35,126,4,0,45.26,0.292,Highway,Fog,Text,5.0,3.0,100.0,27.74
User_127,35,127,2,0,123.18,0.644,Urban,Fog,Video,4.0,1.0,95.5,39.36
User_128,35,128,2,0,56.79,0.237,Rural,Rain,Sensor,3.0,1.0,95.5,24.26
User_129,35,129,4,2,77.3,0.265,Rural,Fog,Video,4.0,6.0,100.0,30.29
User_130,35,130,4,0,58.24,0.912,Urban,Rain,Emergency,1.0,5.0,25.67,41.43
User_131,35,131,7,3,31.28,0.86,Rural,Rain,Sensor,4.0,6.0,100.0,32.84
User_132,35,132,7,1,52.6,0.283,Urban,Clear,Text,2.0,5.0,25.67,16.82
User_133,35,133,7,1,75.25,0.17,Rural,Fog,Text,4.0,5.0,25.67,23.81
User_134,35,134,7,1,79.48,0.886,Rural,Fog,Emergency,5.0,5.0,25.67,34.67
User_135,35,135,5,1,67.97,0.515,Urban,Rain,Video,3.0,6.0,100.0,30.76
User_136,35,136,1,1,49.83,0.172,Highway,Rain,Emergency,3.0,1.0,95.5,21.07
User_137,35,137,6,0,101.02,0.543,Urban,Fog,Emergency,4.0,3.0,100.0,32.18
User_138,35,138,2,2,28.64,0.68,Highway,Rain,Emergency,5.0,4.0,100.0,28.06
User_139,35,139,6,0,100.44,0.591,Urban,Fog,Video,1.0,5.0,25.67,37.88
User_140,35,140,5,3,87.72,0.483,Highway,Fog,Text,4.0,6.0,100.0,31.88
User_141,35,141,2,0,42.28,0.609,Urban,Clear,Sensor,1.0,1.0,95.5,26.4
User_142,35,142,3,3,73.87,0.663,Urban,Fog,Emergency,1.0,2.0,69.5,43.16
User_143,35,143,2,2,66.12,0.953,Urban,Clear,Video,4.0,4.0,100.0,32.28
User_144,35,144,1,3,134.95,0.611,Rural,Clear,Emergency,5.0,4.0,100.0,22.21
User_145,35,145,6,0,38.11,0.811,Urban,Rain,Emergency,5.0,3.0,100.0,29.31
User_146,35,146,2,2,98.56,0.3,Urban,Clear,Text,4.0,2.0,69.5,23.46
User_147,35,147,6,2,49.37,0.311,Highway,Rain,Sensor,5.0,6.0,100.0,18.15
User_148,35,148,2,2,63.85,0.869,Urban,Rain,Video,3.0,2.0,69.5,35.95
User_149,35,149,6,0,127.56,0.655,Highway,Rain,Sensor,5.0,3.0,100.0,25.65
User_150,35,150,0,0,140.0,0.367,Rural,Clear,Video,2.0,1.0,95.5,18.7
User_151,35,151,1,3,78.45,0.682,Rural,Rain,Emergency,1.0,2.0,69.5,31.58
User_152,35,152,7,1,83.66,0.353,Rural,Clear,Emergency,1.0,5.0,25.67,16.8
User_153,35,153,0,2,67.47,0.396,Rural,Fog,Emergency,5.0,2.0,69.5,26.96
User_154,35,154,7,3,46.38,0.066,Urban,Rain,Sensor,4.0,6.0,100.0,23.38
User_155,35,155,6,2,109.28,0.302,Urban,Rain,Sensor,5.0,6.0,100.0,23.81
User_156,35,156,5,3,46.21,0.289,Highway,Clear,Emergency,1.0,5.0,25.67,22.72
User_157,35,157,4,2,43.83,0.078,Urban,Clear,Text,2.0,6.0,100.0,18.48
User_158,35,158,7,1,48.99,0.538,Urban,Clear,Text,5.0,5.0,25.67,20.54
User_159,35,159,1,3,79.31,0.695,Highway,Rain,Video,4.0,2.0,69.5,29.8
User_160,35,160,5,1,93.88,0.336,Urban,Rain,Sensor,1.0,6.0,100.0,28.86
User_161,35,161,2,2,46.66,0.455,Rural,Rain,Emergency,3.0,2.0,69.5,27.22
User_162,35,162,4,2,123.87,0.804,Urban,Rain,Video,4.0,6.0,100.0,36.78
User_163,35,163,3,1,24.45,0.07,Highway,Fog,Text,4.0,1.0,95.5,28.78
User_164,35,164,5,3,22.87,0.665,Highway,Fog,Text,3.0,6.0,100.0,32.66
User_165,35,165,4,0,84.27,0.682,Rural,Rain,Text,1.0,5.0,25.67,36.76
User_166,35,166,6,2,64.8,0.727,Urban,Rain,Video,3.0,6.0,100.0,28.85
User_167,35,167,4,0,70.6,0.466,Highway,Rain,Video,3.0,6.0,100.0,31.11
User_168,35,168,1,1,61.26,0.736,Highway,Rain,Emergency,5.0,1.0,95.5,29.88
User_169,35,169,1,3,13.65,0.432,Rural,Clear,Video,1.0,2.0,69.5,20.89
User_170,35,170,6,0,32.37,0.404,Rural,Fog,Video,1.0,5.0,25.67,31.03
User_171,35,171,4,2,35.0,0.714,Rural,Rain,Emergency,2.0,6.0,100.0,30.76
User_172,35,172,3,3,80.27,0.445,Highway,Fog,Video,4.0,2.0,69.5,36.08
User_173,35,173,5,1,27.89,0.622,Urban,Fog,Video,2.0,6.0,100.0,36.17
User_174,35,174,5,1,55.85,0.034,Highway,Fog,Text,5.0,3.0,100.0,24.19
User_175,35,175,1,3,20.34,0.737,Rural,Fog,Video,2.0,2.0,69.5,35.67
User_176,35,176,4,2,69.05,0.759,Rural,Fog,Text,1.0,5.0,25.67,42.46
User_177,35,177,5,1,46.51,0.633,Urban,Clear,Sensor,2.0,3.0,100.0,26.89
User_178,35,178,1,1,37.73,0.456,Highway,Rain,Video,2.0,1.0,95.5,24.97
User_179,35,179,4,0,94.34,0.573,Highway,Rain,Video,5.0,3.0,100.0,28.43
User_180,35,180,1,3,92.4,0.697,Rural,Clear,Text,1.0,2.0,69.5,27.23
User_181,35,181,4,0,75.8,0.321,Rural,Fog,Text,2.0,6.0,100.0,36.09
User_182,35,182,5,3,44.65,0.565,Rural,Fog,Emergency,4.0,6.0,100.0,33.81
User_183,35,183,4,0,52.1,0.654,Highway,Clear,Emergency,2.0,6.0,100.0,28.37
User_184,35,184,1,3,58.97,0.297,Rural,Fog,Text,4.0,2.0,69.5,30.22
User_185,35,185,7,3,30.49,0.591,Rural,Clear,Video,2.0,6.0,100.0,23.78
User_186,35,186,5,1,21.07,0.322,Highway,Fog,Sensor,5.0,3.0,100.0,27.46
User_187,35,187,1,3,28.55,0.482,Highway,Rain,Video,1.0,2.0,69.5,25.09
User_188,35,188,4,2,39.94,0.797,Rural,Fog,Sensor,1.0,5.0,25.67,42.15
User_189,35,189,3,3,24.82,0.072,Highway,Clear,Sensor,1.0,2.0,69.5,18.82
User_190,35,190,3,3,56.08,0.798,Rural,Fog,Text,1.0,2.0,69.5,42.65
User_191,35,191,4,0,34.65,0.335,Rural,Fog,Sensor,1.0,5.0,25.67,35.06
User_192,35,192,3,3,42.05,0.472,Rural,Clear,Emergency,5.0,4.0,100.0,22.34
User_193,35,193,3,1,140.0,0.674,Urban,Clear,Text,4.0,1.0,95.5,35.31
User_194,35,194,7,1,82.91,0.868,Highway,Clear,Video,3.0,5.0,25.67,22.51
User_195,35,195,7,3,93.83,0.436,Highway,Clear,Sensor,3.0,6.0,100.0,21.35
User_196,35,196,0,2,77.21,0.63,Rural,Clear,Text,3.0,2.0,69.5,20.77
User_197,35,197,2,2,46.81,0.463,Rural,Clear,Video,3.0,2.0,69.5,22.35
User_198,35,198,4,2,44.05,0.894,Urban,Rain,Video,2.0,6.0,100.0,35.73
User_199,35,199,4,2,76.37,0.385,Rural,Fog,Sensor,3.0,6.0,100.0,32.07
User_200,35,200,1,1,33.48,0.825,Rural,Clear,Emergency,2.0,1.0,95.5,27.38
User_201,35,201,4,0,47.9,0.309,Urban,Fog,Text,4.0,3.0,100.0,32.07
User_202,35,202,7,1,28.73,0.574,Rural,Fog,Video,1.0,5.0,25.67,28.47
User_203,35,203,0,0,50.3,0.455,Urban,Clear,Video,3.0,1.0,95.5,19.33
User_204,35,204,1,3,49.21,0.287,Highway,Clear,Text,1.0,2.0,69.5,17.78
User_205,35,205,6,0,17.43,0.942,Highway,Rain,Text,5.0,3.0,100.0,26.65
User_206,35,206,6,2,63.02,0.44,Urban,Fog,Sensor,2.0,6.0,100.0,29.49
User_7,36,7,2,0,79.49,0.528,Urban,Rain,Emergency,3.0,1.0,95.5,31.3
User_8,36,8,5,3,69.55,0.416,Rural,Clear,Emergency,3.0,6.0,100.0,22.33
User_9,36,9,6,2,50.68,0.364,Rural,Fog,Sensor,5.0,6.0,100.0,25.98
User_10,36,10,6,2,34.78,0.818,Highway,Rain,Sensor,3.0,6.0,100.0,25.31
User_11,36,11,7,3,27.75,0.342,Highway,Fog,Sensor,5.0,6.0,100.0,27.96
User_12,36,12,4,0,63.73,0.264,Highway,Clear,Emergency,5.0,3.0,100.0,17.87
User_13,36,13,6,0,87.76,0.333,Rural,Clear,Video,4.0,3.0,100.0,16.63
User_14,36,14,0,0,49.69,0.198,Highway,Rain,Sensor,5.0,1.0,95.5,16.46
User_15,36,15,4,0,75.0,0.652,Rural,Fog,Text,4.0,3.0,100.0,36.03
User_16,36,16,7,1,70.0,0.695,Urban,Rain,Text,5.0,5.0,25.67,28.52
User_17,36,17,7,3,31.04,0.159,Highway,Fog,Video,1.0,6.0,100.0,25.32
User_18,36,18,7,1,45.83,0.125,Highway,Rain,Text,1.0,5.0,25.67,15.25
User_19,36,19,0,0,61.96,0.876,Rural,Clear,Emergency,4.0,1.0,95.5,24.0
User_20,36,20,7,1,108.65,0.444,Highway,Rain,Video,4.0,5.0,25.67,21.92
User_21,36,21,1,1,30.68,0.813,Rural,Clear,Video,5.0,1.0,95.5,27.12
User_22,36,22,3,1,51.05,0.741,Urban,Rain,Text,5.0,4.0,100.0,38.65
User_23,36,23,2,0,123.01,0.855,Highway,Rain,Sensor,4.0,1.0,95.5,33.52
User_24,36,24,3,1,32.93,0.578,Rural,Clear,Sensor,3.0,1.0,95.5,28.66
User_25,36,25,0,2,25.85,0.754,Urban,Clear,Video,3.0,2.0,69.5,23.09
User_26,36,26,1,3,68.26,0.809,Urban,Clear,Sensor,3.0,2.0,69.5,30.18
User_27,36,27,5,3,108.56,0.615,Urban,Rain,Video,1.0,6.0,100.0,33.48
User_28,36,28,4,0,57.64,0.179,Highway,Rain,Emergency,1.0,6.0,100.0,26.41
User_29,36,29,3,3,25.02,0.251,Highway,Fog,Emergency,4.0,4.0,100.0,26.52
User_30,36,30,1,1,62.26,0.239,Highway,Clear,Emergency,3.0,1.0,95.5,17.45
User_31,36,31,4,0,22.76,0.703,Urban,Clear,Emergency,5.0,3.0,100.0,27.23
User_32,36,32,0,2,140.0,0.74,Rural,Rain,Emergency,5.0,2.0,69.5,29.3
User_33,36,33,1,1,126.43,0.208,Highway,Clear,Video,4.0,1.0,95.5,18.91
User_34,36,34,4,0,44.89,0.249,Highway,Fog,Emergency,3.0,3.0,100.0,27.08
User_35,36,35,5,1,59.59,0.659,Urban,Clear,Text,4.0,3.0,100.0,27.67
User_36,36,36,6,0,66.84,0.229,Urban,Fog,Video,4.0,3.0,100.0,26.44
User_37,36,37,3,3,28.87,0.607,Rural,Rain,Emergency,5.0,4.0,100.0,28.97
User_38,36,38,0,2,48.47,0.884,Urban,Rain,Emergency,5.0,2.0,69.5,30.71
User_39,36,39,3,1,46.09,0.139,Rural,Rain,Sensor,2.0,1.0,95.5,27.47
User_40,36,40,3,1,68.6,0.588,Rural,Clear,Sensor,5.0,4.0,100.0,29.88
User_41,36,41,2,2,57.05,0.503,Rural,Clear,Text,5.0,4.0,100.0,23.26
User_42,36,42,7,3,75.42,0.555,Urban,Rain,Video,3.0,6.0,100.0,31.59
User_43,36,43,4,0,74.4,0.481,Highway,Rain,Video,3.0,3.0,100.0,26.45
User_44,36,44,5,3,109.22,0.505,Highway,Fog,Emergency,4.0,6.0,100.0,32.85
User_45,36,45,3,3,33.74,0.308,Rural,Rain,Emergency,2.0,2.0,69.5,29.63
User_46,36,46,6,2,61.02,0.356,Rural,Rain,Video,5.0,6.0,100.0,21.17
User_47,36,47,1,1,15.19,0.223,Urban,Clear,Emergency,4.0,1.0,95.5,19.8
User_48,36,48,7,1,71.47,0.427,Highway,Rain,Sensor,1.0,5.0,25.67,20.55
User_49,36,49,0,0,79.85,0.629,Rural,Clear,Text,4.0,1.0,95.5,20.83
User_50,36,50,5,3,51.69,0.327,Highway,Clear,Sensor,5.0,6.0,100.0,18.46
User_51,36,51,4,2,60.88,0.825,Rural,Rain,Emergency,5.0,6.0,100.0,33.2
User_52,36,52,6,2,39.63,0.206,Rural,Fog,Text,1.0,6.0,100.0,23.28
User_53,36,53,0,2,69.79,0.196,Urban,Fog,Video,4.0,2.0,69.5,26.03
User_54,36,54,7,1,64.99,0.911,Urban,Clear,Text,2.0,5.0,25.67,26.61
User_55,36,55,7,1,51.32,0.763,Highway,Clear,Emergency,1.0,5.0,25.67,19.98
User_56,36,56,5,1,64.52,0.363,Urban,Clear,Emergency,3.0,3.0,100.0,23.38
User_57,36,57,7,1,31.74,0.384,Highway,Fog,Sensor,2.0,5.0,25.67,23.71
User_58,36,58,0,2,140.0,0.628,Urban,Fog,Video,3.0,2.0,69.5,34.62
User_59,36,59,1,1,33.99,0.425,Highway,Clear,Emergency,2.0,1.0,95.5,19.39
User_60,36,60,3,1,17.38,0.044,Highway,Clear,Sensor,4.0,4.0,100.0,18.18
User_61,36,61,4,2,40.82,0.495,Rural,Rain,Video,2.0,6.0,100.0,27.65
User_62,36,62,4,2,65.5,0.162,Highway,Clear,Sensor,4.0,6.0,100.0,16.39
User_63,36,63,1,3,105.98,0.682,Rural,Clear,Emergency,1.0,2.0,69.5,27.41
User_64,36,64,4,0,21.17,0.92,Highway,Clear,Video,5.0,3.0,100.0,26.44
User_65,36,65,3,3,50.01,0.685,Rural,Rain,Emergency,4.0,4.0,100.0,30.78
User_66,36,66,3,3,136.61,0.664,Rural,Rain,Sensor,3.0,2.0,69.5,38.06
User_67,36,67,3,3,52.99,0.357,Highway,Clear,Text,1.0,2.0,69.5,23.94
User_68,36,68,5,3,23.01,0.513,Highway,Fog,Text,3.0,6.0,100.0,30.39
User_69,36,69,5,3,66.11,0.477,Urban,Fog,Sensor,4.0,6.0,100.0,35.14
User_70,36,70,7,1,115.47,0.865,Urban,Rain,Text,5.0,5.0,25.67,32.44
User_71,36,71,7,3,62.24,0.383,Urban,Fog,Sensor,5.0,6.0,100.0,33.61
User_72,36,72,5,3,19.4,0.609,Highway,Clear,Sensor,2.0,6.0,100.0,21.72
User_73,36,73,6,2,62.24,0.717,Highway,Fog,Text,5.0,6.0,100.0,29.62
User_74,36,74,0,0,104.16,0.012,Rural,Fog,Emergency,4.0,1.0,95.5,22.3
User_75,36,75,7,1,49.72,0.868,Urban,Fog,Sensor,2.0,5.0,25.67,35.51
User_76,36,76,1,1,74.63,0.211,Highway,Clear,Emergency,3.0,1.0,95.5,17.4
User_77,36,77,3,1,29.0,0.526,Urban,Rain,Video,2.0,1.0,95.5,34.76
User_78,36,78,7,3,45.74,0.11,Urban,Fog,Emergency,3.0,6.0,100.0,29.02
User_79,36,79,6,0,36.94,0.299,Highway,Fog,Text,4.0,3.0,100.0,22.59
User_80,36,80,1,3,99.36,0.286,Urban,Rain,Text,5.0,4.0,100.0,23.27
User_81,36,81,3,1,48.24,0.126,Urban,Clear,Emergency,3.0,1.0,95.5,24.34
User_82,36,82,7,1,48.26,0.696,Highway,Fog,Sensor,4.0,5.0,25.67,28.89
User_83,36,83,7,1,54.61,0.318,Highway,Clear,Sensor,3.0,5.0,25.67,13.41
User_84,36,84,5,1,52.28,0.136,Rural,Fog,Text,3.0,6.0,100.0,27.61
User_85,36,85,6,0,28.7,0.548,Highway,Clear,Emergency,1.0,5.0,25.67,21.08
User_86,36,86,6,0,12.41,0.941,Highway,Clear,Emergency,1.0,5.0,25.67,26.49
User_87,36,87,0,2,45.0,0.715,Rural,Fog,Text,1.0,2.0,69.5,31.08
User_88,36,88,3,1,75.49,0.578,Highway,Fog,Text,1.0,1.0,95.5,37.93
User_89,36,89,6,2,40.52,0.545,Highway,Rain,Sensor,1.0,6.0,100.0,21.39
User_90,36,90,4,0,67.21,0.237,Rural,Rain,Emergency,4.0,3.0,100.0,24.57
User_91,36,91,5,1,56.28,0.415,Highway,Clear,Video,5.0,3.0,100.0,19.91
User_92,36,92,4,2,88.84,0.809,Highway,Rain,Emergency,1.0,6.0,100.0,31.8
User_93,36,93,1,3,93.03,0.21,Highway,Fog,Text,4.0,4.0,100.0,22.94
User_94,36,94,0,2,64.44,0.774,Highway,Fog,Sensor,5.0,2.0,69.5,30.54
User_95,36,95,5,3,27.92,0.12,Highway,Fog,Emergency,5.0,6.0,100.0,24.64
User_96,36,96,6,2,28.55,0.405,Urban,Rain,Text,5.0,6.0,100.0,22.93
User_97,36,97,7,1,56.03,0.415,Urban,Rain,Video,5.0,5.0,25.67,23.91
User_98,36,98,5,1,42.1,0.503,Rural,Clear,Video,3.0,6.0,100.0,22.81
User_99,36,99,0,0,31.34,0.633,Rural,Clear,Sensor,5.0,1.0,95.5,19.44
User_100,36,100,0,2,63.4,0.926,Highway,Clear,Video,3.0,2.0,69.5,22.79
User_101,36,101,4,0,54.2,0.85,Urban,Clear,Sensor,4.0,3.0,100.0,30.38
User_102,36,102,1,1,19.14,0.378,Highway,Clear,Video,3.0,1.0,95.5,18.24
User_103,36,103,3,1,69.93,0.6,Urban,Fog,Text,4.0,4.0,100.0,42.1
User_104,36,104,2,0,57.03,0.259,Highway,Fog,Video,4.0,1.0,95.5,27.6
User_105,36,105,4,0,31.72,0.762,Highway,Fog,Emergency,5.0,3.0,100.0,34.38
User_106,36,106,1,3,50.27,0.453,Urban,Clear,Sensor,2.0,2.0,69.5,24.3
User_107,36,107,3,3,73.73,0.338,Highway,Clear,Emergency,1.0,2.0,69.5,24.28
User_108,36,108,2,2,45.4,0.802,Urban,Fog,Video,5.0,4.0,100.0,39.39
User_109,36,109,0,0,54.94,0.875,Rural,Clear,Emergency,4.0,1.0,95.5,23.77
User_110,36,110,7,3,86.05,0.402,Highway,Rain,Sensor,5.0,6.0,100.0,25.61
User_111,36,111,5,1,43.99,0.862,Highway,Fog,Text,3.0,6.0,100.0,36.25
User_112,36,112,3,3,65.07,0.697,Urban,Rain,Text,5.0,4.0,100.0,33.41
User_113,36,113,6,2,51.91,0.609,Highway,Rain,Sensor,4.0,6.0,100.0,22.69
User_114,36,114,3,1,55.09,0.486,Urban,Fog,Text,3.0,1.0,95.5,39.94
User_115,36,115,1,3,19.84,0.332,Highway,Clear,Video,4.0,4.0,100.0,12.58
User_116,36,116,4,2,74.66,0.42,Highway,Clear,Emergency,4.0,6.0,100.0,20.54
User_117,36,117,6,2,41.84,0.246,Highway,Fog,Emergency,2.0,6.0,100.0,21.95
User_118,36,118,3,3,77.6,0.448,Urban,Clear,Sensor,5.0,4.0,100.0,25.05
User_119,36,119,5,3,49.34,0.623,Urban,Clear,Emergency,4.0,6.0,100.0,26.83
User_120,36,120,1,1,108.23,0.693,Urban,Rain,Sensor,2.0,1.0,95.5,34.64
User_121,36,121,4,0,49.54,0.651,Highway,Rain,Emergency,1.0,6.0,100.0,33.25
User_122,36,122,2,2,62.3,0.558,Rural,Rain,Emergency,2.0,2.0,69.5,29.24
User_123,36,123,6,2,47.43,0.468,Highway,Fog,Emergency,1.0,5.0,25.67,30.44
User_124,36,124,0,2,87.97,0.583,Rural,Fog,Video,4.0,2.0,69.5,30.38
User_125,36,125,3,1,35.19,0.692,Highway,Fog,Emergency,5.0,4.0,100.0,38.44
User_126,36,126,4,0,45.26,0.292,Highway,Fog,Text,5.0,3.0,100.0,27.74
User_127,36,127,2,0,123.18,0.644,Urban,Fog,Video,4.0,1.0,95.5,39.36
User_128,36,128,2,0,56.79,0.237,Rural,Rain,Sensor,3.0,1.0,95.5,24.26
User_129,36,129,4,2,77.3,0.265,Rural,Fog,Video,4.0,6.0,100.0,30.29
User_130,36,130,4,0,58.24,0.912,Urban,Rain,Emergency,1.0,5.0,25.67,41.43
User_131,36,131,7,3,31.28,0.86,Rural,Rain,Sensor,4.0,6.0,100.0,32.84
User_132,36,132,7,1,52.6,0.283,Urban,Clear,Text,2.0,5.0,25.67,16.82
User_133,36,133,7,1,75.25,0.17,Rural,Fog,Text,4.0,5.0,25.67,23.81
User_134,36,134,7,1,79.48,0.886,Rural,Fog,Emergency,5.0,5.0,25.67,34.67
User_135,36,135,5,1,67.97,0.515,Urban,Rain,Video,3.0,6.0,100.0,30.76
User_136,36,136,1,1,49.83,0.172,Highway,Rain,Emergency,3.0,1.0,95.5,21.07
User_137,36,137,6,0,101.02,0.543,Urban,Fog,Emergency,4.0,3.0,100.0,32.18
User_138,36,138,2,2,28.64,0.68,Highway,Rain,Emergency,5.0,4.0,100.0,28.06
User_139,36,139,6,0,100.44,0.591,Urban,Fog,Video,1.0,5.0,25.67,37.88
User_140,36,140,5,3,87.72,0.483,Highway,Fog,Text,4.0,6.0,100.0,31.88
User_141,36,141,2,0,42.28,0.609,Urban,Clear,Sensor,1.0,1.0,95.5,26.4
User_142,36,142,3,3,73.87,0.663,Urban,Fog,Emergency,1.0,2.0,69.5,43.16
User_143,36,143,2,2,66.12,0.953,Urban,Clear,Video,4.0,4.0,100.0,32.28
User_144,36,144,1,3,134.95,0.611,Rural,Clear,Emergency,5.0,4.0,100.0,22.21
User_145,36,145,6,0,38.11,0.811,Urban,Rain,Emergency,5.0,3.0,100.0,29.31
User_146,36,146,2,2,98.56,0.3,Urban,Clear,Text,4.0,2.0,69.5,23.46
User_147,36,147,6,2,49.37,0.311,Highway,Rain,Sensor,5.0,6.0,100.0,18.15
User_148,36,148,2,2,63.85,0.869,Urban,Rain,Video,3.0,2.0,69.5,35.95
User_149,36,149,6,0,127.56,0.655,Highway,Rain,Sensor,5.0,3.0,100.0,25.65
User_150,36,150,0,0,140.0,0.367,Rural,Clear,Video,2.0,1.0,95.5,18.7
User_151,36,151,1,3,78.45,0.682,Rural,Rain,Emergency,1.0,2.0,69.5,31.58
User_152,36,152,7,1,83.66,0.353,Rural,Clear,Emergency,1.0,5.0,25.67,16.8
User_153,36,153,0,2,67.47,0.396,Rural,Fog,Emergency,5.0,2.0,69.5,26.96
User_154,36,154,7,3,46.38,0.066,Urban,Rain,Sensor,4.0,6.0,100.0,23.38
User_155,36,155,6,2,109.28,0.302,Urban,Rain,Sensor,5.0,6.0,100.0,23.81
User_156,36,156,5,3,46.21,0.289,Highway,Clear,Emergency,1.0,5.0,25.67,22.72
User_157,36,157,4,2,43.83,0.078,Urban,Clear,Text,2.0,6.0,100.0,18.48
User_158,36,158,7,1,48.99,0.538,Urban,Clear,Text,5.0,5.0,25.67,20.54
User_159,36,159,1,3,79.31,0.695,Highway,Rain,Video,4.0,2.0,69.5,29.8
User_160,36,160,5,1,93.88,0.336,Urban,Rain,Sensor,1.0,6.0,100.0,28.86
User_161,36,161,2,2,46.66,0.455,Rural,Rain,Emergency,3.0,2.0,69.5,27.22
User_162,36,162,4,2,123.87,0.804,Urban,Rain,Video,4.0,6.0,100.0,36.78
User_163,36,163,3,1,24.45,0.07,Highway,Fog,Text,4.0,1.0,95.5,28.78
User_164,36,164,5,3,22.87,0.665,Highway,Fog,Text,3.0,6.0,100.0,32.66
User_165,36,165,4,0,84.27,0.682,Rural,Rain,Text,1.0,5.0,25.67,36.76
User_166,36,166,6,2,64.8,0.727,Urban,Rain,Video,3.0,6.0,100.0,28.85
User_167,36,167,4,0,70.6,0.466,Highway,Rain,Video,3.0,6.0,100.0,31.11
User_168,36,168,1,1,61.26,0.736,Highway,Rain,Emergency,5.0,1.0,95.5,29.88
User_169,36,169,1,3,13.65,0.432,Rural,Clear,Video,1.0,2.0,69.5,20.89
User_170,36,170,6,0,32.37,0.404,Rural,Fog,Video,1.0,5.0,25.67,31.03
User_171,36,171,4,2,35.0,0.714,Rural,Rain,Emergency,2.0,6.0,100.0,30.76
User_172,36,172,3,3,80.27,0.445,Highway,Fog,Video,4.0,2.0,69.5,36.08
User_173,36,173,5,1,27.89,0.622,Urban,Fog,Video,2.0,6.0,100.0,36.17
User_174,36,174,5,1,55.85,0.034,Highway,Fog,Text,5.0,3.0,100.0,24.19
User_175,36,175,1,3,20.34,0.737,Rural,Fog,Video,2.0,2.0,69.5,35.67
User_176,36,176,4,2,69.05,0.759,Rural,Fog,Text,1.0,5.0,25.67,42.46
User_177,36,177,5,1,46.51,0.633,Urban,Clear,Sensor,2.0,3.0,100.0,26.89
User_178,36,178,1,1,37.73,0.456,Highway,Rain,Video,2.0,1.0,95.5,24.97
User_179,36,179,4,0,94.34,0.573,Highway,Rain,Video,5.0,3.0,100.0,28.43
User_180,36,180,1,3,92.4,0.697,Rural,Clear,Text,1.0,2.0,69.5,27.23
User_181,36,181,4,0,75.8,0.321,Rural,Fog,Text,2.0,6.0,100.0,36.09
User_182,36,182,5,3,44.65,0.565,Rural,Fog,Emergency,4.0,6.0,100.0,33.81
User_183,36,183,4,0,52.1,0.654,Highway,Clear,Emergency,2.0,6.0,100.0,28.37
User_184,36,184,1,3,58.97,0.297,Rural,Fog,Text,4.0,2.0,69.5,30.22
User_185,36,185,7,3,30.49,0.591,Rural,Clear,Video,2.0,6.0,100.0,23.78
User_186,36,186,5,1,21.07,0.322,Highway,Fog,Sensor,5.0,3.0,100.0,27.46
User_187,36,187,1,3,28.55,0.482,Highway,Rain,Video,1.0,2.0,69.5,25.09
User_188,36,188,4,2,39.94,0.797,Rural,Fog,Sensor,1.0,5.0,25.67,42.15
User_189,36,189,3,3,24.82,0.072,Highway,Clear,Sensor,1.0,2.0,69.5,18.82
User_190,36,190,3,3,56.08,0.798,Rural,Fog,Text,1.0,2.0,69.5,42.65
User_191,36,191,4,0,34.65,0.335,Rural,Fog,Sensor,1.0,5.0,25.67,35.06
User_192,36,192,3,3,42.05,0.472,Rural,Clear,Emergency,5.0,4.0,100.0,22.34
User_193,36,193,3,1,140.0,0.674,Urban,Clear,Text,4.0,1.0,95.5,35.31
User_194,36,194,7,1,82.91,0.868,Highway,Clear,Video,3.0,5.0,25.67,22.51
User_195,36,195,7,3,93.83,0.436,Highway,Clear,Sensor,3.0,6.0,100.0,21.35
User_196,36,196,0,2,77.21,0.63,Rural,Clear,Text,3.0,2.0,69.5,20.77
User_197,36,197,2,2,46.81,0.463,Rural,Clear,Video,3.0,2.0,69.5,22.35
User_198,36,198,4,2,44.05,0.894,Urban,Rain,Video,2.0,6.0,100.0,35.73
User_199,36,199,4,2,76.37,0.385,Rural,Fog,Sensor,3.0,6.0,100.0,32.07
User_200,36,200,1,1,33.48,0.825,Rural,Clear,Emergency,2.0,1.0,95.5,27.38
User_201,36,201,4,0,47.9,0.309,Urban,Fog,Text,4.0,3.0,100.0,32.07
User_202,36,202,7,1,28.73,0.574,Rural,Fog,Video,1.0,5.0,25.67,28.47
User_203,36,203,0,0,50.3,0.455,Urban,Clear,Video,3.0,1.0,95.5,19.33
User_204,36,204,1,3,49.21,0.287,Highway,Clear,Text,1.0,2.0,69.5,17.78
User_205,36,205,6,0,17.43,0.942,Highway,Rain,Text,5.0,3.0,100.0,26.65
User_206,36,206,6,2,63.02,0.44,Urban,Fog,Sensor,2.0,6.0,100.0,29.49
User_7,37,7,2,0,79.49,0.528,Urban,Rain,Emergency,3.0,1.0,95.5,31.3
User_8,37,8,5,3,69.55,0.416,Rural,Clear,Emergency,3.0,6.0,100.0,22.33
User_9,37,9,6,2,50.68,0.364,Rural,Fog,Sensor,5.0,6.0,100.0,25.98
User_10,37,10,6,2,34.78,0.818,Highway,Rain,Sensor,3.0,6.0,100.0,25.31
User_11,37,11,7,3,27.75,0.342,Highway,Fog,Sensor,5.0,6.0,100.0,27.96
User_12,37,12,4,0,63.73,0.264,Highway,Clear,Emergency,5.0,3.0,100.0,17.87
User_13,37,13,6,0,87.76,0.333,Rural,Clear,Video,4.0,3.0,100.0,16.63
User_14,37,14,0,0,49.69,0.198,Highway,Rain,Sensor,5.0,1.0,95.5,16.46
User_15,37,15,4,0,75.0,0.652,Rural,Fog,Text,4.0,3.0,100.0,36.03
User_16,37,16,7,1,70.0,0.695,Urban,Rain,Text,5.0,5.0,25.67,28.52
User_17,37,17,7,3,31.04,0.159,Highway,Fog,Video,1.0,6.0,100.0,25.32
User_18,37,18,7,1,45.83,0.125,Highway,Rain,Text,1.0,5.0,25.67,15.25
User_19,37,19,0,0,61.96,0.876,Rural,Clear,Emergency,4.0,1.0,95.5,24.0
User_20,37,20,7,1,108.65,0.444,Highway,Rain,Video,4.0,5.0,25.67,21.92
User_21,37,21,1,1,30.68,0.813,Rural,Clear,Video,5.0,1.0,95.5,27.12
User_22,37,22,3,1,51.05,0.741,Urban,Rain,Text,5.0,4.0,100.0,38.65
User_23,37,23,2,0,123.01,0.855,Highway,Rain,Sensor,4.0,1.0,95.5,33.52
User_24,37,24,3,1,32.93,0.578,Rural,Clear,Sensor,3.0,1.0,95.5,28.66
User_25,37,25,0,2,25.85,0.754,Urban,Clear,Video,3.0,2.0,69.5,23.09
User_26,37,26,1,3,68.26,0.809,Urban,Clear,Sensor,3.0,2.0,69.5,30.18
User_27,37,27,5,3,108.56,0.615,Urban,Rain,Video,1.0,6.0,100.0,33.48
User_28,37,28,4,0,57.64,0.179,Highway,Rain,Emergency,1.0,6.0,100.0,26.41
User_29,37,29,3,3,25.02,0.251,Highway,Fog,Emergency,4.0,4.0,100.0,26.52
User_30,37,30,1,1,62.26,0.239,Highway,Clear,Emergency,3.0,1.0,95.5,17.45
User_31,37,31,4,0,22.76,0.703,Urban,Clear,Emergency,5.0,3.0,100.0,27.23
User_32,37,32,0,2,140.0,0.74,Rural,Rain,Emergency,5.0,2.0,69.5,29.3
User_33,37,33,1,1,126.43,0.208,Highway,Clear,Video,4.0,1.0,95.5,18.91
User_34,37,34,4,0,44.89,0.249,Highway,Fog,Emergency,3.0,3.0,100.0,27.08
User_35,37,35,5,1,59.59,0.659,Urban,Clear,Text,4.0,3.0,100.0,27.67
User_36,37,36,6,0,66.84,0.229,Urban,Fog,Video,4.0,3.0,100.0,26.44
User_37,37,37,3,3,28.87,0.607,Rural,Rain,Emergency,5.0,4.0,100.0,28.97
User_38,37,38,0,2,48.47,0.884,Urban,Rain,Emergency,5.0,2.0,69.5,30.71
User_39,37,39,3,1,46.09,0.139,Rural,Rain,Sensor,2.0,1.0,95.5,27.47
User_40,37,40,3,1,68.6,0.588,Rural,Clear,Sensor,5.0,4.0,100.0,29.88
User_41,37,41,2,2,57.05,0.503,Rural,Clear,Text,5.0,4.0,100.0,23.26
User_42,37,42,7,3,75.42,0.555,Urban,Rain,Video,3.0,6.0,100.0,31.59
User_43,37,43,4,0,74.4,0.481,Highway,Rain,Video,3.0,3.0,100.0,26.45
User_44,37,44,5,3,109.22,0.505,Highway,Fog,Emergency,4.0,6.0,100.0,32.85
User_45,37,45,3,3,33.74,0.308,Rural,Rain,Emergency,2.0,2.0,69.5,29.63
User_46,37,46,6,2,61.02,0.356,Rural,Rain,Video,5.0,6.0,100.0,21.17
User_47,37,47,1,1,15.19,0.223,Urban,Clear,Emergency,4.0,1.0,95.5,19.8
User_48,37,48,7,1,71.47,0.427,Highway,Rain,Sensor,1.0,5.0,25.67,20.55
User_49,37,49,0,0,79.85,0.629,Rural,Clear,Text,4.0,1.0,95.5,20.83
User_50,37,50,5,3,51.69,0.327,Highway,Clear,Sensor,5.0,6.0,100.0,18.46
User_51,37,51,4,2,60.88,0.825,Rural,Rain,Emergency,5.0,6.0,100.0,33.2
User_52,37,52,6,2,39.63,0.206,Rural,Fog,Text,1.0,6.0,100.0,23.28
User_53,37,53,0,2,69.79,0.196,Urban,Fog,Video,4.0,2.0,69.5,26.03
User_54,37,54,7,1,64.99,0.911,Urban,Clear,Text,2.0,5.0,25.67,26.61
User_55,37,55,7,1,51.32,0.763,Highway,Clear,Emergency,1.0,5.0,25.67,19.98
User_56,37,56,5,1,64.52,0.363,Urban,Clear,Emergency,3.0,3.0,100.0,23.38
User_57,37,57,7,1,31.74,0.384,Highway,Fog,Sensor,2.0,5.0,25.67,23.71
User_58,37,58,0,2,140.0,0.628,Urban,Fog,Video,3.0,2.0,69.5,34.62
User_59,37,59,1,1,33.99,0.425,Highway,Clear,Emergency,2.0,1.0,95.5,19.39
User_60,37,60,3,1,17.38,0.044,Highway,Clear,Sensor,4.0,4.0,100.0,18.18
User_61,37,61,4,2,40.82,0.495,Rural,Rain,Video,2.0,6.0,100.0,27.65
User_62,37,62,4,2,65.5,0.162,Highway,Clear,Sensor,4.0,6.0,100.0,16.39
User_63,37,63,1,3,105.98,0.682,Rural,Clear,Emergency,1.0,2.0,69.5,27.41
User_64,37,64,4,0,21.17,0.92,Highway,Clear,Video,5.0,3.0,100.0,26.44
User_65,37,65,3,3,50.01,0.685,Rural,Rain,Emergency,4.0,4.0,100.0,30.78
User_66,37,66,3,3,136.61,0.664,Rural,Rain,Sensor,3.0,2.0,69.5,38.06
User_67,37,67,3,3,52.99,0.357,Highway,Clear,Text,1.0,2.0,69.5,23.94
User_68,37,68,5,3,23.01,0.513,Highway,Fog,Text,3.0,6.0,100.0,30.39
User_69,37,69,5,3,66.11,0.477,Urban,Fog,Sensor,4.0,6.0,100.0,35.14
User_70,37,70,7,1,115.47,0.865,Urban,Rain,Text,5.0,5.0,25.67,32.44
User_71,37,71,7,3,62.24,0.383,Urban,Fog,Sensor,5.0,6.0,100.0,33.61
User_72,37,72,5,3,19.4,0.609,Highway,Clear,Sensor,2.0,6.0,100.0,21.72
User_73,37,73,6,2,62.24,0.717,Highway,Fog,Text,5.0,6.0,100.0,29.62
User_74,37,74,0,0,104.16,0.012,Rural,Fog,Emergency,4.0,1.0,95.5,22.3
User_75,37,75,7,1,49.72,0.868,Urban,Fog,Sensor,2.0,5.0,25.67,35.51
User_76,37,76,1,1,74.63,0.211,Highway,Clear,Emergency,3.0,1.0,95.5,17.4
User_77,37,77,3,1,29.0,0.526,Urban,Rain,Video,2.0,1.0,95.5,34.76
User_78,37,78,7,3,45.74,0.11,Urban,Fog,Emergency,3.0,6.0,100.0,29.02
User_79,37,79,6,0,36.94,0.299,Highway,Fog,Text,4.0,3.0,100.0,22.59
User_80,37,80,1,3,99.36,0.286,Urban,Rain,Text,5.0,4.0,100.0,23.27
User_81,37,81,3,1,48.24,0.126,Urban,Clear,Emergency,3.0,1.0,95.5,24.34
User_82,37,82,7,1,48.26,0.696,Highway,Fog,Sensor,4.0,5.0,25.67,28.89
User_83,37,83,7,1,54.61,0.318,Highway,Clear,Sensor,3.0,5.0,25.67,13.41
User_84,37,84,5,1,52.28,0.136,Rural,Fog,Text,3.0,6.0,100.0,27.61
User_85,37,85,6,0,28.7,0.548,Highway,Clear,Emergency,1.0,5.0,25.67,21.08
User_86,37,86,6,0,12.41,0.941,Highway,Clear,Emergency,1.0,5.0,25.67,26.49
User_87,37,87,0,2,45.0,0.715,Rural,Fog,Text,1.0,2.0,69.5,31.08
User_88,37,88,3,1,75.49,0.578,Highway,Fog,Text,1.0,1.0,95.5,37.93
User_89,37,89,6,2,40.52,0.545,Highway,Rain,Sensor,1.0,6.0,100.0,21.39
User_90,37,90,4,0,67.21,0.237,Rural,Rain,Emergency,4.0,3.0,100.0,24.57
User_91,37,91,5,1,56.28,0.415,Highway,Clear,Video,5.0,3.0,100.0,19.91
User_92,37,92,4,2,88.84,0.809,Highway,Rain,Emergency,1.0,6.0,100.0,31.8
User_93,37,93,1,3,93.03,0.21,Highway,Fog,Text,4.0,4.0,100.0,22.94
User_94,37,94,0,2,64.44,0.774,Highway,Fog,Sensor,5.0,2.0,69.5,30.54
User_95,37,95,5,3,27.92,0.12,Highway,Fog,Emergency,5.0,6.0,100.0,24.64
User_96,37,96,6,2,28.55,0.405,Urban,Rain,Text,5.0,6.0,100.0,22.93
User_97,37,97,7,1,56.03,0.415,Urban,Rain,Video,5.0,5.0,25.67,23.91
User_98,37,98,5,1,42.1,0.503,Rural,Clear,Video,3.0,6.0,100.0,22.81
User_99,37,99,0,0,31.34,0.633,Rural,Clear,Sensor,5.0,1.0,95.5,19.44
User_100,37,100,0,2,63.4,0.926,Highway,Clear,Video,3.0,2.0,69.5,22.79
User_101,37,101,4,0,54.2,0.85,Urban,Clear,Sensor,4.0,3.0,100.0,30.38
User_102,37,102,1,1,19.14,0.378,Highway,Clear,Video,3.0,1.0,95.5,18.24
User_103,37,103,3,1,69.93,0.6,Urban,Fog,Text,4.0,4.0,100.0,42.1
User_104,37,104,2,0,57.03,0.259,Highway,Fog,Video,4.0,1.0,95.5,27.6
User_105,37,105,4,0,31.72,0.762,Highway,Fog,Emergency,5.0,3.0,100.0,34.38
User_106,37,106,1,3,50.27,0.453,Urban,Clear,Sensor,2.0,2.0,69.5,24.3
User_107,37,107,3,3,73.73,0.338,Highway,Clear,Emergency,1.0,2.0,69.5,24.28
User_108,37,108,2,2,45.4,0.802,Urban,Fog,Video,5.0,4.0,100.0,39.39
User_109,37,109,0,0,54.94,0.875,Rural,Clear,Emergency,4.0,1.0,95.5,23.77
User_110,37,110,7,3,86.05,0.402,Highway,Rain,Sensor,5.0,6.0,100.0,25.61
User_111,37,111,5,1,43.99,0.862,Highway,Fog,Text,3.0,6.0,100.0,36.25
User_112,37,112,3,3,65.07,0.697,Urban,Rain,Text,5.0,4.0,100.0,33.41
User_113,37,113,6,2,51.91,0.609,Highway,Rain,Sensor,4.0,6.0,100.0,22.69
User_114,37,114,3,1,55.09,0.486,Urban,Fog,Text,3.0,1.0,95.5,39.94
User_115,37,115,1,3,19.84,0.332,Highway,Clear,Video,4.0,4.0,100.0,12.58
User_116,37,116,4,2,74.66,0.42,Highway,Clear,Emergency,4.0,6.0,100.0,20.54
User_117,37,117,6,2,41.84,0.246,Highway,Fog,Emergency,2.0,6.0,100.0,21.95
User_118,37,118,3,3,77.6,0.448,Urban,Clear,Sensor,5.0,4.0,100.0,25.05
User_119,37,119,5,3,49.34,0.623,Urban,Clear,Emergency,4.0,6.0,100.0,26.83
User_120,37,120,1,1,108.23,0.693,Urban,Rain,Sensor,2.0,1.0,95.5,34.64
User_121,37,121,4,0,49.54,0.651,Highway,Rain,Emergency,1.0,6.0,100.0,33.25
User_122,37,122,2,2,62.3,0.558,Rural,Rain,Emergency,2.0,2.0,69.5,29.24
User_123,37,123,6,2,47.43,0.468,Highway,Fog,Emergency,1.0,5.0,25.67,30.44
User_124,37,124,0,2,87.97,0.583,Rural,Fog,Video,4.0,2.0,69.5,30.38
User_125,37,125,3,1,35.19,0.692,Highway,Fog,Emergency,5.0,4.0,100.0,38.44
User_126,37,126,4,0,45.26,0.292,Highway,Fog,Text,5.0,3.0,100.0,27.74
User_127,37,127,2,0,123.18,0.644,Urban,Fog,Video,4.0,1.0,95.5,39.36
User_128,37,128,2,0,56.79,0.237,Rural,Rain,Sensor,3.0,1.0,95.5,24.26
User_129,37,129,4,2,77.3,0.265,Rural,Fog,Video,4.0,6.0,100.0,30.29
User_130,37,130,4,0,58.24,0.912,Urban,Rain,Emergency,1.0,5.0,25.67,41.43
User_131,37,131,7,3,31.28,0.86,Rural,Rain,Sensor,4.0,6.0,100.0,32.84
User_132,37,132,7,1,52.6,0.283,Urban,Clear,Text,2.0,5.0,25.67,16.82
User_133,37,133,7,1,75.25,0.17,Rural,Fog,Text,4.0,5.0,25.67,23.81
User_134,37,134,7,1,79.48,0.886,Rural,Fog,Emergency,5.0,5.0,25.67,34.67
User_135,37,135,5,1,67.97,0.515,Urban,Rain,Video,3.0,6.0,100.0,30.76
User_136,37,136,1,1,49.83,0.172,Highway,Rain,Emergency,3.0,1.0,95.5,21.07
User_137,37,137,6,0,101.02,0.543,Urban,Fog,Emergency,4.0,3.0,100.0,32.18
User_138,37,138,2,2,28.64,0.68,Highway,Rain,Emergency,5.0,4.0,100.0,28.06
User_139,37,139,6,0,100.44,0.591,Urban,Fog,Video,1.0,5.0,25.67,37.88
User_140,37,140,5,3,87.72,0.483,Highway,Fog,Text,4.0,6.0,100.0,31.88
User_141,37,141,2,0,42.28,0.609,Urban,Clear,Sensor,1.0,1.0,95.5,26.4
User_142,37,142,3,3,73.87,0.663,Urban,Fog,Emergency,1.0,2.0,69.5,43.16
User_143,37,143,2,2,66.12,0.953,Urban,Clear,Video,4.0,4.0,100.0,32.28
User_144,37,144,1,3,134.95,0.611,Rural,Clear,Emergency,5.0,4.0,100.0,22.21
User_145,37,145,6,0,38.11,0.811,Urban,Rain,Emergency,5.0,3.0,100.0,29.31
User_146,37,146,2,2,98.56,0.3,Urban,Clear,Text,4.0,2.0,69.5,23.46
User_147,37,147,6,2,49.37,0.311,Highway,Rain,Sensor,5.0,6.0,100.0,18.15
User_148,37,148,2,2,63.85,0.869,Urban,Rain,Video,3.0,2.0,69.5,35.95
User_149,37,149,6,0,127.56,0.655,Highway,Rain,Sensor,5.0,3.0,100.0,25.65
User_150,37,150,0,0,140.0,0.367,Rural,Clear,Video,2.0,1.0,95.5,18.7
User_151,37,151,1,3,78.45,0.682,Rural,Rain,Emergency,1.0,2.0,69.5,31.58
User_152,37,152,7,1,83.66,0.353,Rural,Clear,Emergency,1.0,5.0,25.67,16.8
User_153,37,153,0,2,67.47,0.396,Rural,Fog,Emergency,5.0,2.0,69.5,26.96
User_154,37,154,7,3,46.38,0.066,Urban,Rain,Sensor,4.0,6.0,100.0,23.38
User_155,37,155,6,2,109.28,0.302,Urban,Rain,Sensor,5.0,6.0,100.0,23.81
User_156,37,156,5,3,46.21,0.289,Highway,Clear,Emergency,1.0,5.0,25.67,22.72
User_157,37,157,4,2,43.83,0.078,Urban,Clear,Text,2.0,6.0,100.0,18.48
User_158,37,158,7,1,48.99,0.538,Urban,Clear,Text,5.0,5.0,25.67,20.54
User_159,37,159,1,3,79.31,0.695,Highway,Rain,Video,4.0,2.0,69.5,29.8
User_160,37,160,5,1,93.88,0.336,Urban,Rain,Sensor,1.0,6.0,100.0,28.86
User_161,37,161,2,2,46.66,0.455,Rural,Rain,Emergency,3.0,2.0,69.5,27.22
User_162,37,162,4,2,123.87,0.804,Urban,Rain,Video,4.0,6.0,100.0,36.78
User_163,37,163,3,1,24.45,0.07,Highway,Fog,Text,4.0,1.0,95.5,28.78
User_164,37,164,5,3,22.87,0.665,Highway,Fog,Text,3.0,6.0,100.0,32.66
User_165,37,165,4,0,84.27,0.682,Rural,Rain,Text,1.0,5.0,25.67,36.76
User_166,37,166,6,2,64.8,0.727,Urban,Rain,Video,3.0,6.0,100.0,28.85
User_167,37,167,4,0,70.6,0.466,Highway,Rain,Video,3.0,6.0,100.0,31.11
User_168,37,168,1,1,61.26,0.736,Highway,Rain,Emergency,5.0,1.0,95.5,29.88
User_169,37,169,1,3,13.65,0.432,Rural,Clear,Video,1.0,2.0,69.5,20.89
User_170,37,170,6,0,32.37,0.404,Rural,Fog,Video,1.0,5.0,25.67,31.03
User_171,37,171,4,2,35.0,0.714,Rural,Rain,Emergency,2.0,6.0,100.0,30.76
User_172,37,172,3,3,80.27,0.445,Highway,Fog,Video,4.0,2.0,69.5,36.08
User_173,37,173,5,1,27.89,0.622,Urban,Fog,Video,2.0,6.0,100.0,36.17
User_174,37,174,5,1,55.85,0.034,Highway,Fog,Text,5.0,3.0,100.0,24.19
User_175,37,175,1,3,20.34,0.737,Rural,Fog,Video,2.0,2.0,69.5,35.67
User_176,37,176,4,2,69.05,0.759,Rural,Fog,Text,1.0,5.0,25.67,42.46
User_177,37,177,5,1,46.51,0.633,Urban,Clear,Sensor,2.0,3.0,100.0,26.89
User_178,37,178,1,1,37.73,0.456,Highway,Rain,Video,2.0,1.0,95.5,24.97
User_179,37,179,4,0,94.34,0.573,Highway,Rain,Video,5.0,3.0,100.0,28.43
User_180,37,180,1,3,92.4,0.697,Rural,Clear,Text,1.0,2.0,69.5,27.23
User_181,37,181,4,0,75.8,0.321,Rural,Fog,Text,2.0,6.0,100.0,36.09
User_182,37,182,5,3,44.65,0.565,Rural,Fog,Emergency,4.0,6.0,100.0,33.81
User_183,37,183,4,0,52.1,0.654,Highway,Clear,Emergency,2.0,6.0,100.0,28.37
User_184,37,184,1,3,58.97,0.297,Rural,Fog,Text,4.0,2.0,69.5,30.22
User_185,37,185,7,3,30.49,0.591,Rural,Clear,Video,2.0,6.0,100.0,23.78
User_186,37,186,5,1,21.07,0.322,Highway,Fog,Sensor,5.0,3.0,100.0,27.46
User_187,37,187,1,3,28.55,0.482,Highway,Rain,Video,1.0,2.0,69.5,25.09
User_188,37,188,4,2,39.94,0.797,Rural,Fog,Sensor,1.0,5.0,25.67,42.15
User_189,37,189,3,3,24.82,0.072,Highway,Clear,Sensor,1.0,2.0,69.5,18.82
User_190,37,190,3,3,56.08,0.798,Rural,Fog,Text,1.0,2.0,69.5,42.65
User_191,37,191,4,0,34.65,0.335,Rural,Fog,Sensor,1.0,5.0,25.67,35.06
User_192,37,192,3,3,42.05,0.472,Rural,Clear,Emergency,5.0,4.0,100.0,22.34
User_193,37,193,3,1,140.0,0.674,Urban,Clear,Text,4.0,1.0,95.5,35.31
User_194,37,194,7,1,82.91,0.868,Highway,Clear,Video,3.0,5.0,25.67,22.51
User_195,37,195,7,3,93.83,0.436,Highway,Clear,Sensor,3.0,6.0,100.0,21.35
User_196,37,196,0,2,77.21,0.63,Rural,Clear,Text,3.0,2.0,69.5,20.77
User_197,37,197,2,2,46.81,0.463,Rural,Clear,Video,3.0,2.0,69.5,22.35
User_198,37,198,4,2,44.05,0.894,Urban,Rain,Video,2.0,6.0,100.0,35.73
User_199,37,199,4,2,76.37,0.385,Rural,Fog,Sensor,3.0,6.0,100.0,32.07
User_200,37,200,1,1,33.48,0.825,Rural,Clear,Emergency,2.0,1.0,95.5,27.38
User_201,37,201,4,0,47.9,0.309,Urban,Fog,Text,4.0,3.0,100.0,32.07
User_202,37,202,7,1,28.73,0.574,Rural,Fog,Video,1.0,5.0,25.67,28.47
User_203,37,203,0,0,50.3,0.455,Urban,Clear,Video,3.0,1.0,95.5,19.33
User_204,37,204,1,3,49.21,0.287,Highway,Clear,Text,1.0,2.0,69.5,17.78
User_205,37,205,6,0,17.43,0.942,Highway,Rain,Text,5.0,3.0,100.0,26.65
User_206,37,206,6,2,63.02,0.44,Urban,Fog,Sensor,2.0,6.0,100.0,29.49
User_7,38,7,2,0,79.49,0.528,Urban,Rain,Emergency,3.0,1.0,95.5,31.3
User_8,38,8,5,3,69.55,0.416,Rural,Clear,Emergency,3.0,6.0,100.0,22.33
User_9,38,9,6,2,50.68,0.364,Rural,Fog,Sensor,5.0,6.0,100.0,25.98
User_10,38,10,6,2,34.78,0.818,Highway,Rain,Sensor,3.0,6.0,100.0,25.31
User_11,38,11,7,3,27.75,0.342,Highway,Fog,Sensor,5.0,6.0,100.0,27.96
User_12,38,12,4,0,63.73,0.264,Highway,Clear,Emergency,5.0,3.0,100.0,17.87
User_13,38,13,6,0,87.76,0.333,Rural,Clear,Video,4.0,3.0,100.0,16.63
User_14,38,14,0,0,49.69,0.198,Highway,Rain,Sensor,5.0,1.0,95.5,16.46
User_15,38,15,4,0,75.0,0.652,Rural,Fog,Text,4.0,3.0,100.0,36.03
User_16,38,16,7,1,70.0,0.695,Urban,Rain,Text,5.0,5.0,25.67,28.52
User_17,38,17,7,3,31.04,0.159,Highway,Fog,Video,1.0,6.0,100.0,25.32
User_18,38,18,7,1,45.83,0.125,Highway,Rain,Text,1.0,5.0,25.67,15.25
User_19,38,19,0,0,61.96,0.876,Rural,Clear,Emergency,4.0,1.0,95.5,24.0
User_20,38,20,7,1,108.65,0.444,Highway,Rain,Video,4.0,5.0,25.67,21.92
User_21,38,21,1,1,30.68,0.813,Rural,Clear,Video,5.0,1.0,95.5,27.12
User_22,38,22,3,1,51.05,0.741,Urban,Rain,Text,5.0,4.0,100.0,38.65
User_23,38,23,2,0,123.01,0.855,Highway,Rain,Sensor,4.0,1.0,95.5,33.52
User_24,38,24,3,1,32.93,0.578,Rural,Clear,Sensor,3.0,1.0,95.5,28.66
User_25,38,25,0,2,25.85,0.754,Urban,Clear,Video,3.0,2.0,69.5,23.09
User_26,38,26,1,3,68.26,0.809,Urban,Clear,Sensor,3.0,2.0,69.5,30.18
User_27,38,27,5,3,108.56,0.615,Urban,Rain,Video,1.0,6.0,100.0,33.48
User_28,38,28,4,0,57.64,0.179,Highway,Rain,Emergency,1.0,6.0,100.0,26.41
User_29,38,29,3,3,25.02,0.251,Highway,Fog,Emergency,4.0,4.0,100.0,26.52
User_30,38,30,1,1,62.26,0.239,Highway,Clear,Emergency,3.0,1.0,95.5,17.45
User_31,38,31,4,0,22.76,0.703,Urban,Clear,Emergency,5.0,3.0,100.0,27.23
User_32,38,32,0,2,140.0,0.74,Rural,Rain,Emergency,5.0,2.0,69.5,29.3
User_33,38,33,1,1,126.43,0.208,Highway,Clear,Video,4.0,1.0,95.5,18.91
User_34,38,34,4,0,44.89,0.249,Highway,Fog,Emergency,3.0,3.0,100.0,27.08
User_35,38,35,5,1,59.59,0.659,Urban,Clear,Text,4.0,3.0,100.0,27.67
User_36,38,36,6,0,66.84,0.229,Urban,Fog,Video,4.0,3.0,100.0,26.44
User_37,38,37,3,3,28.87,0.607,Rural,Rain,Emergency,5.0,4.0,100.0,28.97
User_38,38,38,0,2,48.47,0.884,Urban,Rain,Emergency,5.0,2.0,69.5,30.71
User_39,38,39,3,1,46.09,0.139,Rural,Rain,Sensor,2.0,1.0,95.5,27.47
User_40,38,40,3,1,68.6,0.588,Rural,Clear,Sensor,5.0,4.0,100.0,29.88
User_41,38,41,2,2,57.05,0.503,Rural,Clear,Text,5.0,4.0,100.0,23.26
User_42,38,42,7,3,75.42,0.555,Urban,Rain,Video,3.0,6.0,100.0,31.59
User_43,38,43,4,0,74.4,0.481,Highway,Rain,Video,3.0,3.0,100.0,26.45
User_44,38,44,5,3,109.22,0.505,Highway,Fog,Emergency,4.0,6.0,100.0,32.85
User_45,38,45,3,3,33.74,0.308,Rural,Rain,Emergency,2.0,2.0,69.5,29.63
User_46,38,46,6,2,61.02,0.356,Rural,Rain,Video,5.0,6.0,100.0,21.17
User_47,38,47,1,1,15.19,0.223,Urban,Clear,Emergency,4.0,1.0,95.5,19.8
User_48,38,48,7,1,71.47,0.427,Highway,Rain,Sensor,1.0,5.0,25.67,20.55
User_49,38,49,0,0,79.85,0.629,Rural,Clear,Text,4.0,1.0,95.5,20.83
User_50,38,50,5,3,51.69,0.327,Highway,Clear,Sensor,5.0,6.0,100.0,18.46
User_51,38,51,4,2,60.88,0.825,Rural,Rain,Emergency,5.0,6.0,100.0,33.2
User_52,38,52,6,2,39.63,0.206,Rural,Fog,Text,1.0,6.0,100.0,23.28
User_53,38,53,0,2,69.79,0.196,Urban,Fog,Video,4.0,2.0,69.5,26.03
User_54,38,54,7,1,64.99,0.911,Urban,Clear,Text,2.0,5.0,25.67,26.61
User_55,38,55,7,1,51.32,0.763,Highway,Clear,Emergency,1.0,5.0,25.67,19.98
User_56,38,56,5,1,64.52,0.363,Urban,Clear,Emergency,3.0,3.0,100.0,23.38
User_57,38,57,7,1,31.74,0.384,Highway,Fog,Sensor,2.0,5.0,25.67,23.71
User_58,38,58,0,2,140.0,0.628,Urban,Fog,Video,3.0,2.0,69.5,34.62
User_59,38,59,1,1,33.99,0.425,Highway,Clear,Emergency,2.0,1.0,95.5,19.39
User_60,38,60,3,1,17.38,0.044,Highway,Clear,Sensor,4.0,4.0,100.0,18.18
User_61,38,61,4,2,40.82,0.495,Rural,Rain,Video,2.0,6.0,100.0,27.65
User_62,38,62,4,2,65.5,0.162,Highway,Clear,Sensor,4.0,6.0,100.0,16.39
User_63,38,63,1,3,105.98,0.682,Rural,Clear,Emergency,1.0,2.0,69.5,27.41
User_64,38,64,4,0,21.17,0.92,Highway,Clear,Video,5.0,3.0,100.0,26.44
User_65,38,65,3,3,50.01,0.685,Rural,Rain,Emergency,4.0,4.0,100.0,30.78
User_66,38,66,3,3,136.61,0.664,Rural,Rain,Sensor,3.0,2.0,69.5,38.06
User_67,38,67,3,3,52.99,0.357,Highway,Clear,Text,1.0,2.0,69.5,23.94
User_68,38,68,5,3,23.01,0.513,Highway,Fog,Text,3.0,6.0,100.0,30.39
User_69,38,69,5,3,66.11,0.477,Urban,Fog,Sensor,4.0,6.0,100.0,35.14
User_70,38,70,7,1,115.47,0.865,Urban,Rain,Text,5.0,5.0,25.67,32.44
User_71,38,71,7,3,62.24,0.383,Urban,Fog,Sensor,5.0,6.0,100.0,33.61
User_72,38,72,5,3,19.4,0.609,Highway,Clear,Sensor,2.0,6.0,100.0,21.72
User_73,38,73,6,2,62.24,0.717,Highway,Fog,Text,5.0,6.0,100.0,29.62
User_74,38,74,0,0,104.16,0.012,Rural,Fog,Emergency,4.0,1.0,95.5,22.3
User_75,38,75,7,1,49.72,0.868,Urban,Fog,Sensor,2.0,5.0,25.67,35.51
User_76,38,76,1,1,74.63,0.211,Highway,Clear,Emergency,3.0,1.0,95.5,17.4
User_77,38,77,3,1,29.0,0.526,Urban,Rain,Video,2.0,1.0,95.5,34.76
User_78,38,78,7,3,45.74,0.11,Urban,Fog,Emergency,3.0,6.0,100.0,29.02
User_79,38,79,6,0,36.94,0.299,Highway,Fog,Text,4.0,3.0,100.0,22.59
User_80,38,80,1,3,99.36,0.286,Urban,Rain,Text,5.0,4.0,100.0,23.27
User_81,38,81,3,1,48.24,0.126,Urban,Clear,Emergency,3.0,1.0,95.5,24.34
User_82,38,82,7,1,48.26,0.696,Highway,Fog,Sensor,4.0,5.0,25.67,28.89
User_83,38,83,7,1,54.61,0.318,Highway,Clear,Sensor,3.0,5.0,25.67,13.41
User_84,38,84,5,1,52.28,0.136,Rural,Fog,Text,3.0,6.0,100.0,27.61
User_85,38,85,6,0,28.7,0.548,Highway,Clear,Emergency,1.0,5.0,25.67,21.08
User_86,38,86,6,0,12.41,0.941,Highway,Clear,Emergency,1.0,5.0,25.67,26.49
User_87,38,87,0,2,45.0,0.715,Rural,Fog,Text,1.0,2.0,69.5,31.08
User_88,38,88,3,1,75.49,0.578,Highway,Fog,Text,1.0,1.0,95.5,37.93
User_89,38,89,6,2,40.52,0.545,Highway,Rain,Sensor,1.0,6.0,100.0,21.39
User_90,38,90,4,0,67.21,0.237,Rural,Rain,Emergency,4.0,3.0,100.0,24.57
User_91,38,91,5,1,56.28,0.415,Highway,Clear,Video,5.0,3.0,100.0,19.91
User_92,38,92,4,2,88.84,0.809,Highway,Rain,Emergency,1.0,6.0,100.0,31.8
User_93,38,93,1,3,93.03,0.21,Highway,Fog,Text,4.0,4.0,100.0,22.94
User_94,38,94,0,2,64.44,0.774,Highway,Fog,Sensor,5.0,2.0,69.5,30.54
User_95,38,95,5,3,27.92,0.12,Highway,Fog,Emergency,5.0,6.0,100.0,24.64
User_96,38,96,6,2,28.55,0.405,Urban,Rain,Text,5.0,6.0,100.0,22.93
User_97,38,97,7,1,56.03,0.415,Urban,Rain,Video,5.0,5.0,25.67,23.91
User_98,38,98,5,1,42.1,0.503,Rural,Clear,Video,3.0,6.0,100.0,22.81
User_99,38,99,0,0,31.34,0.633,Rural,Clear,Sensor,5.0,1.0,95.5,19.44
User_100,38,100,0,2,63.4,0.926,Highway,Clear,Video,3.0,2.0,69.5,22.79
User_101,38,101,4,0,54.2,0.85,Urban,Clear,Sensor,4.0,3.0,100.0,30.38
User_102,38,102,1,1,19.14,0.378,Highway,Clear,Video,3.0,1.0,95.5,18.24
User_103,38,103,3,1,69.93,0.6,Urban,Fog,Text,4.0,4.0,100.0,42.1
User_104,38,104,2,0,57.03,0.259,Highway,Fog,Video,4.0,1.0,95.5,27.6
User_105,38,105,4,0,31.72,0.762,Highway,Fog,Emergency,5.0,3.0,100.0,34.38
User_106,38,106,1,3,50.27,0.453,Urban,Clear,Sensor,2.0,2.0,69.5,24.3
User_107,38,107,3,3,73.73,0.338,Highway,Clear,Emergency,1.0,2.0,69.5,24.28
User_108,38,108,2,2,45.4,0.802,Urban,Fog,Video,5.0,4.0,100.0,39.39
User_109,38,109,0,0,54.94,0.875,Rural,Clear,Emergency,4.0,1.0,95.5,23.77
User_110,38,110,7,3,86.05,0.402,Highway,Rain,Sensor,5.0,6.0,100.0,25.61
User_111,38,111,5,1,43.99,0.862,Highway,Fog,Text,3.0,6.0,100.0,36.25
User_112,38,112,3,3,65.07,0.697,Urban,Rain,Text,5.0,4.0,100.0,33.41
User_113,38,113,6,2,51.91,0.609,Highway,Rain,Sensor,4.0,6.0,100.0,22.69
User_114,38,114,3,1,55.09,0.486,Urban,Fog,Text,3.0,1.0,95.5,39.94
User_115,38,115,1,3,19.84,0.332,Highway,Clear,Video,4.0,4.0,100.0,12.58
User_116,38,116,4,2,74.66,0.42,Highway,Clear,Emergency,4.0,6.0,100.0,20.54
User_117,38,117,6,2,41.84,0.246,Highway,Fog,Emergency,2.0,6.0,100.0,21.95
User_118,38,118,3,3,77.6,0.448,Urban,Clear,Sensor,5.0,4.0,100.0,25.05
User_119,38,119,5,3,49.34,0.623,Urban,Clear,Emergency,4.0,6.0,100.0,26.83
User_120,38,120,1,1,108.23,0.693,Urban,Rain,Sensor,2.0,1.0,95.5,34.64
User_121,38,121,4,0,49.54,0.651,Highway,Rain,Emergency,1.0,6.0,100.0,33.25
User_122,38,122,2,2,62.3,0.558,Rural,Rain,Emergency,2.0,2.0,69.5,29.24
User_123,38,123,6,2,47.43,0.468,Highway,Fog,Emergency,1.0,5.0,25.67,30.44
User_124,38,124,0,2,87.97,0.583,Rural,Fog,Video,4.0,2.0,69.5,30.38
User_125,38,125,3,1,35.19,0.692,Highway,Fog,Emergency,5.0,4.0,100.0,38.44
User_126,38,126,4,0,45.26,0.292,Highway,Fog,Text,5.0,3.0,100.0,27.74
User_127,38,127,2,0,123.18,0.644,Urban,Fog,Video,4.0,1.0,95.5,39.36
User_128,38,128,2,0,56.79,0.237,Rural,Rain,Sensor,3.0,1.0,95.5,24.26
User_129,38,129,4,2,77.3,0.265,Rural,Fog,Video,4.0,6.0,100.0,30.29
User_130,38,130,4,0,58.24,0.912,Urban,Rain,Emergency,1.0,5.0,25.67,41.43
User_131,38,131,7,3,31.28,0.86,Rural,Rain,Sensor,4.0,6.0,100.0,32.84
User_132,38,132,7,1,52.6,0.283,Urban,Clear,Text,2.0,5.0,25.67,16.82
User_133,38,133,7,1,75.25,0.17,Rural,Fog,Text,4.0,5.0,25.67,23.81
User_134,38,134,7,1,79.48,0.886,Rural,Fog,Emergency,5.0,5.0,25.67,34.67
User_135,38,135,5,1,67.97,0.515,Urban,Rain,Video,3.0,6.0,100.0,30.76
User_136,38,136,1,1,49.83,0.172,Highway,Rain,Emergency,3.0,1.0,95.5,21.07
User_137,38,137,6,0,101.02,0.543,Urban,Fog,Emergency,4.0,3.0,100.0,32.18
User_138,38,138,2,2,28.64,0.68,Highway,Rain,Emergency,5.0,4.0,100.0,28.06
User_139,38,139,6,0,100.44,0.591,Urban,Fog,Video,1.0,5.0,25.67,37.88
User_140,38,140,5,3,87.72,0.483,Highway,Fog,Text,4.0,6.0,100.0,31.88
User_141,38,141,2,0,42.28,0.609,Urban,Clear,Sensor,1.0,1.0,95.5,26.4
User_142,38,142,3,3,73.87,0.663,Urban,Fog,Emergency,1.0,2.0,69.5,43.16
User_143,38,143,2,2,66.12,0.953,Urban,Clear,Video,4.0,4.0,100.0,32.28
User_144,38,144,1,3,134.95,0.611,Rural,Clear,Emergency,5.0,4.0,100.0,22.21
User_145,38,145,6,0,38.11,0.811,Urban,Rain,Emergency,5.0,3.0,100.0,29.31
User_146,38,146,2,2,98.56,0.3,Urban,Clear,Text,4.0,2.0,69.5,23.46
User_147,38,147,6,2,49.37,0.311,Highway,Rain,Sensor,5.0,6.0,100.0,18.15
User_148,38,148,2,2,63.85,0.869,Urban,Rain,Video,3.0,2.0,69.5,35.95
User_149,38,149,6,0,127.56,0.655,Highway,Rain,Sensor,5.0,3.0,100.0,25.65
User_150,38,150,0,0,140.0,0.367,Rural,Clear,Video,2.0,1.0,95.5,18.7
User_151,38,151,1,3,78.45,0.682,Rural,Rain,Emergency,1.0,2.0,69.5,31.58
User_152,38,152,7,1,83.66,0.353,Rural,Clear,Emergency,1.0,5.0,25.67,16.8
User_153,38,153,0,2,67.47,0.396,Rural,Fog,Emergency,5.0,2.0,69.5,26.96
User_154,38,154,7,3,46.38,0.066,Urban,Rain,Sensor,4.0,6.0,100.0,23.38
User_155,38,155,6,2,109.28,0.302,Urban,Rain,Sensor,5.0,6.0,100.0,23.81
User_156,38,156,5,3,46.21,0.289,Highway,Clear,Emergency,1.0,5.0,25.67,22.72
User_157,38,157,4,2,43.83,0.078,Urban,Clear,Text,2.0,6.0,100.0,18.48
User_158,38,158,7,1,48.99,0.538,Urban,Clear,Text,5.0,5.0,25.67,20.54
User_159,38,159,1,3,79.31,0.695,Highway,Rain,Video,4.0,2.0,69.5,29.8
User_160,38,160,5,1,93.88,0.336,Urban,Rain,Sensor,1.0,6.0,100.0,28.86
User_161,38,161,2,2,46.66,0.455,Rural,Rain,Emergency,3.0,2.0,69.5,27.22
User_162,38,162,4,2,123.87,0.804,Urban,Rain,Video,4.0,6.0,100.0,36.78
User_163,38,163,3,1,24.45,0.07,Highway,Fog,Text,4.0,1.0,95.5,28.78
User_164,38,164,5,3,22.87,0.665,Highway,Fog,Text,3.0,6.0,100.0,32.66
User_165,38,165,4,0,84.27,0.682,Rural,Rain,Text,1.0,5.0,25.67,36.76
User_166,38,166,6,2,64.8,0.727,Urban,Rain,Video,3.0,6.0,100.0,28.85
User_167,38,167,4,0,70.6,0.466,Highway,Rain,Video,3.0,6.0,100.0,31.11
User_168,38,168,1,1,61.26,0.736,Highway,Rain,Emergency,5.0,1.0,95.5,29.88
User_169,38,169,1,3,13.65,0.432,Rural,Clear,Video,1.0,2.0,69.5,20.89
User_170,38,170,6,0,32.37,0.404,Rural,Fog,Video,1.0,5.0,25.67,31.03
User_171,38,171,4,2,35.0,0.714,Rural,Rain,Emergency,2.0,6.0,100.0,30.76
User_172,38,172,3,3,80.27,0.445,Highway,Fog,Video,4.0,2.0,69.5,36.08
User_173,38,173,5,1,27.89,0.622,Urban,Fog,Video,2.0,6.0,100.0,36.17
User_174,38,174,5,1,55.85,0.034,Highway,Fog,Text,5.0,3.0,100.0,24.19
User_175,38,175,1,3,20.34,0.737,Rural,Fog,Video,2.0,2.0,69.5,35.67
User_176,38,176,4,2,69.05,0.759,Rural,Fog,Text,1.0,5.0,25.67,42.46
User_177,38,177,5,1,46.51,0.633,Urban,Clear,Sensor,2.0,3.0,100.0,26.89
User_178,38,178,1,1,37.73,0.456,Highway,Rain,Video,2.0,1.0,95.5,24.97
User_179,38,179,4,0,94.34,0.573,Highway,Rain,Video,5.0,3.0,100.0,28.43
User_180,38,180,1,3,92.4,0.697,Rural,Clear,Text,1.0,2.0,69.5,27.23
User_181,38,181,4,0,75.8,0.321,Rural,Fog,Text,2.0,6.0,100.0,36.09
User_182,38,182,5,3,44.65,0.565,Rural,Fog,Emergency,4.0,6.0,100.0,33.81
User_183,38,183,4,0,52.1,0.654,Highway,Clear,Emergency,2.0,6.0,100.0,28.37
User_184,38,184,1,3,58.97,0.297,Rural,Fog,Text,4.0,2.0,69.5,30.22
User_185,38,185,7,3,30.49,0.591,Rural,Clear,Video,2.0,6.0,100.0,23.78
User_186,38,186,5,1,21.07,0.322,Highway,Fog,Sensor,5.0,3.0,100.0,27.46
User_187,38,187,1,3,28.55,0.482,Highway,Rain,Video,1.0,2.0,69.5,25.09
User_188,38,188,4,2,39.94,0.797,Rural,Fog,Sensor,1.0,5.0,25.67,42.15
User_189,38,189,3,3,24.82,0.072,Highway,Clear,Sensor,1.0,2.0,69.5,18.82
User_190,38,190,3,3,56.08,0.798,Rural,Fog,Text,1.0,2.0,69.5,42.65
User_191,38,191,4,0,34.65,0.335,Rural,Fog,Sensor,1.0,5.0,25.67,35.06
User_192,38,192,3,3,42.05,0.472,Rural,Clear,Emergency,5.0,4.0,100.0,22.34
User_193,38,193,3,1,140.0,0.674,Urban,Clear,Text,4.0,1.0,95.5,35.31
User_194,38,194,7,1,82.91,0.868,Highway,Clear,Video,3.0,5.0,25.67,22.51
User_195,38,195,7,3,93.83,0.436,Highway,Clear,Sensor,3.0,6.0,100.0,21.35
User_196,38,196,0,2,77.21,0.63,Rural,Clear,Text,3.0,2.0,69.5,20.77
User_197,38,197,2,2,46.81,0.463,Rural,Clear,Video,3.0,2.0,69.5,22.35
User_198,38,198,4,2,44.05,0.894,Urban,Rain,Video,2.0,6.0,100.0,35.73
User_199,38,199,4,2,76.37,0.385,Rural,Fog,Sensor,3.0,6.0,100.0,32.07
User_200,38,200,1,1,33.48,0.825,Rural,Clear,Emergency,2.0,1.0,95.5,27.38
User_201,38,201,4,0,47.9,0.309,Urban,Fog,Text,4.0,3.0,100.0,32.07
User_202,38,202,7,1,28.73,0.574,Rural,Fog,Video,1.0,5.0,25.67,28.47
User_203,38,203,0,0,50.3,0.455,Urban,Clear,Video,3.0,1.0,95.5,19.33
User_204,38,204,1,3,49.21,0.287,Highway,Clear,Text,1.0,2.0,69.5,17.78
User_205,38,205,6,0,17.43,0.942,Highway,Rain,Text,5.0,3.0,100.0,26.65
User_206,38,206,6,2,63.02,0.44,Urban,Fog,Sensor,2.0,6.0,100.0,29.49
User_7,39,7,2,0,79.49,0.528,Urban,Rain,Emergency,3.0,1.0,95.5,31.3
User_8,39,8,5,3,69.55,0.416,Rural,Clear,Emergency,3.0,6.0,100.0,22.33
User_9,39,9,6,2,50.68,0.364,Rural,Fog,Sensor,5.0,6.0,100.0,25.98
User_10,39,10,6,2,34.78,0.818,Highway,Rain,Sensor,3.0,6.0,100.0,25.31
User_11,39,11,7,3,27.75,0.342,Highway,Fog,Sensor,5.0,6.0,100.0,27.96
User_12,39,12,4,0,63.73,0.264,Highway,Clear,Emergency,5.0,3.0,100.0,17.87
User_13,39,13,6,0,87.76,0.333,Rural,Clear,Video,4.0,3.0,100.0,16.63
User_14,39,14,0,0,49.69,0.198,Highway,Rain,Sensor,5.0,1.0,95.5,16.46
User_15,39,15,4,0,75.0,0.652,Rural,Fog,Text,4.0,3.0,100.0,36.03
User_16,39,16,7,1,70.0,0.695,Urban,Rain,Text,5.0,5.0,25.67,28.52
User_17,39,17,7,3,31.04,0.159,Highway,Fog,Video,1.0,6.0,100.0,25.32
User_18,39,18,7,1,45.83,0.125,Highway,Rain,Text,1.0,5.0,25.67,15.25
User_19,39,19,0,0,61.96,0.876,Rural,Clear,Emergency,4.0,1.0,95.5,24.0
User_20,39,20,7,1,108.65,0.444,Highway,Rain,Video,4.0,5.0,25.67,21.92
User_21,39,21,1,1,30.68,0.813,Rural,Clear,Video,5.0,1.0,95.5,27.12
User_22,39,22,3,1,51.05,0.741,Urban,Rain,Text,5.0,4.0,100.0,38.65
User_23,39,23,2,0,123.01,0.855,Highway,Rain,Sensor,4.0,1.0,95.5,33.52
User_24,39,24,3,1,32.93,0.578,Rural,Clear,Sensor,3.0,1.0,95.5,28.66
User_25,39,25,0,2,25.85,0.754,Urban,Clear,Video,3.0,2.0,69.5,23.09
User_26,39,26,1,3,68.26,0.809,Urban,Clear,Sensor,3.0,2.0,69.5,30.18
User_27,39,27,5,3,108.56,0.615,Urban,Rain,Video,1.0,6.0,100.0,33.48
User_28,39,28,4,0,57.64,0.179,Highway,Rain,Emergency,1.0,6.0,100.0,26.41
User_29,39,29,3,3,25.02,0.251,Highway,Fog,Emergency,4.0,4.0,100.0,26.52
User_30,39,30,1,1,62.26,0.239,Highway,Clear,Emergency,3.0,1.0,95.5,17.45
User_31,39,31,4,0,22.76,0.703,Urban,Clear,Emergency,5.0,3.0,100.0,27.23
User_32,39,32,0,2,140.0,0.74,Rural,Rain,Emergency,5.0,2.0,69.5,29.3
User_33,39,33,1,1,126.43,0.208,Highway,Clear,Video,4.0,1.0,95.5,18.91
User_34,39,34,4,0,44.89,0.249,Highway,Fog,Emergency,3.0,3.0,100.0,27.08
User_35,39,35,5,1,59.59,0.659,Urban,Clear,Text,4.0,3.0,100.0,27.67
User_36,39,36,6,0,66.84,0.229,Urban,Fog,Video,4.0,3.0,100.0,26.44
User_37,39,37,3,3,28.87,0.607,Rural,Rain,Emergency,5.0,4.0,100.0,28.97
User_38,39,38,0,2,48.47,0.884,Urban,Rain,Emergency,5.0,2.0,69.5,30.71
User_39,39,39,3,1,46.09,0.139,Rural,Rain,Sensor,2.0,1.0,95.5,27.47
User_40,39,40,3,1,68.6,0.588,Rural,Clear,Sensor,5.0,4.0,100.0,29.88
User_41,39,41,2,2,57.05,0.503,Rural,Clear,Text,5.0,4.0,100.0,23.26
User_42,39,42,7,3,75.42,0.555,Urban,Rain,Video,3.0,6.0,100.0,31.59
User_43,39,43,4,0,74.4,0.481,Highway,Rain,Video,3.0,3.0,100.0,26.45
User_44,39,44,5,3,109.22,0.505,Highway,Fog,Emergency,4.0,6.0,100.0,32.85
User_45,39,45,3,3,33.74,0.308,Rural,Rain,Emergency,2.0,2.0,69.5,29.63
User_46,39,46,6,2,61.02,0.356,Rural,Rain,Video,5.0,6.0,100.0,21.17
User_47,39,47,1,1,15.19,0.223,Urban,Clear,Emergency,4.0,1.0,95.5,19.8
User_48,39,48,7,1,71.47,0.427,Highway,Rain,Sensor,1.0,5.0,25.67,20.55
User_49,39,49,0,0,79.85,0.629,Rural,Clear,Text,4.0,1.0,95.5,20.83
User_50,39,50,5,3,51.69,0.327,Highway,Clear,Sensor,5.0,6.0,100.0,18.46
User_51,39,51,4,2,60.88,0.825,Rural,Rain,Emergency,5.0,6.0,100.0,33.2
User_52,39,52,6,2,39.63,0.206,Rural,Fog,Text,1.0,6.0,100.0,23.28
User_53,39,53,0,2,69.79,0.196,Urban,Fog,Video,4.0,2.0,69.5,26.03
User_54,39,54,7,1,64.99,0.911,Urban,Clear,Text,2.0,5.0,25.67,26.61
User_55,39,55,7,1,51.32,0.763,Highway,Clear,Emergency,1.0,5.0,25.67,19.98
User_56,39,56,5,1,64.52,0.363,Urban,Clear,Emergency,3.0,3.0,100.0,23.38
User_57,39,57,7,1,31.74,0.384,Highway,Fog,Sensor,2.0,5.0,25.67,23.71
User_58,39,58,0,2,140.0,0.628,Urban,Fog,Video,3.0,2.0,69.5,34.62
User_59,39,59,1,1,33.99,0.425,Highway,Clear,Emergency,2.0,1.0,95.5,19.39
User_60,39,60,3,1,17.38,0.044,Highway,Clear,Sensor,4.0,4.0,100.0,18.18
User_61,39,61,4,2,40.82,0.495,Rural,Rain,Video,2.0,6.0,100.0,27.65
User_62,39,62,4,2,65.5,0.162,Highway,Clear,Sensor,4.0,6.0,100.0,16.39
User_63,39,63,1,3,105.98,0.682,Rural,Clear,Emergency,1.0,2.0,69.5,27.41
User_64,39,64,4,0,21.17,0.92,Highway,Clear,Video,5.0,3.0,100.0,26.44
User_65,39,65,3,3,50.01,0.685,Rural,Rain,Emergency,4.0,4.0,100.0,30.78
User_66,39,66,3,3,136.61,0.664,Rural,Rain,Sensor,3.0,2.0,69.5,38.06
User_67,39,67,3,3,52.99,0.357,Highway,Clear,Text,1.0,2.0,69.5,23.94
User_68,39,68,5,3,23.01,0.513,Highway,Fog,Text,3.0,6.0,100.0,30.39
User_69,39,69,5,3,66.11,0.477,Urban,Fog,Sensor,4.0,6.0,100.0,35.14
User_70,39,70,7,1,115.47,0.865,Urban,Rain,Text,5.0,5.0,25.67,32.44
User_71,39,71,7,3,62.24,0.383,Urban,Fog,Sensor,5.0,6.0,100.0,33.61
User_72,39,72,5,3,19.4,0.609,Highway,Clear,Sensor,2.0,6.0,100.0,21.72
User_73,39,73,6,2,62.24,0.717,Highway,Fog,Text,5.0,6.0,100.0,29.62
User_74,39,74,0,0,104.16,0.012,Rural,Fog,Emergency,4.0,1.0,95.5,22.3
User_75,39,75,7,1,49.72,0.868,Urban,Fog,Sensor,2.0,5.0,25.67,35.51
User_76,39,76,1,1,74.63,0.211,Highway,Clear,Emergency,3.0,1.0,95.5,17.4
User_77,39,77,3,1,29.0,0.526,Urban,Rain,Video,2.0,1.0,95.5,34.76
User_78,39,78,7,3,45.74,0.11,Urban,Fog,Emergency,3.0,6.0,100.0,29.02
User_79,39,79,6,0,36.94,0.299,Highway,Fog,Text,4.0,3.0,100.0,22.59
User_80,39,80,1,3,99.36,0.286,Urban,Rain,Text,5.0,4.0,100.0,23.27
User_81,39,81,3,1,48.24,0.126,Urban,Clear,Emergency,3.0,1.0,95.5,24.34
User_82,39,82,7,1,48.26,0.696,Highway,Fog,Sensor,4.0,5.0,25.67,28.89
User_83,39,83,7,1,54.61,0.318,Highway,Clear,Sensor,3.0,5.0,25.67,13.41
User_84,39,84,5,1,52.28,0.136,Rural,Fog,Text,3.0,6.0,100.0,27.61
User_85,39,85,6,0,28.7,0.548,Highway,Clear,Emergency,1.0,5.0,25.67,21.08
User_86,39,86,6,0,12.41,0.941,Highway,Clear,Emergency,1.0,5.0,25.67,26.49
User_87,39,87,0,2,45.0,0.715,Rural,Fog,Text,1.0,2.0,69.5,31.08
User_88,39,88,3,1,75.49,0.578,Highway,Fog,Text,1.0,1.0,95.5,37.93
User_89,39,89,6,2,40.52,0.545,Highway,Rain,Sensor,1.0,6.0,100.0,21.39
User_90,39,90,4,0,67.21,0.237,Rural,Rain,Emergency,4.0,3.0,100.0,24.57
User_91,39,91,5,1,56.28,0.415,Highway,Clear,Video,5.0,3.0,100.0,19.91
User_92,39,92,4,2,88.84,0.809,Highway,Rain,Emergency,1.0,6.0,100.0,31.8
User_93,39,93,1,3,93.03,0.21,Highway,Fog,Text,4.0,4.0,100.0,22.94
User_94,39,94,0,2,64.44,0.774,Highway,Fog,Sensor,5.0,2.0,69.5,30.54
User_95,39,95,5,3,27.92,0.12,Highway,Fog,Emergency,5.0,6.0,100.0,24.64
User_96,39,96,6,2,28.55,0.405,Urban,Rain,Text,5.0,6.0,100.0,22.93
User_97,39,97,7,1,56.03,0.415,Urban,Rain,Video,5.0,5.0,25.67,23.91
User_98,39,98,5,1,42.1,0.503,Rural,Clear,Video,3.0,6.0,100.0,22.81
User_99,39,99,0,0,31.34,0.633,Rural,Clear,Sensor,5.0,1.0,95.5,19.44
User_100,39,100,0,2,63.4,0.926,Highway,Clear,Video,3.0,2.0,69.5,22.79
User_101,39,101,4,0,54.2,0.85,Urban,Clear,Sensor,4.0,3.0,100.0,30.38
User_102,39,102,1,1,19.14,0.378,Highway,Clear,Video,3.0,1.0,95.5,18.24
User_103,39,103,3,1,69.93,0.6,Urban,Fog,Text,4.0,4.0,100.0,42.1
User_104,39,104,2,0,57.03,0.259,Highway,Fog,Video,4.0,1.0,95.5,27.6
User_105,39,105,4,0,31.72,0.762,Highway,Fog,Emergency,5.0,3.0,100.0,34.38
User_106,39,106,1,3,50.27,0.453,Urban,Clear,Sensor,2.0,2.0,69.5,24.3
User_107,39,107,3,3,73.73,0.338,Highway,Clear,Emergency,1.0,2.0,69.5,24.28
User_108,39,108,2,2,45.4,0.802,Urban,Fog,Video,5.0,4.0,100.0,39.39
User_109,39,109,0,0,54.94,0.875,Rural,Clear,Emergency,4.0,1.0,95.5,23.77
User_110,39,110,7,3,86.05,0.402,Highway,Rain,Sensor,5.0,6.0,100.0,25.61
User_111,39,111,5,1,43.99,0.862,Highway,Fog,Text,3.0,6.0,100.0,36.25
User_112,39,112,3,3,65.07,0.697,Urban,Rain,Text,5.0,4.0,100.0,33.41
User_113,39,113,6,2,51.91,0.609,Highway,Rain,Sensor,4.0,6.0,100.0,22.69
User_114,39,114,3,1,55.09,0.486,Urban,Fog,Text,3.0,1.0,95.5,39.94
User_115,39,115,1,3,19.84,0.332,Highway,Clear,Video,4.0,4.0,100.0,12.58
User_116,39,116,4,2,74.66,0.42,Highway,Clear,Emergency,4.0,6.0,100.0,20.54
User_117,39,117,6,2,41.84,0.246,Highway,Fog,Emergency,2.0,6.0,100.0,21.95
User_118,39,118,3,3,77.6,0.448,Urban,Clear,Sensor,5.0,4.0,100.0,25.05
User_119,39,119,5,3,49.34,0.623,Urban,Clear,Emergency,4.0,6.0,100.0,26.83
User_120,39,120,1,1,108.23,0.693,Urban,Rain,Sensor,2.0,1.0,95.5,34.64
User_121,39,121,4,0,49.54,0.651,Highway,Rain,Emergency,1.0,6.0,100.0,33.25
User_122,39,122,2,2,62.3,0.558,Rural,Rain,Emergency,2.0,2.0,69.5,29.24
User_123,39,123,6,2,47.43,0.468,Highway,Fog,Emergency,1.0,5.0,25.67,30.44
User_124,39,124,0,2,87.97,0.583,Rural,Fog,Video,4.0,2.0,69.5,30.38
User_125,39,125,3,1,35.19,0.692,Highway,Fog,Emergency,5.0,4.0,100.0,38.44
User_126,39,126,4,0,45.26,0.292,Highway,Fog,Text,5.0,3.0,100.0,27.74
User_127,39,127,2,0,123.18,0.644,Urban,Fog,Video,4.0,1.0,95.5,39.36
User_128,39,128,2,0,56.79,0.237,Rural,Rain,Sensor,3.0,1.0,95.5,24.26
User_129,39,129,4,2,77.3,0.265,Rural,Fog,Video,4.0,6.0,100.0,30.29
User_130,39,130,4,0,58.24,0.912,Urban,Rain,Emergency,1.0,5.0,25.67,41.43
User_131,39,131,7,3,31.28,0.86,Rural,Rain,Sensor,4.0,6.0,100.0,32.84
User_132,39,132,7,1,52.6,0.283,Urban,Clear,Text,2.0,5.0,25.67,16.82
User_133,39,133,7,1,75.25,0.17,Rural,Fog,Text,4.0,5.0,25.67,23.81
User_134,39,134,7,1,79.48,0.886,Rural,Fog,Emergency,5.0,5.0,25.67,34.67
User_135,39,135,5,1,67.97,0.515,Urban,Rain,Video,3.0,6.0,100.0,30.76
User_136,39,136,1,1,49.83,0.172,Highway,Rain,Emergency,3.0,1.0,95.5,21.07
User_137,39,137,6,0,101.02,0.543,Urban,Fog,Emergency,4.0,3.0,100.0,32.18
User_138,39,138,2,2,28.64,0.68,Highway,Rain,Emergency,5.0,4.0,100.0,28.06
User_139,39,139,6,0,100.44,0.591,Urban,Fog,Video,1.0,5.0,25.67,37.88
User_140,39,140,5,3,87.72,0.483,Highway,Fog,Text,4.0,6.0,100.0,31.88
User_141,39,141,2,0,42.28,0.609,Urban,Clear,Sensor,1.0,1.0,95.5,26.4
User_142,39,142,3,3,73.87,0.663,Urban,Fog,Emergency,1.0,2.0,69.5,43.16
User_143,39,143,2,2,66.12,0.953,Urban,Clear,Video,4.0,4.0,100.0,32.28
User_144,39,144,1,3,134.95,0.611,Rural,Clear,Emergency,5.0,4.0,100.0,22.21
User_145,39,145,6,0,38.11,0.811,Urban,Rain,Emergency,5.0,3.0,100.0,29.31
User_146,39,146,2,2,98.56,0.3,Urban,Clear,Text,4.0,2.0,69.5,23.46
User_147,39,147,6,2,49.37,0.311,Highway,Rain,Sensor,5.0,6.0,100.0,18.15
User_148,39,148,2,2,63.85,0.869,Urban,Rain,Video,3.0,2.0,69.5,35.95
User_149,39,149,6,0,127.56,0.655,Highway,Rain,Sensor,5.0,3.0,100.0,25.65
User_150,39,150,0,0,140.0,0.367,Rural,Clear,Video,2.0,1.0,95.5,18.7
User_151,39,151,1,3,78.45,0.682,Rural,Rain,Emergency,1.0,2.0,69.5,31.58
User_152,39,152,7,1,83.66,0.353,Rural,Clear,Emergency,1.0,5.0,25.67,16.8
User_153,39,153,0,2,67.47,0.396,Rural,Fog,Emergency,5.0,2.0,69.5,26.96
User_154,39,154,7,3,46.38,0.066,Urban,Rain,Sensor,4.0,6.0,100.0,23.38
User_155,39,155,6,2,109.28,0.302,Urban,Rain,Sensor,5.0,6.0,100.0,23.81
User_156,39,156,5,3,46.21,0.289,Highway,Clear,Emergency,1.0,5.0,25.67,22.72
User_157,39,157,4,2,43.83,0.078,Urban,Clear,Text,2.0,6.0,100.0,18.48
User_158,39,158,7,1,48.99,0.538,Urban,Clear,Text,5.0,5.0,25.67,20.54
User_159,39,159,1,3,79.31,0.695,Highway,Rain,Video,4.0,2.0,69.5,29.8
User_160,39,160,5,1,93.88,0.336,Urban,Rain,Sensor,1.0,6.0,100.0,28.86
User_161,39,161,2,2,46.66,0.455,Rural,Rain,Emergency,3.0,2.0,69.5,27.22
User_162,39,162,4,2,123.87,0.804,Urban,Rain,Video,4.0,6.0,100.0,36.78
User_163,39,163,3,1,24.45,0.07,Highway,Fog,Text,4.0,1.0,95.5,28.78
User_164,39,164,5,3,22.87,0.665,Highway,Fog,Text,3.0,6.0,100.0,32.66
User_165,39,165,4,0,84.27,0.682,Rural,Rain,Text,1.0,5.0,25.67,36.76
User_166,39,166,6,2,64.8,0.727,Urban,Rain,Video,3.0,6.0,100.0,28.85
User_167,39,167,4,0,70.6,0.466,Highway,Rain,Video,3.0,6.0,100.0,31.11
User_168,39,168,1,1,61.26,0.736,Highway,Rain,Emergency,5.0,1.0,95.5,29.88
User_169,39,169,1,3,13.65,0.432,Rural,Clear,Video,1.0,2.0,69.5,20.89
User_170,39,170,6,0,32.37,0.404,Rural,Fog,Video,1.0,5.0,25.67,31.03
User_171,39,171,4,2,35.0,0.714,Rural,Rain,Emergency,2.0,6.0,100.0,30.76
User_172,39,172,3,3,80.27,0.445,Highway,Fog,Video,4.0,2.0,69.5,36.08
User_173,39,173,5,1,27.89,0.622,Urban,Fog,Video,2.0,6.0,100.0,36.17
User_174,39,174,5,1,55.85,0.034,Highway,Fog,Text,5.0,3.0,100.0,24.19
User_175,39,175,1,3,20.34,0.737,Rural,Fog,Video,2.0,2.0,69.5,35.67
User_176,39,176,4,2,69.05,0.759,Rural,Fog,Text,1.0,5.0,25.67,42.46
User_177,39,177,5,1,46.51,0.633,Urban,Clear,Sensor,2.0,3.0,100.0,26.89
User_178,39,178,1,1,37.73,0.456,Highway,Rain,Video,2.0,1.0,95.5,24.97
User_179,39,179,4,0,94.34,0.573,Highway,Rain,Video,5.0,3.0,100.0,28.43
User_180,39,180,1,3,92.4,0.697,Rural,Clear,Text,1.0,2.0,69.5,27.23
User_181,39,181,4,0,75.8,0.321,Rural,Fog,Text,2.0,6.0,100.0,36.09
User_182,39,182,5,3,44.65,0.565,Rural,Fog,Emergency,4.0,6.0,100.0,33.81
User_183,39,183,4,0,52.1,0.654,Highway,Clear,Emergency,2.0,6.0,100.0,28.37
User_184,39,184,1,3,58.97,0.297,Rural,Fog,Text,4.0,2.0,69.5,30.22
User_185,39,185,7,3,30.49,0.591,Rural,Clear,Video,2.0,6.0,100.0,23.78
User_186,39,186,5,1,21.07,0.322,Highway,Fog,Sensor,5.0,3.0,100.0,27.46
User_187,39,187,1,3,28.55,0.482,Highway,Rain,Video,1.0,2.0,69.5,25.09
User_188,39,188,4,2,39.94,0.797,Rural,Fog,Sensor,1.0,5.0,25.67,42.15
User_189,39,189,3,3,24.82,0.072,Highway,Clear,Sensor,1.0,2.0,69.5,18.82
User_190,39,190,3,3,56.08,0.798,Rural,Fog,Text,1.0,2.0,69.5,42.65
User_191,39,191,4,0,34.65,0.335,Rural,Fog,Sensor,1.0,5.0,25.67,35.06
User_192,39,192,3,3,42.05,0.472,Rural,Clear,Emergency,5.0,4.0,100.0,22.34
User_193,39,193,3,1,140.0,0.674,Urban,Clear,Text,4.0,1.0,95.5,35.31
User_194,39,194,7,1,82.91,0.868,Highway,Clear,Video,3.0,5.0,25.67,22.51
User_195,39,195,7,3,93.83,0.436,Highway,Clear,Sensor,3.0,6.0,100.0,21.35
User_196,39,196,0,2,77.21,0.63,Rural,Clear,Text,3.0,2.0,69.5,20.77
User_197,39,197,2,2,46.81,0.463,Rural,Clear,Video,3.0,2.0,69.5,22.35
User_198,39,198,4,2,44.05,0.894,Urban,Rain,Video,2.0,6.0,100.0,35.73
User_199,39,199,4,2,76.37,0.385,Rural,Fog,Sensor,3.0,6.0,100.0,32.07
User_200,39,200,1,1,33.48,0.825,Rural,Clear,Emergency,2.0,1.0,95.5,27.38
User_201,39,201,4,0,47.9,0.309,Urban,Fog,Text,4.0,3.0,100.0,32.07
User_202,39,202,7,1,28.73,0.574,Rural,Fog,Video,1.0,5.0,25.67,28.47
User_203,39,203,0,0,50.3,0.455,Urban,Clear,Video,3.0,1.0,95.5,19.33
User_204,39,204,1,3,49.21,0.287,Highway,Clear,Text,1.0,2.0,69.5,17.78
User_205,39,205,6,0,17.43,0.942,Highway,Rain,Text,5.0,3.0,100.0,26.65
User_206,39,206,6,2,63.02,0.44,Urban,Fog,Sensor,2.0,6.0,100.0,29.49
User_7,40,7,2,0,79.49,0.528,Urban,Rain,Emergency,3.0,1.0,95.5,31.3
User_8,40,8,5,3,69.55,0.416,Rural,Clear,Emergency,3.0,6.0,100.0,22.33
User_9,40,9,6,2,50.68,0.364,Rural,Fog,Sensor,5.0,6.0,100.0,25.98
User_10,40,10,6,2,34.78,0.818,Highway,Rain,Sensor,3.0,6.0,100.0,25.31
User_11,40,11,7,3,27.75,0.342,Highway,Fog,Sensor,5.0,6.0,100.0,27.96
User_12,40,12,4,0,63.73,0.264,Highway,Clear,Emergency,5.0,3.0,100.0,17.87
User_13,40,13,6,0,87.76,0.333,Rural,Clear,Video,4.0,3.0,100.0,16.63
User_14,40,14,0,0,49.69,0.198,Highway,Rain,Sensor,5.0,1.0,95.5,16.46
User_15,40,15,4,0,75.0,0.652,Rural,Fog,Text,4.0,3.0,100.0,36.03
User_16,40,16,7,1,70.0,0.695,Urban,Rain,Text,5.0,5.0,25.67,28.52
User_17,40,17,7,3,31.04,0.159,Highway,Fog,Video,1.0,6.0,100.0,25.32
User_18,40,18,7,1,45.83,0.125,Highway,Rain,Text,1.0,5.0,25.67,15.25
User_19,40,19,0,0,61.96,0.876,Rural,Clear,Emergency,4.0,1.0,95.5,24.0
User_20,40,20,7,1,108.65,0.444,Highway,Rain,Video,4.0,5.0,25.67,21.92
User_21,40,21,1,1,30.68,0.813,Rural,Clear,Video,5.0,1.0,95.5,27.12
User_22,40,22,3,1,51.05,0.741,Urban,Rain,Text,5.0,4.0,100.0,38.65
User_23,40,23,2,0,123.01,0.855,Highway,Rain,Sensor,4.0,1.0,95.5,33.52
User_24,40,24,3,1,32.93,0.578,Rural,Clear,Sensor,3.0,1.0,95.5,28.66
User_25,40,25,0,2,25.85,0.754,Urban,Clear,Video,3.0,2.0,69.5,23.09
User_26,40,26,1,3,68.26,0.809,Urban,Clear,Sensor,3.0,2.0,69.5,30.18
User_27,40,27,5,3,108.56,0.615,Urban,Rain,Video,1.0,6.0,100.0,33.48
User_28,40,28,4,0,57.64,0.179,Highway,Rain,Emergency,1.0,6.0,100.0,26.41
User_29,40,29,3,3,25.02,0.251,Highway,Fog,Emergency,4.0,4.0,100.0,26.52
User_30,40,30,1,1,62.26,0.239,Highway,Clear,Emergency,3.0,1.0,95.5,17.45
User_31,40,31,4,0,22.76,0.703,Urban,Clear,Emergency,5.0,3.0,100.0,27.23
User_32,40,32,0,2,140.0,0.74,Rural,Rain,Emergency,5.0,2.0,69.5,29.3
User_33,40,33,1,1,126.43,0.208,Highway,Clear,Video,4.0,1.0,95.5,18.91
User_34,40,34,4,0,44.89,0.249,Highway,Fog,Emergency,3.0,3.0,100.0,27.08
User_35,40,35,5,1,59.59,0.659,Urban,Clear,Text,4.0,3.0,100.0,27.67
User_36,40,36,6,0,66.84,0.229,Urban,Fog,Video,4.0,3.0,100.0,26.44
User_37,40,37,3,3,28.87,0.607,Rural,Rain,Emergency,5.0,4.0,100.0,28.97
User_38,40,38,0,2,48.47,0.884,Urban,Rain,Emergency,5.0,2.0,69.5,30.71
User_39,40,39,3,1,46.09,0.139,Rural,Rain,Sensor,2.0,1.0,95.5,27.47
User_40,40,40,3,1,68.6,0.588,Rural,Clear,Sensor,5.0,4.0,100.0,29.88
User_41,40,41,2,2,57.05,0.503,Rural,Clear,Text,5.0,4.0,100.0,23.26
User_42,40,42,7,3,75.42,0.555,Urban,Rain,Video,3.0,6.0,100.0,31.59
User_43,40,43,4,0,74.4,0.481,Highway,Rain,Video,3.0,3.0,100.0,26.45
User_44,40,44,5,3,109.22,0.505,Highway,Fog,Emergency,4.0,6.0,100.0,32.85
User_45,40,45,3,3,33.74,0.308,Rural,Rain,Emergency,2.0,2.0,69.5,29.63
User_46,40,46,6,2,61.02,0.356,Rural,Rain,Video,5.0,6.0,100.0,21.17
User_47,40,47,1,1,15.19,0.223,Urban,Clear,Emergency,4.0,1.0,95.5,19.8
User_48,40,48,7,1,71.47,0.427,Highway,Rain,Sensor,1.0,5.0,25.67,20.55
User_49,40,49,0,0,79.85,0.629,Rural,Clear,Text,4.0,1.0,95.5,20.83
User_50,40,50,5,3,51.69,0.327,Highway,Clear,Sensor,5.0,6.0,100.0,18.46
User_51,40,51,4,2,60.88,0.825,Rural,Rain,Emergency,5.0,6.0,100.0,33.2
User_52,40,52,6,2,39.63,0.206,Rural,Fog,Text,1.0,6.0,100.0,23.28
User_53,40,53,0,2,69.79,0.196,Urban,Fog,Video,4.0,2.0,69.5,26.03
User_54,40,54,7,1,64.99,0.911,Urban,Clear,Text,2.0,5.0,25.67,26.61
User_55,40,55,7,1,51.32,0.763,Highway,Clear,Emergency,1.0,5.0,25.67,19.98
User_56,40,56,5,1,64.52,0.363,Urban,Clear,Emergency,3.0,3.0,100.0,23.38
User_57,40,57,7,1,31.74,0.384,Highway,Fog,Sensor,2.0,5.0,25.67,23.71
User_58,40,58,0,2,140.0,0.628,Urban,Fog,Video,3.0,2.0,69.5,34.62
User_59,40,59,1,1,33.99,0.425,Highway,Clear,Emergency,2.0,1.0,95.5,19.39
User_60,40,60,3,1,17.38,0.044,Highway,Clear,Sensor,4.0,4.0,100.0,18.18
User_61,40,61,4,2,40.82,0.495,Rural,Rain,Video,2.0,6.0,100.0,27.65
User_62,40,62,4,2,65.5,0.162,Highway,Clear,Sensor,4.0,6.0,100.0,16.39
User_63,40,63,1,3,105.98,0.682,Rural,Clear,Emergency,1.0,2.0,69.5,27.41
User_64,40,64,4,0,21.17,0.92,Highway,Clear,Video,5.0,3.0,100.0,26.44
User_65,40,65,3,3,50.01,0.685,Rural,Rain,Emergency,4.0,4.0,100.0,30.78
User_66,40,66,3,3,136.61,0.664,Rural,Rain,Sensor,3.0,2.0,69.5,38.06
User_67,40,67,3,3,52.99,0.357,Highway,Clear,Text,1.0,2.0,69.5,23.94
User_68,40,68,5,3,23.01,0.513,Highway,Fog,Text,3.0,6.0,100.0,30.39
User_69,40,69,5,3,66.11,0.477,Urban,Fog,Sensor,4.0,6.0,100.0,35.14
User_70,40,70,7,1,115.47,0.865,Urban,Rain,Text,5.0,5.0,25.67,32.44
User_71,40,71,7,3,62.24,0.383,Urban,Fog,Sensor,5.0,6.0,100.0,33.61
User_72,40,72,5,3,19.4,0.609,Highway,Clear,Sensor,2.0,6.0,100.0,21.72
User_73,40,73,6,2,62.24,0.717,Highway,Fog,Text,5.0,6.0,100.0,29.62
User_74,40,74,0,0,104.16,0.012,Rural,Fog,Emergency,4.0,1.0,95.5,22.3
User_75,40,75,7,1,49.72,0.868,Urban,Fog,Sensor,2.0,5.0,25.67,35.51
User_76,40,76,1,1,74.63,0.211,Highway,Clear,Emergency,3.0,1.0,95.5,17.4
User_77,40,77,3,1,29.0,0.526,Urban,Rain,Video,2.0,1.0,95.5,34.76
User_78,40,78,7,3,45.74,0.11,Urban,Fog,Emergency,3.0,6.0,100.0,29.02
User_79,40,79,6,0,36.94,0.299,Highway,Fog,Text,4.0,3.0,100.0,22.59
User_80,40,80,1,3,99.36,0.286,Urban,Rain,Text,5.0,4.0,100.0,23.27
User_81,40,81,3,1,48.24,0.126,Urban,Clear,Emergency,3.0,1.0,95.5,24.34
User_82,40,82,7,1,48.26,0.696,Highway,Fog,Sensor,4.0,5.0,25.67,28.89
User_83,40,83,7,1,54.61,0.318,Highway,Clear,Sensor,3.0,5.0,25.67,13.41
User_84,40,84,5,1,52.28,0.136,Rural,Fog,Text,3.0,6.0,100.0,27.61
User_85,40,85,6,0,28.7,0.548,Highway,Clear,Emergency,1.0,5.0,25.67,21.08
User_86,40,86,6,0,12.41,0.941,Highway,Clear,Emergency,1.0,5.0,25.67,26.49
User_87,40,87,0,2,45.0,0.715,Rural,Fog,Text,1.0,2.0,69.5,31.08
User_88,40,88,3,1,75.49,0.578,Highway,Fog,Text,1.0,1.0,95.5,37.93
User_89,40,89,6,2,40.52,0.545,Highway,Rain,Sensor,1.0,6.0,100.0,21.39
User_90,40,90,4,0,67.21,0.237,Rural,Rain,Emergency,4.0,3.0,100.0,24.57
User_91,40,91,5,1,56.28,0.415,Highway,Clear,Video,5.0,3.0,100.0,19.91
User_92,40,92,4,2,88.84,0.809,Highway,Rain,Emergency,1.0,6.0,100.0,31.8
User_93,40,93,1,3,93.03,0.21,Highway,Fog,Text,4.0,4.0,100.0,22.94
User_94,40,94,0,2,64.44,0.774,Highway,Fog,Sensor,5.0,2.0,69.5,30.54
User_95,40,95,5,3,27.92,0.12,Highway,Fog,Emergency,5.0,6.0,100.0,24.64
User_96,40,96,6,2,28.55,0.405,Urban,Rain,Text,5.0,6.0,100.0,22.93
User_97,40,97,7,1,56.03,0.415,Urban,Rain,Video,5.0,5.0,25.67,23.91
User_98,40,98,5,1,42.1,0.503,Rural,Clear,Video,3.0,6.0,100.0,22.81
User_99,40,99,0,0,31.34,0.633,Rural,Clear,Sensor,5.0,1.0,95.5,19.44
User_100,40,100,0,2,63.4,0.926,Highway,Clear,Video,3.0,2.0,69.5,22.79
User_101,40,101,4,0,54.2,0.85,Urban,Clear,Sensor,4.0,3.0,100.0,30.38
User_102,40,102,1,1,19.14,0.378,Highway,Clear,Video,3.0,1.0,95.5,18.24
User_103,40,103,3,1,69.93,0.6,Urban,Fog,Text,4.0,4.0,100.0,42.1
User_104,40,104,2,0,57.03,0.259,Highway,Fog,Video,4.0,1.0,95.5,27.6
User_105,40,105,4,0,31.72,0.762,Highway,Fog,Emergency,5.0,3.0,100.0,34.38
User_106,40,106,1,3,50.27,0.453,Urban,Clear,Sensor,2.0,2.0,69.5,24.3
User_107,40,107,3,3,73.73,0.338,Highway,Clear,Emergency,1.0,2.0,69.5,24.28
User_108,40,108,2,2,45.4,0.802,Urban,Fog,Video,5.0,4.0,100.0,39.39
User_109,40,109,0,0,54.94,0.875,Rural,Clear,Emergency,4.0,1.0,95.5,23.77
User_110,40,110,7,3,86.05,0.402,Highway,Rain,Sensor,5.0,6.0,100.0,25.61
User_111,40,111,5,1,43.99,0.862,Highway,Fog,Text,3.0,6.0,100.0,36.25
User_112,40,112,3,3,65.07,0.697,Urban,Rain,Text,5.0,4.0,100.0,33.41
User_113,40,113,6,2,51.91,0.609,Highway,Rain,Sensor,4.0,6.0,100.0,22.69
User_114,40,114,3,1,55.09,0.486,Urban,Fog,Text,3.0,1.0,95.5,39.94
User_115,40,115,1,3,19.84,0.332,Highway,Clear,Video,4.0,4.0,100.0,12.58
User_116,40,116,4,2,74.66,0.42,Highway,Clear,Emergency,4.0,6.0,100.0,20.54
User_117,40,117,6,2,41.84,0.246,Highway,Fog,Emergency,2.0,6.0,100.0,21.95
User_118,40,118,3,3,77.6,0.448,Urban,Clear,Sensor,5.0,4.0,100.0,25.05
User_119,40,119,5,3,49.34,0.623,Urban,Clear,Emergency,4.0,6.0,100.0,26.83
User_120,40,120,1,1,108.23,0.693,Urban,Rain,Sensor,2.0,1.0,95.5,34.64
User_121,40,121,4,0,49.54,0.651,Highway,Rain,Emergency,1.0,6.0,100.0,33.25
User_122,40,122,2,2,62.3,0.558,Rural,Rain,Emergency,2.0,2.0,69.5,29.24
User_123,40,123,6,2,47.43,0.468,Highway,Fog,Emergency,1.0,5.0,25.67,30.44
User_124,40,124,0,2,87.97,0.583,Rural,Fog,Video,4.0,2.0,69.5,30.38
User_125,40,125,3,1,35.19,0.692,Highway,Fog,Emergency,5.0,4.0,100.0,38.44
User_126,40,126,4,0,45.26,0.292,Highway,Fog,Text,5.0,3.0,100.0,27.74
User_127,40,127,2,0,123.18,0.644,Urban,Fog,Video,4.0,1.0,95.5,39.36
User_128,40,128,2,0,56.79,0.237,Rural,Rain,Sensor,3.0,1.0,95.5,24.26
User_129,40,129,4,2,77.3,0.265,Rural,Fog,Video,4.0,6.0,100.0,30.29
User_130,40,130,4,0,58.24,0.912,Urban,Rain,Emergency,1.0,5.0,25.67,41.43
User_131,40,131,7,3,31.28,0.86,Rural,Rain,Sensor,4.0,6.0,100.0,32.84
User_132,40,132,7,1,52.6,0.283,Urban,Clear,Text,2.0,5.0,25.67,16.82
User_133,40,133,7,1,75.25,0.17,Rural,Fog,Text,4.0,5.0,25.67,23.81
User_134,40,134,7,1,79.48,0.886,Rural,Fog,Emergency,5.0,5.0,25.67,34.67
User_135,40,135,5,1,67.97,0.515,Urban,Rain,Video,3.0,6.0,100.0,30.76
User_136,40,136,1,1,49.83,0.172,Highway,Rain,Emergency,3.0,1.0,95.5,21.07
User_137,40,137,6,0,101.02,0.543,Urban,Fog,Emergency,4.0,3.0,100.0,32.18
User_138,40,138,2,2,28.64,0.68,Highway,Rain,Emergency,5.0,4.0,100.0,28.06
User_139,40,139,6,0,100.44,0.591,Urban,Fog,Video,1.0,5.0,25.67,37.88
User_140,40,140,5,3,87.72,0.483,Highway,Fog,Text,4.0,6.0,100.0,31.88
User_141,40,141,2,0,42.28,0.609,Urban,Clear,Sensor,1.0,1.0,95.5,26.4
User_142,40,142,3,3,73.87,0.663,Urban,Fog,Emergency,1.0,2.0,69.5,43.16
User_143,40,143,2,2,66.12,0.953,Urban,Clear,Video,4.0,4.0,100.0,32.28
User_144,40,144,1,3,134.95,0.611,Rural,Clear,Emergency,5.0,4.0,100.0,22.21
User_145,40,145,6,0,38.11,0.811,Urban,Rain,Emergency,5.0,3.0,100.0,29.31
User_146,40,146,2,2,98.56,0.3,Urban,Clear,Text,4.0,2.0,69.5,23.46
User_147,40,147,6,2,49.37,0.311,Highway,Rain,Sensor,5.0,6.0,100.0,18.15
User_148,40,148,2,2,63.85,0.869,Urban,Rain,Video,3.0,2.0,69.5,35.95
User_149,40,149,6,0,127.56,0.655,Highway,Rain,Sensor,5.0,3.0,100.0,25.65
User_150,40,150,0,0,140.0,0.367,Rural,Clear,Video,2.0,1.0,95.5,18.7
User_151,40,151,1,3,78.45,0.682,Rural,Rain,Emergency,1.0,2.0,69.5,31.58
User_152,40,152,7,1,83.66,0.353,Rural,Clear,Emergency,1.0,5.0,25.67,16.8
User_153,40,153,0,2,67.47,0.396,Rural,Fog,Emergency,5.0,2.0,69.5,26.96
User_154,40,154,7,3,46.38,0.066,Urban,Rain,Sensor,4.0,6.0,100.0,23.38
User_155,40,155,6,2,109.28,0.302,Urban,Rain,Sensor,5.0,6.0,100.0,23.81
User_156,40,156,5,3,46.21,0.289,Highway,Clear,Emergency,1.0,5.0,25.67,22.72
User_157,40,157,4,2,43.83,0.078,Urban,Clear,Text,2.0,6.0,100.0,18.48
User_158,40,158,7,1,48.99,0.538,Urban,Clear,Text,5.0,5.0,25.67,20.54
User_159,40,159,1,3,79.31,0.695,Highway,Rain,Video,4.0,2.0,69.5,29.8
User_160,40,160,5,1,93.88,0.336,Urban,Rain,Sensor,1.0,6.0,100.0,28.86
User_161,40,161,2,2,46.66,0.455,Rural,Rain,Emergency,3.0,2.0,69.5,27.22
User_162,40,162,4,2,123.87,0.804,Urban,Rain,Video,4.0,6.0,100.0,36.78
User_163,40,163,3,1,24.45,0.07,Highway,Fog,Text,4.0,1.0,95.5,28.78
User_164,40,164,5,3,22.87,0.665,Highway,Fog,Text,3.0,6.0,100.0,32.66
User_165,40,165,4,0,84.27,0.682,Rural,Rain,Text,1.0,5.0,25.67,36.76
User_166,40,166,6,2,64.8,0.727,Urban,Rain,Video,3.0,6.0,100.0,28.85
User_167,40,167,4,0,70.6,0.466,Highway,Rain,Video,3.0,6.0,100.0,31.11
User_168,40,168,1,1,61.26,0.736,Highway,Rain,Emergency,5.0,1.0,95.5,29.88
User_169,40,169,1,3,13.65,0.432,Rural,Clear,Video,1.0,2.0,69.5,20.89
User_170,40,170,6,0,32.37,0.404,Rural,Fog,Video,1.0,5.0,25.67,31.03
User_171,40,171,4,2,35.0,0.714,Rural,Rain,Emergency,2.0,6.0,100.0,30.76
User_172,40,172,3,3,80.27,0.445,Highway,Fog,Video,4.0,2.0,69.5,36.08
User_173,40,173,5,1,27.89,0.622,Urban,Fog,Video,2.0,6.0,100.0,36.17
User_174,40,174,5,1,55.85,0.034,Highway,Fog,Text,5.0,3.0,100.0,24.19
User_175,40,175,1,3,20.34,0.737,Rural,Fog,Video,2.0,2.0,69.5,35.67
User_176,40,176,4,2,69.05,0.759,Rural,Fog,Text,1.0,5.0,25.67,42.46
User_177,40,177,5,1,46.51,0.633,Urban,Clear,Sensor,2.0,3.0,100.0,26.89
User_178,40,178,1,1,37.73,0.456,Highway,Rain,Video,2.0,1.0,95.5,24.97
User_179,40,179,4,0,94.34,0.573,Highway,Rain,Video,5.0,3.0,100.0,28.43
User_180,40,180,1,3,92.4,0.697,Rural,Clear,Text,1.0,2.0,69.5,27.23
User_181,40,181,4,0,75.8,0.321,Rural,Fog,Text,2.0,6.0,100.0,36.09
User_182,40,182,5,3,44.65,0.565,Rural,Fog,Emergency,4.0,6.0,100.0,33.81
User_183,40,183,4,0,52.1,0.654,Highway,Clear,Emergency,2.0,6.0,100.0,28.37
User_184,40,184,1,3,58.97,0.297,Rural,Fog,Text,4.0,2.0,69.5,30.22
User_185,40,185,7,3,30.49,0.591,Rural,Clear,Video,2.0,6.0,100.0,23.78
User_186,40,186,5,1,21.07,0.322,Highway,Fog,Sensor,5.0,3.0,100.0,27.46
User_187,40,187,1,3,28.55,0.482,Highway,Rain,Video,1.0,2.0,69.5,25.09
User_188,40,188,4,2,39.94,0.797,Rural,Fog,Sensor,1.0,5.0,25.67,42.15
User_189,40,189,3,3,24.82,0.072,Highway,Clear,Sensor,1.0,2.0,69.5,18.82
User_190,40,190,3,3,56.08,0.798,Rural,Fog,Text,1.0,2.0,69.5,42.65
User_191,40,191,4,0,34.65,0.335,Rural,Fog,Sensor,1.0,5.0,25.67,35.06
User_192,40,192,3,3,42.05,0.472,Rural,Clear,Emergency,5.0,4.0,100.0,22.34
User_193,40,193,3,1,140.0,0.674,Urban,Clear,Text,4.0,1.0,95.5,35.31
User_194,40,194,7,1,82.91,0.868,Highway,Clear,Video,3.0,5.0,25.67,22.51
User_195,40,195,7,3,93.83,0.436,Highway,Clear,Sensor,3.0,6.0,100.0,21.35
User_196,40,196,0,2,77.21,0.63,Rural,Clear,Text,3.0,2.0,69.5,20.77
User_197,40,197,2,2,46.81,0.463,Rural,Clear,Video,3.0,2.0,69.5,22.35
User_198,40,198,4,2,44.05,0.894,Urban,Rain,Video,2.0,6.0,100.0,35.73
User_199,40,199,4,2,76.37,0.385,Rural,Fog,Sensor,3.0,6.0,100.0,32.07
User_200,40,200,1,1,33.48,0.825,Rural,Clear,Emergency,2.0,1.0,95.5,27.38
User_201,40,201,4,0,47.9,0.309,Urban,Fog,Text,4.0,3.0,100.0,32.07
User_202,40,202,7,1,28.73,0.574,Rural,Fog,Video,1.0,5.0,25.67,28.47
User_203,40,203,0,0,50.3,0.455,Urban,Clear,Video,3.0,1.0,95.5,19.33
User_204,40,204,1,3,49.21,0.287,Highway,Clear,Text,1.0,2.0,69.5,17.78
User_205,40,205,6,0,17.43,0.942,Highway,Rain,Text,5.0,3.0,100.0,26.65
User_206,40,206,6,2,63.02,0.44,Urban,Fog,Sensor,2.0,6.0,100.0,29.49
User_7,41,7,2,0,79.49,0.528,Urban,Rain,Emergency,3.0,1.0,95.5,31.3
User_8,41,8,5,3,69.55,0.416,Rural,Clear,Emergency,3.0,6.0,100.0,22.33
User_9,41,9,6,2,50.68,0.364,Rural,Fog,Sensor,5.0,6.0,100.0,25.98
User_10,41,10,6,2,34.78,0.818,Highway,Rain,Sensor,3.0,6.0,100.0,25.31
User_11,41,11,7,3,27.75,0.342,Highway,Fog,Sensor,5.0,6.0,100.0,27.96
User_12,41,12,4,0,63.73,0.264,Highway,Clear,Emergency,5.0,3.0,100.0,17.87
User_13,41,13,6,0,87.76,0.333,Rural,Clear,Video,4.0,3.0,100.0,16.63
User_14,41,14,0,0,49.69,0.198,Highway,Rain,Sensor,5.0,1.0,95.5,16.46
User_15,41,15,4,0,75.0,0.652,Rural,Fog,Text,4.0,3.0,100.0,36.03
User_16,41,16,7,1,70.0,0.695,Urban,Rain,Text,5.0,5.0,25.67,28.52
User_17,41,17,7,3,31.04,0.159,Highway,Fog,Video,1.0,6.0,100.0,25.32
User_18,41,18,7,1,45.83,0.125,Highway,Rain,Text,1.0,5.0,25.67,15.25
User_19,41,19,0,0,61.96,0.876,Rural,Clear,Emergency,4.0,1.0,95.5,24.0
User_20,41,20,7,1,108.65,0.444,Highway,Rain,Video,4.0,5.0,25.67,21.92
User_21,41,21,1,1,30.68,0.813,Rural,Clear,Video,5.0,1.0,95.5,27.12
User_22,41,22,3,1,51.05,0.741,Urban,Rain,Text,5.0,4.0,100.0,38.65
User_23,41,23,2,0,123.01,0.855,Highway,Rain,Sensor,4.0,1.0,95.5,33.52
User_24,41,24,3,1,32.93,0.578,Rural,Clear,Sensor,3.0,1.0,95.5,28.66
User_25,41,25,0,2,25.85,0.754,Urban,Clear,Video,3.0,2.0,69.5,23.09
User_26,41,26,1,3,68.26,0.809,Urban,Clear,Sensor,3.0,2.0,69.5,30.18
User_27,41,27,5,3,108.56,0.615,Urban,Rain,Video,1.0,6.0,100.0,33.48
User_28,41,28,4,0,57.64,0.179,Highway,Rain,Emergency,1.0,6.0,100.0,26.41
User_29,41,29,3,3,25.02,0.251,Highway,Fog,Emergency,4.0,4.0,100.0,26.52
User_30,41,30,1,1,62.26,0.239,Highway,Clear,Emergency,3.0,1.0,95.5,17.45
User_31,41,31,4,0,22.76,0.703,Urban,Clear,Emergency,5.0,3.0,100.0,27.23
User_32,41,32,0,2,140.0,0.74,Rural,Rain,Emergency,5.0,2.0,69.5,29.3
User_33,41,33,1,1,126.43,0.208,Highway,Clear,Video,4.0,1.0,95.5,18.91
User_34,41,34,4,0,44.89,0.249,Highway,Fog,Emergency,3.0,3.0,100.0,27.08
User_35,41,35,5,1,59.59,0.659,Urban,Clear,Text,4.0,3.0,100.0,27.67
User_36,41,36,6,0,66.84,0.229,Urban,Fog,Video,4.0,3.0,100.0,26.44
User_37,41,37,3,3,28.87,0.607,Rural,Rain,Emergency,5.0,4.0,100.0,28.97
User_38,41,38,0,2,48.47,0.884,Urban,Rain,Emergency,5.0,2.0,69.5,30.71
User_39,41,39,3,1,46.09,0.139,Rural,Rain,Sensor,2.0,1.0,95.5,27.47
User_40,41,40,3,1,68.6,0.588,Rural,Clear,Sensor,5.0,4.0,100.0,29.88
User_41,41,41,2,2,57.05,0.503,Rural,Clear,Text,5.0,4.0,100.0,23.26
User_42,41,42,7,3,75.42,0.555,Urban,Rain,Video,3.0,6.0,100.0,31.59
User_43,41,43,4,0,74.4,0.481,Highway,Rain,Video,3.0,3.0,100.0,26.45
User_44,41,44,5,3,109.22,0.505,Highway,Fog,Emergency,4.0,6.0,100.0,32.85
User_45,41,45,3,3,33.74,0.308,Rural,Rain,Emergency,2.0,2.0,69.5,29.63
User_46,41,46,6,2,61.02,0.356,Rural,Rain,Video,5.0,6.0,100.0,21.17
User_47,41,47,1,1,15.19,0.223,Urban,Clear,Emergency,4.0,1.0,95.5,19.8
User_48,41,48,7,1,71.47,0.427,Highway,Rain,Sensor,1.0,5.0,25.67,20.55
User_49,41,49,0,0,79.85,0.629,Rural,Clear,Text,4.0,1.0,95.5,20.83
User_50,41,50,5,3,51.69,0.327,Highway,Clear,Sensor,5.0,6.0,100.0,18.46
User_51,41,51,4,2,60.88,0.825,Rural,Rain,Emergency,5.0,6.0,100.0,33.2
User_52,41,52,6,2,39.63,0.206,Rural,Fog,Text,1.0,6.0,100.0,23.28
User_53,41,53,0,2,69.79,0.196,Urban,Fog,Video,4.0,2.0,69.5,26.03
User_54,41,54,7,1,64.99,0.911,Urban,Clear,Text,2.0,5.0,25.67,26.61
User_55,41,55,7,1,51.32,0.763,Highway,Clear,Emergency,1.0,5.0,25.67,19.98
User_56,41,56,5,1,64.52,0.363,Urban,Clear,Emergency,3.0,3.0,100.0,23.38
User_57,41,57,7,1,31.74,0.384,Highway,Fog,Sensor,2.0,5.0,25.67,23.71
User_58,41,58,0,2,140.0,0.628,Urban,Fog,Video,3.0,2.0,69.5,34.62
User_59,41,59,1,1,33.99,0.425,Highway,Clear,Emergency,2.0,1.0,95.5,19.39
User_60,41,60,3,1,17.38,0.044,Highway,Clear,Sensor,4.0,4.0,100.0,18.18
User_61,41,61,4,2,40.82,0.495,Rural,Rain,Video,2.0,6.0,100.0,27.65
User_62,41,62,4,2,65.5,0.162,Highway,Clear,Sensor,4.0,6.0,100.0,16.39
User_63,41,63,1,3,105.98,0.682,Rural,Clear,Emergency,1.0,2.0,69.5,27.41
User_64,41,64,4,0,21.17,0.92,Highway,Clear,Video,5.0,3.0,100.0,26.44
User_65,41,65,3,3,50.01,0.685,Rural,Rain,Emergency,4.0,4.0,100.0,30.78
User_66,41,66,3,3,136.61,0.664,Rural,Rain,Sensor,3.0,2.0,69.5,38.06
User_67,41,67,3,3,52.99,0.357,Highway,Clear,Text,1.0,2.0,69.5,23.94
User_68,41,68,5,3,23.01,0.513,Highway,Fog,Text,3.0,6.0,100.0,30.39
User_69,41,69,5,3,66.11,0.477,Urban,Fog,Sensor,4.0,6.0,100.0,35.14
User_70,41,70,7,1,115.47,0.865,Urban,Rain,Text,5.0,5.0,25.67,32.44
User_71,41,71,7,3,62.24,0.383,Urban,Fog,Sensor,5.0,6.0,100.0,33.61
User_72,41,72,5,3,19.4,0.609,Highway,Clear,Sensor,2.0,6.0,100.0,21.72
User_73,41,73,6,2,62.24,0.717,Highway,Fog,Text,5.0,6.0,100.0,29.62
User_74,41,74,0,0,104.16,0.012,Rural,Fog,Emergency,4.0,1.0,95.5,22.3
User_75,41,75,7,1,49.72,0.868,Urban,Fog,Sensor,2.0,5.0,25.67,35.51
User_76,41,76,1,1,74.63,0.211,Highway,Clear,Emergency,3.0,1.0,95.5,17.4
User_77,41,77,3,1,29.0,0.526,Urban,Rain,Video,2.0,1.0,95.5,34.76
User_78,41,78,7,3,45.74,0.11,Urban,Fog,Emergency,3.0,6.0,100.0,29.02
User_79,41,79,6,0,36.94,0.299,Highway,Fog,Text,4.0,3.0,100.0,22.59
User_80,41,80,1,3,99.36,0.286,Urban,Rain,Text,5.0,4.0,100.0,23.27
User_81,41,81,3,1,48.24,0.126,Urban,Clear,Emergency,3.0,1.0,95.5,24.34
User_82,41,82,7,1,48.26,0.696,Highway,Fog,Sensor,4.0,5.0,25.67,28.89
User_83,41,83,7,1,54.61,0.318,Highway,Clear,Sensor,3.0,5.0,25.67,13.41
User_84,41,84,5,1,52.28,0.136,Rural,Fog,Text,3.0,6.0,100.0,27.61
User_85,41,85,6,0,28.7,0.548,Highway,Clear,Emergency,1.0,5.0,25.67,21.08
User_86,41,86,6,0,12.41,0.941,Highway,Clear,Emergency,1.0,5.0,25.67,26.49
User_87,41,87,0,2,45.0,0.715,Rural,Fog,Text,1.0,2.0,69.5,31.08
User_88,41,88,3,1,75.49,0.578,Highway,Fog,Text,1.0,1.0,95.5,37.93
User_89,41,89,6,2,40.52,0.545,Highway,Rain,Sensor,1.0,6.0,100.0,21.39
User_90,41,90,4,0,67.21,0.237,Rural,Rain,Emergency,4.0,3.0,100.0,24.57
User_91,41,91,5,1,56.28,0.415,Highway,Clear,Video,5.0,3.0,100.0,19.91
User_92,41,92,4,2,88.84,0.809,Highway,Rain,Emergency,1.0,6.0,100.0,31.8
User_93,41,93,1,3,93.03,0.21,Highway,Fog,Text,4.0,4.0,100.0,22.94
User_94,41,94,0,2,64.44,0.774,Highway,Fog,Sensor,5.0,2.0,69.5,30.54
User_95,41,95,5,3,27.92,0.12,Highway,Fog,Emergency,5.0,6.0,100.0,24.64
User_96,41,96,6,2,28.55,0.405,Urban,Rain,Text,5.0,6.0,100.0,22.93
User_97,41,97,7,1,56.03,0.415,Urban,Rain,Video,5.0,5.0,25.67,23.91
User_98,41,98,5,1,42.1,0.503,Rural,Clear,Video,3.0,6.0,100.0,22.81
User_99,41,99,0,0,31.34,0.633,Rural,Clear,Sensor,5.0,1.0,95.5,19.44
User_100,41,100,0,2,63.4,0.926,Highway,Clear,Video,3.0,2.0,69.5,22.79
User_101,41,101,4,0,54.2,0.85,Urban,Clear,Sensor,4.0,3.0,100.0,30.38
User_102,41,102,1,1,19.14,0.378,Highway,Clear,Video,3.0,1.0,95.5,18.24
User_103,41,103,3,1,69.93,0.6,Urban,Fog,Text,4.0,4.0,100.0,42.1
User_104,41,104,2,0,57.03,0.259,Highway,Fog,Video,4.0,1.0,95.5,27.6
User_105,41,105,4,0,31.72,0.762,Highway,Fog,Emergency,5.0,3.0,100.0,34.38
User_106,41,106,1,3,50.27,0.453,Urban,Clear,Sensor,2.0,2.0,69.5,24.3
User_107,41,107,3,3,73.73,0.338,Highway,Clear,Emergency,1.0,2.0,69.5,24.28
User_108,41,108,2,2,45.4,0.802,Urban,Fog,Video,5.0,4.0,100.0,39.39
User_109,41,109,0,0,54.94,0.875,Rural,Clear,Emergency,4.0,1.0,95.5,23.77
User_110,41,110,7,3,86.05,0.402,Highway,Rain,Sensor,5.0,6.0,100.0,25.61
User_111,41,111,5,1,43.99,0.862,Highway,Fog,Text,3.0,6.0,100.0,36.25
User_112,41,112,3,3,65.07,0.697,Urban,Rain,Text,5.0,4.0,100.0,33.41
User_113,41,113,6,2,51.91,0.609,Highway,Rain,Sensor,4.0,6.0,100.0,22.69
User_114,41,114,3,1,55.09,0.486,Urban,Fog,Text,3.0,1.0,95.5,39.94
User_115,41,115,1,3,19.84,0.332,Highway,Clear,Video,4.0,4.0,100.0,12.58
User_116,41,116,4,2,74.66,0.42,Highway,Clear,Emergency,4.0,6.0,100.0,20.54
User_117,41,117,6,2,41.84,0.246,Highway,Fog,Emergency,2.0,6.0,100.0,21.95
User_118,41,118,3,3,77.6,0.448,Urban,Clear,Sensor,5.0,4.0,100.0,25.05
User_119,41,119,5,3,49.34,0.623,Urban,Clear,Emergency,4.0,6.0,100.0,26.83
User_120,41,120,1,1,108.23,0.693,Urban,Rain,Sensor,2.0,1.0,95.5,34.64
User_121,41,121,4,0,49.54,0.651,Highway,Rain,Emergency,1.0,6.0,100.0,33.25
User_122,41,122,2,2,62.3,0.558,Rural,Rain,Emergency,2.0,2.0,69.5,29.24
User_123,41,123,6,2,47.43,0.468,Highway,Fog,Emergency,1.0,5.0,25.67,30.44
User_124,41,124,0,2,87.97,0.583,Rural,Fog,Video,4.0,2.0,69.5,30.38
User_125,41,125,3,1,35.19,0.692,Highway,Fog,Emergency,5.0,4.0,100.0,38.44
User_126,41,126,4,0,45.26,0.292,Highway,Fog,Text,5.0,3.0,100.0,27.74
User_127,41,127,2,0,123.18,0.644,Urban,Fog,Video,4.0,1.0,95.5,39.36
User_128,41,128,2,0,56.79,0.237,Rural,Rain,Sensor,3.0,1.0,95.5,24.26
User_129,41,129,4,2,77.3,0.265,Rural,Fog,Video,4.0,6.0,100.0,30.29
User_130,41,130,4,0,58.24,0.912,Urban,Rain,Emergency,1.0,5.0,25.67,41.43
User_131,41,131,7,3,31.28,0.86,Rural,Rain,Sensor,4.0,6.0,100.0,32.84
User_132,41,132,7,1,52.6,0.283,Urban,Clear,Text,2.0,5.0,25.67,16.82
User_133,41,133,7,1,75.25,0.17,Rural,Fog,Text,4.0,5.0,25.67,23.81
User_134,41,134,7,1,79.48,0.886,Rural,Fog,Emergency,5.0,5.0,25.67,34.67
User_135,41,135,5,1,67.97,0.515,Urban,Rain,Video,3.0,6.0,100.0,30.76
User_136,41,136,1,1,49.83,0.172,Highway,Rain,Emergency,3.0,1.0,95.5,21.07
User_137,41,137,6,0,101.02,0.543,Urban,Fog,Emergency,4.0,3.0,100.0,32.18
User_138,41,138,2,2,28.64,0.68,Highway,Rain,Emergency,5.0,4.0,100.0,28.06
User_139,41,139,6,0,100.44,0.591,Urban,Fog,Video,1.0,5.0,25.67,37.88
User_140,41,140,5,3,87.72,0.483,Highway,Fog,Text,4.0,6.0,100.0,31.88
User_141,41,141,2,0,42.28,0.609,Urban,Clear,Sensor,1.0,1.0,95.5,26.4
User_142,41,142,3,3,73.87,0.663,Urban,Fog,Emergency,1.0,2.0,69.5,43.16
User_143,41,143,2,2,66.12,0.953,Urban,Clear,Video,4.0,4.0,100.0,32.28
User_144,41,144,1,3,134.95,0.611,Rural,Clear,Emergency,5.0,4.0,100.0,22.21
User_145,41,145,6,0,38.11,0.811,Urban,Rain,Emergency,5.0,3.0,100.0,29.31
User_146,41,146,2,2,98.56,0.3,Urban,Clear,Text,4.0,2.0,69.5,23.46
User_147,41,147,6,2,49.37,0.311,Highway,Rain,Sensor,5.0,6.0,100.0,18.15
User_148,41,148,2,2,63.85,0.869,Urban,Rain,Video,3.0,2.0,69.5,35.95
User_149,41,149,6,0,127.56,0.655,Highway,Rain,Sensor,5.0,3.0,100.0,25.65
User_150,41,150,0,0,140.0,0.367,Rural,Clear,Video,2.0,1.0,95.5,18.7
User_151,41,151,1,3,78.45,0.682,Rural,Rain,Emergency,1.0,2.0,69.5,31.58
User_152,41,152,7,1,83.66,0.353,Rural,Clear,Emergency,1.0,5.0,25.67,16.8
User_153,41,153,0,2,67.47,0.396,Rural,Fog,Emergency,5.0,2.0,69.5,26.96
User_154,41,154,7,3,46.38,0.066,Urban,Rain,Sensor,4.0,6.0,100.0,23.38
User_155,41,155,6,2,109.28,0.302,Urban,Rain,Sensor,5.0,6.0,100.0,23.81
User_156,41,156,5,3,46.21,0.289,Highway,Clear,Emergency,1.0,5.0,25.67,22.72
User_157,41,157,4,2,43.83,0.078,Urban,Clear,Text,2.0,6.0,100.0,18.48
User_158,41,158,7,1,48.99,0.538,Urban,Clear,Text,5.0,5.0,25.67,20.54
User_159,41,159,1,3,79.31,0.695,Highway,Rain,Video,4.0,2.0,69.5,29.8
User_160,41,160,5,1,93.88,0.336,Urban,Rain,Sensor,1.0,6.0,100.0,28.86
User_161,41,161,2,2,46.66,0.455,Rural,Rain,Emergency,3.0,2.0,69.5,27.22
User_162,41,162,4,2,123.87,0.804,Urban,Rain,Video,4.0,6.0,100.0,36.78
User_163,41,163,3,1,24.45,0.07,Highway,Fog,Text,4.0,1.0,95.5,28.78
User_164,41,164,5,3,22.87,0.665,Highway,Fog,Text,3.0,6.0,100.0,32.66
User_165,41,165,4,0,84.27,0.682,Rural,Rain,Text,1.0,5.0,25.67,36.76
User_166,41,166,6,2,64.8,0.727,Urban,Rain,Video,3.0,6.0,100.0,28.85
User_167,41,167,4,0,70.6,0.466,Highway,Rain,Video,3.0,6.0,100.0,31.11
User_168,41,168,1,1,61.26,0.736,Highway,Rain,Emergency,5.0,1.0,95.5,29.88
User_169,41,169,1,3,13.65,0.432,Rural,Clear,Video,1.0,2.0,69.5,20.89
User_170,41,170,6,0,32.37,0.404,Rural,Fog,Video,1.0,5.0,25.67,31.03
User_171,41,171,4,2,35.0,0.714,Rural,Rain,Emergency,2.0,6.0,100.0,30.76
User_172,41,172,3,3,80.27,0.445,Highway,Fog,Video,4.0,2.0,69.5,36.08
User_173,41,173,5,1,27.89,0.622,Urban,Fog,Video,2.0,6.0,100.0,36.17
User_174,41,174,5,1,55.85,0.034,Highway,Fog,Text,5.0,3.0,100.0,24.19
User_175,41,175,1,3,20.34,0.737,Rural,Fog,Video,2.0,2.0,69.5,35.67
User_176,41,176,4,2,69.05,0.759,Rural,Fog,Text,1.0,5.0,25.67,42.46
User_177,41,177,5,1,46.51,0.633,Urban,Clear,Sensor,2.0,3.0,100.0,26.89
User_178,41,178,1,1,37.73,0.456,Highway,Rain,Video,2.0,1.0,95.5,24.97
User_179,41,179,4,0,94.34,0.573,Highway,Rain,Video,5.0,3.0,100.0,28.43
User_180,41,180,1,3,92.4,0.697,Rural,Clear,Text,1.0,2.0,69.5,27.23
User_181,41,181,4,0,75.8,0.321,Rural,Fog,Text,2.0,6.0,100.0,36.09
User_182,41,182,5,3,44.65,0.565,Rural,Fog,Emergency,4.0,6.0,100.0,33.81
User_183,41,183,4,0,52.1,0.654,Highway,Clear,Emergency,2.0,6.0,100.0,28.37
User_184,41,184,1,3,58.97,0.297,Rural,Fog,Text,4.0,2.0,69.5,30.22
User_185,41,185,7,3,30.49,0.591,Rural,Clear,Video,2.0,6.0,100.0,23.78
User_186,41,186,5,1,21.07,0.322,Highway,Fog,Sensor,5.0,3.0,100.0,27.46
User_187,41,187,1,3,28.55,0.482,Highway,Rain,Video,1.0,2.0,69.5,25.09
User_188,41,188,4,2,39.94,0.797,Rural,Fog,Sensor,1.0,5.0,25.67,42.15
User_189,41,189,3,3,24.82,0.072,Highway,Clear,Sensor,1.0,2.0,69.5,18.82
User_190,41,190,3,3,56.08,0.798,Rural,Fog,Text,1.0,2.0,69.5,42.65
User_191,41,191,4,0,34.65,0.335,Rural,Fog,Sensor,1.0,5.0,25.67,35.06
User_192,41,192,3,3,42.05,0.472,Rural,Clear,Emergency,5.0,4.0,100.0,22.34
User_193,41,193,3,1,140.0,0.674,Urban,Clear,Text,4.0,1.0,95.5,35.31
User_194,41,194,7,1,82.91,0.868,Highway,Clear,Video,3.0,5.0,25.67,22.51
User_195,41,195,7,3,93.83,0.436,Highway,Clear,Sensor,3.0,6.0,100.0,21.35
User_196,41,196,0,2,77.21,0.63,Rural,Clear,Text,3.0,2.0,69.5,20.77
User_197,41,197,2,2,46.81,0.463,Rural,Clear,Video,3.0,2.0,69.5,22.35
User_198,41,198,4,2,44.05,0.894,Urban,Rain,Video,2.0,6.0,100.0,35.73
User_199,41,199,4,2,76.37,0.385,Rural,Fog,Sensor,3.0,6.0,100.0,32.07
User_200,41,200,1,1,33.48,0.825,Rural,Clear,Emergency,2.0,1.0,95.5,27.38
User_201,41,201,4,0,47.9,0.309,Urban,Fog,Text,4.0,3.0,100.0,32.07
User_202,41,202,7,1,28.73,0.574,Rural,Fog,Video,1.0,5.0,25.67,28.47
User_203,41,203,0,0,50.3,0.455,Urban,Clear,Video,3.0,1.0,95.5,19.33
User_204,41,204,1,3,49.21,0.287,Highway,Clear,Text,1.0,2.0,69.5,17.78
User_205,41,205,6,0,17.43,0.942,Highway,Rain,Text,5.0,3.0,100.0,26.65
User_206,41,206,6,2,63.02,0.44,Urban,Fog,Sensor,2.0,6.0,100.0,29.49
User_7,42,7,2,0,79.49,0.528,Urban,Rain,Emergency,3.0,1.0,95.5,31.3
User_8,42,8,5,3,69.55,0.416,Rural,Clear,Emergency,3.0,6.0,100.0,22.33
User_9,42,9,6,2,50.68,0.364,Rural,Fog,Sensor,5.0,6.0,100.0,25.98
User_10,42,10,6,2,34.78,0.818,Highway,Rain,Sensor,3.0,6.0,100.0,25.31
User_11,42,11,7,3,27.75,0.342,Highway,Fog,Sensor,5.0,6.0,100.0,27.96
User_12,42,12,4,0,63.73,0.264,Highway,Clear,Emergency,5.0,3.0,100.0,17.87
User_13,42,13,6,0,87.76,0.333,Rural,Clear,Video,4.0,3.0,100.0,16.63
User_14,42,14,0,0,49.69,0.198,Highway,Rain,Sensor,5.0,1.0,95.5,16.46
User_15,42,15,4,0,75.0,0.652,Rural,Fog,Text,4.0,3.0,100.0,36.03
User_16,42,16,7,1,70.0,0.695,Urban,Rain,Text,5.0,5.0,25.67,28.52
User_17,42,17,7,3,31.04,0.159,Highway,Fog,Video,1.0,6.0,100.0,25.32
User_18,42,18,7,1,45.83,0.125,Highway,Rain,Text,1.0,5.0,25.67,15.25
User_19,42,19,0,0,61.96,0.876,Rural,Clear,Emergency,4.0,1.0,95.5,24.0
User_20,42,20,7,1,108.65,0.444,Highway,Rain,Video,4.0,5.0,25.67,21.92
User_21,42,21,1,1,30.68,0.813,Rural,Clear,Video,5.0,1.0,95.5,27.12
User_22,42,22,3,1,51.05,0.741,Urban,Rain,Text,5.0,4.0,100.0,38.65
User_23,42,23,2,0,123.01,0.855,Highway,Rain,Sensor,4.0,1.0,95.5,33.52
User_24,42,24,3,1,32.93,0.578,Rural,Clear,Sensor,3.0,1.0,95.5,28.66
User_25,42,25,0,2,25.85,0.754,Urban,Clear,Video,3.0,2.0,69.5,23.09
User_26,42,26,1,3,68.26,0.809,Urban,Clear,Sensor,3.0,2.0,69.5,30.18
User_27,42,27,5,3,108.56,0.615,Urban,Rain,Video,1.0,6.0,100.0,33.48
User_28,42,28,4,0,57.64,0.179,Highway,Rain,Emergency,1.0,6.0,100.0,26.41
User_29,42,29,3,3,25.02,0.251,Highway,Fog,Emergency,4.0,4.0,100.0,26.52
User_30,42,30,1,1,62.26,0.239,Highway,Clear,Emergency,3.0,1.0,95.5,17.45
User_31,42,31,4,0,22.76,0.703,Urban,Clear,Emergency,5.0,3.0,100.0,27.23
User_32,42,32,0,2,140.0,0.74,Rural,Rain,Emergency,5.0,2.0,69.5,29.3
User_33,42,33,1,1,126.43,0.208,Highway,Clear,Video,4.0,1.0,95.5,18.91
User_34,42,34,4,0,44.89,0.249,Highway,Fog,Emergency,3.0,3.0,100.0,27.08
User_35,42,35,5,1,59.59,0.659,Urban,Clear,Text,4.0,3.0,100.0,27.67
User_36,42,36,6,0,66.84,0.229,Urban,Fog,Video,4.0,3.0,100.0,26.44
User_37,42,37,3,3,28.87,0.607,Rural,Rain,Emergency,5.0,4.0,100.0,28.97
User_38,42,38,0,2,48.47,0.884,Urban,Rain,Emergency,5.0,2.0,69.5,30.71
User_39,42,39,3,1,46.09,0.139,Rural,Rain,Sensor,2.0,1.0,95.5,27.47
User_40,42,40,3,1,68.6,0.588,Rural,Clear,Sensor,5.0,4.0,100.0,29.88
User_41,42,41,2,2,57.05,0.503,Rural,Clear,Text,5.0,4.0,100.0,23.26
User_42,42,42,7,3,75.42,0.555,Urban,Rain,Video,3.0,6.0,100.0,31.59
User_43,42,43,4,0,74.4,0.481,Highway,Rain,Video,3.0,3.0,100.0,26.45
User_44,42,44,5,3,109.22,0.505,Highway,Fog,Emergency,4.0,6.0,100.0,32.85
User_45,42,45,3,3,33.74,0.308,Rural,Rain,Emergency,2.0,2.0,69.5,29.63
User_46,42,46,6,2,61.02,0.356,Rural,Rain,Video,5.0,6.0,100.0,21.17
User_47,42,47,1,1,15.19,0.223,Urban,Clear,Emergency,4.0,1.0,95.5,19.8
User_48,42,48,7,1,71.47,0.427,Highway,Rain,Sensor,1.0,5.0,25.67,20.55
User_49,42,49,0,0,79.85,0.629,Rural,Clear,Text,4.0,1.0,95.5,20.83
User_50,42,50,5,3,51.69,0.327,Highway,Clear,Sensor,5.0,6.0,100.0,18.46
User_51,42,51,4,2,60.88,0.825,Rural,Rain,Emergency,5.0,6.0,100.0,33.2
User_52,42,52,6,2,39.63,0.206,Rural,Fog,Text,1.0,6.0,100.0,23.28
User_53,42,53,0,2,69.79,0.196,Urban,Fog,Video,4.0,2.0,69.5,26.03
User_54,42,54,7,1,64.99,0.911,Urban,Clear,Text,2.0,5.0,25.67,26.61
User_55,42,55,7,1,51.32,0.763,Highway,Clear,Emergency,1.0,5.0,25.67,19.98
User_56,42,56,5,1,64.52,0.363,Urban,Clear,Emergency,3.0,3.0,100.0,23.38
User_57,42,57,7,1,31.74,0.384,Highway,Fog,Sensor,2.0,5.0,25.67,23.71
User_58,42,58,0,2,140.0,0.628,Urban,Fog,Video,3.0,2.0,69.5,34.62
User_59,42,59,1,1,33.99,0.425,Highway,Clear,Emergency,2.0,1.0,95.5,19.39
User_60,42,60,3,1,17.38,0.044,Highway,Clear,Sensor,4.0,4.0,100.0,18.18
User_61,42,61,4,2,40.82,0.495,Rural,Rain,Video,2.0,6.0,100.0,27.65
User_62,42,62,4,2,65.5,0.162,Highway,Clear,Sensor,4.0,6.0,100.0,16.39
User_63,42,63,1,3,105.98,0.682,Rural,Clear,Emergency,1.0,2.0,69.5,27.41
User_64,42,64,4,0,21.17,0.92,Highway,Clear,Video,5.0,3.0,100.0,26.44
User_65,42,65,3,3,50.01,0.685,Rural,Rain,Emergency,4.0,4.0,100.0,30.78
User_66,42,66,3,3,136.61,0.664,Rural,Rain,Sensor,3.0,2.0,69.5,38.06
User_67,42,67,3,3,52.99,0.357,Highway,Clear,Text,1.0,2.0,69.5,23.94
User_68,42,68,5,3,23.01,0.513,Highway,Fog,Text,3.0,6.0,100.0,30.39
User_69,42,69,5,3,66.11,0.477,Urban,Fog,Sensor,4.0,6.0,100.0,35.14
User_70,42,70,7,1,115.47,0.865,Urban,Rain,Text,5.0,5.0,25.67,32.44
User_71,42,71,7,3,62.24,0.383,Urban,Fog,Sensor,5.0,6.0,100.0,33.61
User_72,42,72,5,3,19.4,0.609,Highway,Clear,Sensor,2.0,6.0,100.0,21.72
User_73,42,73,6,2,62.24,0.717,Highway,Fog,Text,5.0,6.0,100.0,29.62
User_74,42,74,0,0,104.16,0.012,Rural,Fog,Emergency,4.0,1.0,95.5,22.3
User_75,42,75,7,1,49.72,0.868,Urban,Fog,Sensor,2.0,5.0,25.67,35.51
User_76,42,76,1,1,74.63,0.211,Highway,Clear,Emergency,3.0,1.0,95.5,17.4
User_77,42,77,3,1,29.0,0.526,Urban,Rain,Video,2.0,1.0,95.5,34.76
User_78,42,78,7,3,45.74,0.11,Urban,Fog,Emergency,3.0,6.0,100.0,29.02
User_79,42,79,6,0,36.94,0.299,Highway,Fog,Text,4.0,3.0,100.0,22.59
User_80,42,80,1,3,99.36,0.286,Urban,Rain,Text,5.0,4.0,100.0,23.27
User_81,42,81,3,1,48.24,0.126,Urban,Clear,Emergency,3.0,1.0,95.5,24.34
User_82,42,82,7,1,48.26,0.696,Highway,Fog,Sensor,4.0,5.0,25.67,28.89
User_83,42,83,7,1,54.61,0.318,Highway,Clear,Sensor,3.0,5.0,25.67,13.41
User_84,42,84,5,1,52.28,0.136,Rural,Fog,Text,3.0,6.0,100.0,27.61
User_85,42,85,6,0,28.7,0.548,Highway,Clear,Emergency,1.0,5.0,25.67,21.08
User_86,42,86,6,0,12.41,0.941,Highway,Clear,Emergency,1.0,5.0,25.67,26.49
User_87,42,87,0,2,45.0,0.715,Rural,Fog,Text,1.0,2.0,69.5,31.08
User_88,42,88,3,1,75.49,0.578,Highway,Fog,Text,1.0,1.0,95.5,37.93
User_89,42,89,6,2,40.52,0.545,Highway,Rain,Sensor,1.0,6.0,100.0,21.39
User_90,42,90,4,0,67.21,0.237,Rural,Rain,Emergency,4.0,3.0,100.0,24.57
User_91,42,91,5,1,56.28,0.415,Highway,Clear,Video,5.0,3.0,100.0,19.91
User_92,42,92,4,2,88.84,0.809,Highway,Rain,Emergency,1.0,6.0,100.0,31.8
User_93,42,93,1,3,93.03,0.21,Highway,Fog,Text,4.0,4.0,100.0,22.94
User_94,42,94,0,2,64.44,0.774,Highway,Fog,Sensor,5.0,2.0,69.5,30.54
User_95,42,95,5,3,27.92,0.12,Highway,Fog,Emergency,5.0,6.0,100.0,24.64
User_96,42,96,6,2,28.55,0.405,Urban,Rain,Text,5.0,6.0,100.0,22.93
User_97,42,97,7,1,56.03,0.415,Urban,Rain,Video,5.0,5.0,25.67,23.91
User_98,42,98,5,1,42.1,0.503,Rural,Clear,Video,3.0,6.0,100.0,22.81
User_99,42,99,0,0,31.34,0.633,Rural,Clear,Sensor,5.0,1.0,95.5,19.44
User_100,42,100,0,2,63.4,0.926,Highway,Clear,Video,3.0,2.0,69.5,22.79
User_101,42,101,4,0,54.2,0.85,Urban,Clear,Sensor,4.0,3.0,100.0,30.38
User_102,42,102,1,1,19.14,0.378,Highway,Clear,Video,3.0,1.0,95.5,18.24
User_103,42,103,3,1,69.93,0.6,Urban,Fog,Text,4.0,4.0,100.0,42.1
User_104,42,104,2,0,57.03,0.259,Highway,Fog,Video,4.0,1.0,95.5,27.6
User_105,42,105,4,0,31.72,0.762,Highway,Fog,Emergency,5.0,3.0,100.0,34.38
User_106,42,106,1,3,50.27,0.453,Urban,Clear,Sensor,2.0,2.0,69.5,24.3
User_107,42,107,3,3,73.73,0.338,Highway,Clear,Emergency,1.0,2.0,69.5,24.28
User_108,42,108,2,2,45.4,0.802,Urban,Fog,Video,5.0,4.0,100.0,39.39
User_109,42,109,0,0,54.94,0.875,Rural,Clear,Emergency,4.0,1.0,95.5,23.77
User_110,42,110,7,3,86.05,0.402,Highway,Rain,Sensor,5.0,6.0,100.0,25.61
User_111,42,111,5,1,43.99,0.862,Highway,Fog,Text,3.0,6.0,100.0,36.25
User_112,42,112,3,3,65.07,0.697,Urban,Rain,Text,5.0,4.0,100.0,33.41
User_113,42,113,6,2,51.91,0.609,Highway,Rain,Sensor,4.0,6.0,100.0,22.69
User_114,42,114,3,1,55.09,0.486,Urban,Fog,Text,3.0,1.0,95.5,39.94
User_115,42,115,1,3,19.84,0.332,Highway,Clear,Video,4.0,4.0,100.0,12.58
User_116,42,116,4,2,74.66,0.42,Highway,Clear,Emergency,4.0,6.0,100.0,20.54
User_117,42,117,6,2,41.84,0.246,Highway,Fog,Emergency,2.0,6.0,100.0,21.95
User_118,42,118,3,3,77.6,0.448,Urban,Clear,Sensor,5.0,4.0,100.0,25.05
User_119,42,119,5,3,49.34,0.623,Urban,Clear,Emergency,4.0,6.0,100.0,26.83
User_120,42,120,1,1,108.23,0.693,Urban,Rain,Sensor,2.0,1.0,95.5,34.64
User_121,42,121,4,0,49.54,0.651,Highway,Rain,Emergency,1.0,6.0,100.0,33.25
User_122,42,122,2,2,62.3,0.558,Rural,Rain,Emergency,2.0,2.0,69.5,29.24
User_123,42,123,6,2,47.43,0.468,Highway,Fog,Emergency,1.0,5.0,25.67,30.44
User_124,42,124,0,2,87.97,0.583,Rural,Fog,Video,4.0,2.0,69.5,30.38
User_125,42,125,3,1,35.19,0.692,Highway,Fog,Emergency,5.0,4.0,100.0,38.44
User_126,42,126,4,0,45.26,0.292,Highway,Fog,Text,5.0,3.0,100.0,27.74
User_127,42,127,2,0,123.18,0.644,Urban,Fog,Video,4.0,1.0,95.5,39.36
User_128,42,128,2,0,56.79,0.237,Rural,Rain,Sensor,3.0,1.0,95.5,24.26
User_129,42,129,4,2,77.3,0.265,Rural,Fog,Video,4.0,6.0,100.0,30.29
User_130,42,130,4,0,58.24,0.912,Urban,Rain,Emergency,1.0,5.0,25.67,41.43
User_131,42,131,7,3,31.28,0.86,Rural,Rain,Sensor,4.0,6.0,100.0,32.84
User_132,42,132,7,1,52.6,0.283,Urban,Clear,Text,2.0,5.0,25.67,16.82
User_133,42,133,7,1,75.25,0.17,Rural,Fog,Text,4.0,5.0,25.67,23.81
User_134,42,134,7,1,79.48,0.886,Rural,Fog,Emergency,5.0,5.0,25.67,34.67
User_135,42,135,5,1,67.97,0.515,Urban,Rain,Video,3.0,6.0,100.0,30.76
User_136,42,136,1,1,49.83,0.172,Highway,Rain,Emergency,3.0,1.0,95.5,21.07
User_137,42,137,6,0,101.02,0.543,Urban,Fog,Emergency,4.0,3.0,100.0,32.18
User_138,42,138,2,2,28.64,0.68,Highway,Rain,Emergency,5.0,4.0,100.0,28.06
User_139,42,139,6,0,100.44,0.591,Urban,Fog,Video,1.0,5.0,25.67,37.88
User_140,42,140,5,3,87.72,0.483,Highway,Fog,Text,4.0,6.0,100.0,31.88
User_141,42,141,2,0,42.28,0.609,Urban,Clear,Sensor,1.0,1.0,95.5,26.4
User_142,42,142,3,3,73.87,0.663,Urban,Fog,Emergency,1.0,2.0,69.5,43.16
User_143,42,143,2,2,66.12,0.953,Urban,Clear,Video,4.0,4.0,100.0,32.28
User_144,42,144,1,3,134.95,0.611,Rural,Clear,Emergency,5.0,4.0,100.0,22.21
User_145,42,145,6,0,38.11,0.811,Urban,Rain,Emergency,5.0,3.0,100.0,29.31
User_146,42,146,2,2,98.56,0.3,Urban,Clear,Text,4.0,2.0,69.5,23.46
User_147,42,147,6,2,49.37,0.311,Highway,Rain,Sensor,5.0,6.0,100.0,18.15
User_148,42,148,2,2,63.85,0.869,Urban,Rain,Video,3.0,2.0,69.5,35.95
User_149,42,149,6,0,127.56,0.655,Highway,Rain,Sensor,5.0,3.0,100.0,25.65
User_150,42,150,0,0,140.0,0.367,Rural,Clear,Video,2.0,1.0,95.5,18.7
User_151,42,151,1,3,78.45,0.682,Rural,Rain,Emergency,1.0,2.0,69.5,31.58
User_152,42,152,7,1,83.66,0.353,Rural,Clear,Emergency,1.0,5.0,25.67,16.8
User_153,42,153,0,2,67.47,0.396,Rural,Fog,Emergency,5.0,2.0,69.5,26.96
User_154,42,154,7,3,46.38,0.066,Urban,Rain,Sensor,4.0,6.0,100.0,23.38
User_155,42,155,6,2,109.28,0.302,Urban,Rain,Sensor,5.0,6.0,100.0,23.81
User_156,42,156,5,3,46.21,0.289,Highway,Clear,Emergency,1.0,5.0,25.67,22.72
User_157,42,157,4,2,43.83,0.078,Urban,Clear,Text,2.0,6.0,100.0,18.48
User_158,42,158,7,1,48.99,0.538,Urban,Clear,Text,5.0,5.0,25.67,20.54
User_159,42,159,1,3,79.31,0.695,Highway,Rain,Video,4.0,2.0,69.5,29.8
User_160,42,160,5,1,93.88,0.336,Urban,Rain,Sensor,1.0,6.0,100.0,28.86
User_161,42,161,2,2,46.66,0.455,Rural,Rain,Emergency,3.0,2.0,69.5,27.22
User_162,42,162,4,2,123.87,0.804,Urban,Rain,Video,4.0,6.0,100.0,36.78
User_163,42,163,3,1,24.45,0.07,Highway,Fog,Text,4.0,1.0,95.5,28.78
User_164,42,164,5,3,22.87,0.665,Highway,Fog,Text,3.0,6.0,100.0,32.66
User_165,42,165,4,0,84.27,0.682,Rural,Rain,Text,1.0,5.0,25.67,36.76
User_166,42,166,6,2,64.8,0.727,Urban,Rain,Video,3.0,6.0,100.0,28.85
User_167,42,167,4,0,70.6,0.466,Highway,Rain,Video,3.0,6.0,100.0,31.11
User_168,42,168,1,1,61.26,0.736,Highway,Rain,Emergency,5.0,1.0,95.5,29.88
User_169,42,169,1,3,13.65,0.432,Rural,Clear,Video,1.0,2.0,69.5,20.89
User_170,42,170,6,0,32.37,0.404,Rural,Fog,Video,1.0,5.0,25.67,31.03
User_171,42,171,4,2,35.0,0.714,Rural,Rain,Emergency,2.0,6.0,100.0,30.76
User_172,42,172,3,3,80.27,0.445,Highway,Fog,Video,4.0,2.0,69.5,36.08
User_173,42,173,5,1,27.89,0.622,Urban,Fog,Video,2.0,6.0,100.0,36.17
User_174,42,174,5,1,55.85,0.034,Highway,Fog,Text,5.0,3.0,100.0,24.19
User_175,42,175,1,3,20.34,0.737,Rural,Fog,Video,2.0,2.0,69.5,35.67
User_176,42,176,4,2,69.05,0.759,Rural,Fog,Text,1.0,5.0,25.67,42.46
User_177,42,177,5,1,46.51,0.633,Urban,Clear,Sensor,2.0,3.0,100.0,26.89
User_178,42,178,1,1,37.73,0.456,Highway,Rain,Video,2.0,1.0,95.5,24.97
User_179,42,179,4,0,94.34,0.573,Highway,Rain,Video,5.0,3.0,100.0,28.43
User_180,42,180,1,3,92.4,0.697,Rural,Clear,Text,1.0,2.0,69.5,27.23
User_181,42,181,4,0,75.8,0.321,Rural,Fog,Text,2.0,6.0,100.0,36.09
User_182,42,182,5,3,44.65,0.565,Rural,Fog,Emergency,4.0,6.0,100.0,33.81
User_183,42,183,4,0,52.1,0.654,Highway,Clear,Emergency,2.0,6.0,100.0,28.37
User_184,42,184,1,3,58.97,0.297,Rural,Fog,Text,4.0,2.0,69.5,30.22
User_185,42,185,7,3,30.49,0.591,Rural,Clear,Video,2.0,6.0,100.0,23.78
User_186,42,186,5,1,21.07,0.322,Highway,Fog,Sensor,5.0,3.0,100.0,27.46
User_187,42,187,1,3,28.55,0.482,Highway,Rain,Video,1.0,2.0,69.5,25.09
User_188,42,188,4,2,39.94,0.797,Rural,Fog,Sensor,1.0,5.0,25.67,42.15
User_189,42,189,3,3,24.82,0.072,Highway,Clear,Sensor,1.0,2.0,69.5,18.82
User_190,42,190,3,3,56.08,0.798,Rural,Fog,Text,1.0,2.0,69.5,42.65
User_191,42,191,4,0,34.65,0.335,Rural,Fog,Sensor,1.0,5.0,25.67,35.06
User_192,42,192,3,3,42.05,0.472,Rural,Clear,Emergency,5.0,4.0,100.0,22.34
User_193,42,193,3,1,140.0,0.674,Urban,Clear,Text,4.0,1.0,95.5,35.31
User_194,42,194,7,1,82.91,0.868,Highway,Clear,Video,3.0,5.0,25.67,22.51
User_195,42,195,7,3,93.83,0.436,Highway,Clear,Sensor,3.0,6.0,100.0,21.35
User_196,42,196,0,2,77.21,0.63,Rural,Clear,Text,3.0,2.0,69.5,20.77
User_197,42,197,2,2,46.81,0.463,Rural,Clear,Video,3.0,2.0,69.5,22.35
User_198,42,198,4,2,44.05,0.894,Urban,Rain,Video,2.0,6.0,100.0,35.73
User_199,42,199,4,2,76.37,0.385,Rural,Fog,Sensor,3.0,6.0,100.0,32.07
User_200,42,200,1,1,33.48,0.825,Rural,Clear,Emergency,2.0,1.0,95.5,27.38
User_201,42,201,4,0,47.9,0.309,Urban,Fog,Text,4.0,3.0,100.0,32.07
User_202,42,202,7,1,28.73,0.574,Rural,Fog,Video,1.0,5.0,25.67,28.47
User_203,42,203,0,0,50.3,0.455,Urban,Clear,Video,3.0,1.0,95.5,19.33
User_204,42,204,1,3,49.21,0.287,Highway,Clear,Text,1.0,2.0,69.5,17.78
User_205,42,205,6,0,17.43,0.942,Highway,Rain,Text,5.0,3.0,100.0,26.65
User_206,42,206,6,2,63.02,0.44,Urban,Fog,Sensor,2.0,6.0,100.0,29.49
User_7,43,7,2,0,79.49,0.528,Urban,Rain,Emergency,3.0,1.0,95.5,31.3
User_8,43,8,5,3,69.55,0.416,Rural,Clear,Emergency,3.0,6.0,100.0,22.33
User_9,43,9,6,2,50.68,0.364,Rural,Fog,Sensor,5.0,6.0,100.0,25.98
User_10,43,10,6,2,34.78,0.818,Highway,Rain,Sensor,3.0,6.0,100.0,25.31
User_11,43,11,7,3,27.75,0.342,Highway,Fog,Sensor,5.0,6.0,100.0,27.96
User_12,43,12,4,0,63.73,0.264,Highway,Clear,Emergency,5.0,3.0,100.0,17.87
User_13,43,13,6,0,87.76,0.333,Rural,Clear,Video,4.0,3.0,100.0,16.63
User_14,43,14,0,0,49.69,0.198,Highway,Rain,Sensor,5.0,1.0,95.5,16.46
User_15,43,15,4,0,75.0,0.652,Rural,Fog,Text,4.0,3.0,100.0,36.03
User_16,43,16,7,1,70.0,0.695,Urban,Rain,Text,5.0,5.0,25.67,28.52
User_17,43,17,7,3,31.04,0.159,Highway,Fog,Video,1.0,6.0,100.0,25.32
User_18,43,18,7,1,45.83,0.125,Highway,Rain,Text,1.0,5.0,25.67,15.25
User_19,43,19,0,0,61.96,0.876,Rural,Clear,Emergency,4.0,1.0,95.5,24.0
User_20,43,20,7,1,108.65,0.444,Highway,Rain,Video,4.0,5.0,25.67,21.92
User_21,43,21,1,1,30.68,0.813,Rural,Clear,Video,5.0,1.0,95.5,27.12
User_22,43,22,3,1,51.05,0.741,Urban,Rain,Text,5.0,4.0,100.0,38.65
User_23,43,23,2,0,123.01,0.855,Highway,Rain,Sensor,4.0,1.0,95.5,33.52
User_24,43,24,3,1,32.93,0.578,Rural,Clear,Sensor,3.0,1.0,95.5,28.66
User_25,43,25,0,2,25.85,0.754,Urban,Clear,Video,3.0,2.0,69.5,23.09
User_26,43,26,1,3,68.26,0.809,Urban,Clear,Sensor,3.0,2.0,69.5,30.18
User_27,43,27,5,3,108.56,0.615,Urban,Rain,Video,1.0,6.0,100.0,33.48
User_28,43,28,4,0,57.64,0.179,Highway,Rain,Emergency,1.0,6.0,100.0,26.41
User_29,43,29,3,3,25.02,0.251,Highway,Fog,Emergency,4.0,4.0,100.0,26.52
User_30,43,30,1,1,62.26,0.239,Highway,Clear,Emergency,3.0,1.0,95.5,17.45
User_31,43,31,4,0,22.76,0.703,Urban,Clear,Emergency,5.0,3.0,100.0,27.23
User_32,43,32,0,2,140.0,0.74,Rural,Rain,Emergency,5.0,2.0,69.5,29.3
User_33,43,33,1,1,126.43,0.208,Highway,Clear,Video,4.0,1.0,95.5,18.91
User_34,43,34,4,0,44.89,0.249,Highway,Fog,Emergency,3.0,3.0,100.0,27.08
User_35,43,35,5,1,59.59,0.659,Urban,Clear,Text,4.0,3.0,100.0,27.67
User_36,43,36,6,0,66.84,0.229,Urban,Fog,Video,4.0,3.0,100.0,26.44
User_37,43,37,3,3,28.87,0.607,Rural,Rain,Emergency,5.0,4.0,100.0,28.97
User_38,43,38,0,2,48.47,0.884,Urban,Rain,Emergency,5.0,2.0,69.5,30.71
User_39,43,39,3,1,46.09,0.139,Rural,Rain,Sensor,2.0,1.0,95.5,27.47
User_40,43,40,3,1,68.6,0.588,Rural,Clear,Sensor,5.0,4.0,100.0,29.88
User_41,43,41,2,2,57.05,0.503,Rural,Clear,Text,5.0,4.0,100.0,23.26
User_42,43,42,7,3,75.42,0.555,Urban,Rain,Video,3.0,6.0,100.0,31.59
User_43,43,43,4,0,74.4,0.481,Highway,Rain,Video,3.0,3.0,100.0,26.45
User_44,43,44,5,3,109.22,0.505,Highway,Fog,Emergency,4.0,6.0,100.0,32.85
User_45,43,45,3,3,33.74,0.308,Rural,Rain,Emergency,2.0,2.0,69.5,29.63
User_46,43,46,6,2,61.02,0.356,Rural,Rain,Video,5.0,6.0,100.0,21.17
User_47,43,47,1,1,15.19,0.223,Urban,Clear,Emergency,4.0,1.0,95.5,19.8
User_48,43,48,7,1,71.47,0.427,Highway,Rain,Sensor,1.0,5.0,25.67,20.55
User_49,43,49,0,0,79.85,0.629,Rural,Clear,Text,4.0,1.0,95.5,20.83
User_50,43,50,5,3,51.69,0.327,Highway,Clear,Sensor,5.0,6.0,100.0,18.46
User_51,43,51,4,2,60.88,0.825,Rural,Rain,Emergency,5.0,6.0,100.0,33.2
User_52,43,52,6,2,39.63,0.206,Rural,Fog,Text,1.0,6.0,100.0,23.28
User_53,43,53,0,2,69.79,0.196,Urban,Fog,Video,4.0,2.0,69.5,26.03
User_54,43,54,7,1,64.99,0.911,Urban,Clear,Text,2.0,5.0,25.67,26.61
User_55,43,55,7,1,51.32,0.763,Highway,Clear,Emergency,1.0,5.0,25.67,19.98
User_56,43,56,5,1,64.52,0.363,Urban,Clear,Emergency,3.0,3.0,100.0,23.38
User_57,43,57,7,1,31.74,0.384,Highway,Fog,Sensor,2.0,5.0,25.67,23.71
User_58,43,58,0,2,140.0,0.628,Urban,Fog,Video,3.0,2.0,69.5,34.62
User_59,43,59,1,1,33.99,0.425,Highway,Clear,Emergency,2.0,1.0,95.5,19.39
User_60,43,60,3,1,17.38,0.044,Highway,Clear,Sensor,4.0,4.0,100.0,18.18
User_61,43,61,4,2,40.82,0.495,Rural,Rain,Video,2.0,6.0,100.0,27.65
User_62,43,62,4,2,65.5,0.162,Highway,Clear,Sensor,4.0,6.0,100.0,16.39
User_63,43,63,1,3,105.98,0.682,Rural,Clear,Emergency,1.0,2.0,69.5,27.41
User_64,43,64,4,0,21.17,0.92,Highway,Clear,Video,5.0,3.0,100.0,26.44
User_65,43,65,3,3,50.01,0.685,Rural,Rain,Emergency,4.0,4.0,100.0,30.78
User_66,43,66,3,3,136.61,0.664,Rural,Rain,Sensor,3.0,2.0,69.5,38.06
User_67,43,67,3,3,52.99,0.357,Highway,Clear,Text,1.0,2.0,69.5,23.94
User_68,43,68,5,3,23.01,0.513,Highway,Fog,Text,3.0,6.0,100.0,30.39
User_69,43,69,5,3,66.11,0.477,Urban,Fog,Sensor,4.0,6.0,100.0,35.14
User_70,43,70,7,1,115.47,0.865,Urban,Rain,Text,5.0,5.0,25.67,32.44
User_71,43,71,7,3,62.24,0.383,Urban,Fog,Sensor,5.0,6.0,100.0,33.61
User_72,43,72,5,3,19.4,0.609,Highway,Clear,Sensor,2.0,6.0,100.0,21.72
User_73,43,73,6,2,62.24,0.717,Highway,Fog,Text,5.0,6.0,100.0,29.62
User_74,43,74,0,0,104.16,0.012,Rural,Fog,Emergency,4.0,1.0,95.5,22.3
User_75,43,75,7,1,49.72,0.868,Urban,Fog,Sensor,2.0,5.0,25.67,35.51
User_76,43,76,1,1,74.63,0.211,Highway,Clear,Emergency,3.0,1.0,95.5,17.4
User_77,43,77,3,1,29.0,0.526,Urban,Rain,Video,2.0,1.0,95.5,34.76
User_78,43,78,7,3,45.74,0.11,Urban,Fog,Emergency,3.0,6.0,100.0,29.02
User_79,43,79,6,0,36.94,0.299,Highway,Fog,Text,4.0,3.0,100.0,22.59
User_80,43,80,1,3,99.36,0.286,Urban,Rain,Text,5.0,4.0,100.0,23.27
User_81,43,81,3,1,48.24,0.126,Urban,Clear,Emergency,3.0,1.0,95.5,24.34
User_82,43,82,7,1,48.26,0.696,Highway,Fog,Sensor,4.0,5.0,25.67,28.89
User_83,43,83,7,1,54.61,0.318,Highway,Clear,Sensor,3.0,5.0,25.67,13.41
User_84,43,84,5,1,52.28,0.136,Rural,Fog,Text,3.0,6.0,100.0,27.61
User_85,43,85,6,0,28.7,0.548,Highway,Clear,Emergency,1.0,5.0,25.67,21.08
User_86,43,86,6,0,12.41,0.941,Highway,Clear,Emergency,1.0,5.0,25.67,26.49
User_87,43,87,0,2,45.0,0.715,Rural,Fog,Text,1.0,2.0,69.5,31.08
User_88,43,88,3,1,75.49,0.578,Highway,Fog,Text,1.0,1.0,95.5,37.93
User_89,43,89,6,2,40.52,0.545,Highway,Rain,Sensor,1.0,6.0,100.0,21.39
User_90,43,90,4,0,67.21,0.237,Rural,Rain,Emergency,4.0,3.0,100.0,24.57
User_91,43,91,5,1,56.28,0.415,Highway,Clear,Video,5.0,3.0,100.0,19.91
User_92,43,92,4,2,88.84,0.809,Highway,Rain,Emergency,1.0,6.0,100.0,31.8
User_93,43,93,1,3,93.03,0.21,Highway,Fog,Text,4.0,4.0,100.0,22.94
User_94,43,94,0,2,64.44,0.774,Highway,Fog,Sensor,5.0,2.0,69.5,30.54
User_95,43,95,5,3,27.92,0.12,Highway,Fog,Emergency,5.0,6.0,100.0,24.64
User_96,43,96,6,2,28.55,0.405,Urban,Rain,Text,5.0,6.0,100.0,22.93
User_97,43,97,7,1,56.03,0.415,Urban,Rain,Video,5.0,5.0,25.67,23.91
User_98,43,98,5,1,42.1,0.503,Rural,Clear,Video,3.0,6.0,100.0,22.81
User_99,43,99,0,0,31.34,0.633,Rural,Clear,Sensor,5.0,1.0,95.5,19.44
User_100,43,100,0,2,63.4,0.926,Highway,Clear,Video,3.0,2.0,69.5,22.79
User_101,43,101,4,0,54.2,0.85,Urban,Clear,Sensor,4.0,3.0,100.0,30.38
User_102,43,102,1,1,19.14,0.378,Highway,Clear,Video,3.0,1.0,95.5,18.24
User_103,43,103,3,1,69.93,0.6,Urban,Fog,Text,4.0,4.0,100.0,42.1
User_104,43,104,2,0,57.03,0.259,Highway,Fog,Video,4.0,1.0,95.5,27.6
User_105,43,105,4,0,31.72,0.762,Highway,Fog,Emergency,5.0,3.0,100.0,34.38
User_106,43,106,1,3,50.27,0.453,Urban,Clear,Sensor,2.0,2.0,69.5,24.3
User_107,43,107,3,3,73.73,0.338,Highway,Clear,Emergency,1.0,2.0,69.5,24.28
User_108,43,108,2,2,45.4,0.802,Urban,Fog,Video,5.0,4.0,100.0,39.39
User_109,43,109,0,0,54.94,0.875,Rural,Clear,Emergency,4.0,1.0,95.5,23.77
User_110,43,110,7,3,86.05,0.402,Highway,Rain,Sensor,5.0,6.0,100.0,25.61
User_111,43,111,5,1,43.99,0.862,Highway,Fog,Text,3.0,6.0,100.0,36.25
User_112,43,112,3,3,65.07,0.697,Urban,Rain,Text,5.0,4.0,100.0,33.41
User_113,43,113,6,2,51.91,0.609,Highway,Rain,Sensor,4.0,6.0,100.0,22.69
User_114,43,114,3,1,55.09,0.486,Urban,Fog,Text,3.0,1.0,95.5,39.94
User_115,43,115,1,3,19.84,0.332,Highway,Clear,Video,4.0,4.0,100.0,12.58
User_116,43,116,4,2,74.66,0.42,Highway,Clear,Emergency,4.0,6.0,100.0,20.54
User_117,43,117,6,2,41.84,0.246,Highway,Fog,Emergency,2.0,6.0,100.0,21.95
User_118,43,118,3,3,77.6,0.448,Urban,Clear,Sensor,5.0,4.0,100.0,25.05
User_119,43,119,5,3,49.34,0.623,Urban,Clear,Emergency,4.0,6.0,100.0,26.83
User_120,43,120,1,1,108.23,0.693,Urban,Rain,Sensor,2.0,1.0,95.5,34.64
User_121,43,121,4,0,49.54,0.651,Highway,Rain,Emergency,1.0,6.0,100.0,33.25
User_122,43,122,2,2,62.3,0.558,Rural,Rain,Emergency,2.0,2.0,69.5,29.24
User_123,43,123,6,2,47.43,0.468,Highway,Fog,Emergency,1.0,5.0,25.67,30.44
User_124,43,124,0,2,87.97,0.583,Rural,Fog,Video,4.0,2.0,69.5,30.38
User_125,43,125,3,1,35.19,0.692,Highway,Fog,Emergency,5.0,4.0,100.0,38.44
User_126,43,126,4,0,45.26,0.292,Highway,Fog,Text,5.0,3.0,100.0,27.74
User_127,43,127,2,0,123.18,0.644,Urban,Fog,Video,4.0,1.0,95.5,39.36
User_128,43,128,2,0,56.79,0.237,Rural,Rain,Sensor,3.0,1.0,95.5,24.26
User_129,43,129,4,2,77.3,0.265,Rural,Fog,Video,4.0,6.0,100.0,30.29
User_130,43,130,4,0,58.24,0.912,Urban,Rain,Emergency,1.0,5.0,25.67,41.43
User_131,43,131,7,3,31.28,0.86,Rural,Rain,Sensor,4.0,6.0,100.0,32.84
User_132,43,132,7,1,52.6,0.283,Urban,Clear,Text,2.0,5.0,25.67,16.82
User_133,43,133,7,1,75.25,0.17,Rural,Fog,Text,4.0,5.0,25.67,23.81
User_134,43,134,7,1,79.48,0.886,Rural,Fog,Emergency,5.0,5.0,25.67,34.67
User_135,43,135,5,1,67.97,0.515,Urban,Rain,Video,3.0,6.0,100.0,30.76
User_136,43,136,1,1,49.83,0.172,Highway,Rain,Emergency,3.0,1.0,95.5,21.07
User_137,43,137,6,0,101.02,0.543,Urban,Fog,Emergency,4.0,3.0,100.0,32.18
User_138,43,138,2,2,28.64,0.68,Highway,Rain,Emergency,5.0,4.0,100.0,28.06
User_139,43,139,6,0,100.44,0.591,Urban,Fog,Video,1.0,5.0,25.67,37.88
User_140,43,140,5,3,87.72,0.483,Highway,Fog,Text,4.0,6.0,100.0,31.88
User_141,43,141,2,0,42.28,0.609,Urban,Clear,Sensor,1.0,1.0,95.5,26.4
User_142,43,142,3,3,73.87,0.663,Urban,Fog,Emergency,1.0,2.0,69.5,43.16
User_143,43,143,2,2,66.12,0.953,Urban,Clear,Video,4.0,4.0,100.0,32.28
User_144,43,144,1,3,134.95,0.611,Rural,Clear,Emergency,5.0,4.0,100.0,22.21
User_145,43,145,6,0,38.11,0.811,Urban,Rain,Emergency,5.0,3.0,100.0,29.31
User_146,43,146,2,2,98.56,0.3,Urban,Clear,Text,4.0,2.0,69.5,23.46
User_147,43,147,6,2,49.37,0.311,Highway,Rain,Sensor,5.0,6.0,100.0,18.15
User_148,43,148,2,2,63.85,0.869,Urban,Rain,Video,3.0,2.0,69.5,35.95
User_149,43,149,6,0,127.56,0.655,Highway,Rain,Sensor,5.0,3.0,100.0,25.65
User_150,43,150,0,0,140.0,0.367,Rural,Clear,Video,2.0,1.0,95.5,18.7
User_151,43,151,1,3,78.45,0.682,Rural,Rain,Emergency,1.0,2.0,69.5,31.58
User_152,43,152,7,1,83.66,0.353,Rural,Clear,Emergency,1.0,5.0,25.67,16.8
User_153,43,153,0,2,67.47,0.396,Rural,Fog,Emergency,5.0,2.0,69.5,26.96
User_154,43,154,7,3,46.38,0.066,Urban,Rain,Sensor,4.0,6.0,100.0,23.38
User_155,43,155,6,2,109.28,0.302,Urban,Rain,Sensor,5.0,6.0,100.0,23.81
User_156,43,156,5,3,46.21,0.289,Highway,Clear,Emergency,1.0,5.0,25.67,22.72
User_157,43,157,4,2,43.83,0.078,Urban,Clear,Text,2.0,6.0,100.0,18.48
User_158,43,158,7,1,48.99,0.538,Urban,Clear,Text,5.0,5.0,25.67,20.54
User_159,43,159,1,3,79.31,0.695,Highway,Rain,Video,4.0,2.0,69.5,29.8
User_160,43,160,5,1,93.88,0.336,Urban,Rain,Sensor,1.0,6.0,100.0,28.86
User_161,43,161,2,2,46.66,0.455,Rural,Rain,Emergency,3.0,2.0,69.5,27.22
User_162,43,162,4,2,123.87,0.804,Urban,Rain,Video,4.0,6.0,100.0,36.78
User_163,43,163,3,1,24.45,0.07,Highway,Fog,Text,4.0,1.0,95.5,28.78
User_164,43,164,5,3,22.87,0.665,Highway,Fog,Text,3.0,6.0,100.0,32.66
User_165,43,165,4,0,84.27,0.682,Rural,Rain,Text,1.0,5.0,25.67,36.76
User_166,43,166,6,2,64.8,0.727,Urban,Rain,Video,3.0,6.0,100.0,28.85
User_167,43,167,4,0,70.6,0.466,Highway,Rain,Video,3.0,6.0,100.0,31.11
User_168,43,168,1,1,61.26,0.736,Highway,Rain,Emergency,5.0,1.0,95.5,29.88
User_169,43,169,1,3,13.65,0.432,Rural,Clear,Video,1.0,2.0,69.5,20.89
User_170,43,170,6,0,32.37,0.404,Rural,Fog,Video,1.0,5.0,25.67,31.03
User_171,43,171,4,2,35.0,0.714,Rural,Rain,Emergency,2.0,6.0,100.0,30.76
User_172,43,172,3,3,80.27,0.445,Highway,Fog,Video,4.0,2.0,69.5,36.08
User_173,43,173,5,1,27.89,0.622,Urban,Fog,Video,2.0,6.0,100.0,36.17
User_174,43,174,5,1,55.85,0.034,Highway,Fog,Text,5.0,3.0,100.0,24.19
User_175,43,175,1,3,20.34,0.737,Rural,Fog,Video,2.0,2.0,69.5,35.67
User_176,43,176,4,2,69.05,0.759,Rural,Fog,Text,1.0,5.0,25.67,42.46
User_177,43,177,5,1,46.51,0.633,Urban,Clear,Sensor,2.0,3.0,100.0,26.89
User_178,43,178,1,1,37.73,0.456,Highway,Rain,Video,2.0,1.0,95.5,24.97
User_179,43,179,4,0,94.34,0.573,Highway,Rain,Video,5.0,3.0,100.0,28.43
User_180,43,180,1,3,92.4,0.697,Rural,Clear,Text,1.0,2.0,69.5,27.23
User_181,43,181,4,0,75.8,0.321,Rural,Fog,Text,2.0,6.0,100.0,36.09
User_182,43,182,5,3,44.65,0.565,Rural,Fog,Emergency,4.0,6.0,100.0,33.81
User_183,43,183,4,0,52.1,0.654,Highway,Clear,Emergency,2.0,6.0,100.0,28.37
User_184,43,184,1,3,58.97,0.297,Rural,Fog,Text,4.0,2.0,69.5,30.22
User_185,43,185,7,3,30.49,0.591,Rural,Clear,Video,2.0,6.0,100.0,23.78
User_186,43,186,5,1,21.07,0.322,Highway,Fog,Sensor,5.0,3.0,100.0,27.46
User_187,43,187,1,3,28.55,0.482,Highway,Rain,Video,1.0,2.0,69.5,25.09
User_188,43,188,4,2,39.94,0.797,Rural,Fog,Sensor,1.0,5.0,25.67,42.15
User_189,43,189,3,3,24.82,0.072,Highway,Clear,Sensor,1.0,2.0,69.5,18.82
User_190,43,190,3,3,56.08,0.798,Rural,Fog,Text,1.0,2.0,69.5,42.65
User_191,43,191,4,0,34.65,0.335,Rural,Fog,Sensor,1.0,5.0,25.67,35.06
User_192,43,192,3,3,42.05,0.472,Rural,Clear,Emergency,5.0,4.0,100.0,22.34
User_193,43,193,3,1,140.0,0.674,Urban,Clear,Text,4.0,1.0,95.5,35.31
User_194,43,194,7,1,82.91,0.868,Highway,Clear,Video,3.0,5.0,25.67,22.51
User_195,43,195,7,3,93.83,0.436,Highway,Clear,Sensor,3.0,6.0,100.0,21.35
User_196,43,196,0,2,77.21,0.63,Rural,Clear,Text,3.0,2.0,69.5,20.77
User_197,43,197,2,2,46.81,0.463,Rural,Clear,Video,3.0,2.0,69.5,22.35
User_198,43,198,4,2,44.05,0.894,Urban,Rain,Video,2.0,6.0,100.0,35.73
User_199,43,199,4,2,76.37,0.385,Rural,Fog,Sensor,3.0,6.0,100.0,32.07
User_200,43,200,1,1,33.48,0.825,Rural,Clear,Emergency,2.0,1.0,95.5,27.38
User_201,43,201,4,0,47.9,0.309,Urban,Fog,Text,4.0,3.0,100.0,32.07
User_202,43,202,7,1,28.73,0.574,Rural,Fog,Video,1.0,5.0,25.67,28.47
User_203,43,203,0,0,50.3,0.455,Urban,Clear,Video,3.0,1.0,95.5,19.33
User_204,43,204,1,3,49.21,0.287,Highway,Clear,Text,1.0,2.0,69.5,17.78
User_205,43,205,6,0,17.43,0.942,Highway,Rain,Text,5.0,3.0,100.0,26.65
User_206,43,206,6,2,63.02,0.44,Urban,Fog,Sensor,2.0,6.0,100.0,29.49
User_7,44,7,2,0,79.49,0.528,Urban,Rain,Emergency,3.0,1.0,95.5,31.3
User_8,44,8,5,3,69.55,0.416,Rural,Clear,Emergency,3.0,6.0,100.0,22.33
User_9,44,9,6,2,50.68,0.364,Rural,Fog,Sensor,5.0,6.0,100.0,25.98
User_10,44,10,6,2,34.78,0.818,Highway,Rain,Sensor,3.0,6.0,100.0,25.31
User_11,44,11,7,3,27.75,0.342,Highway,Fog,Sensor,5.0,6.0,100.0,27.96
User_12,44,12,4,0,63.73,0.264,Highway,Clear,Emergency,5.0,3.0,100.0,17.87
User_13,44,13,6,0,87.76,0.333,Rural,Clear,Video,4.0,3.0,100.0,16.63
User_14,44,14,0,0,49.69,0.198,Highway,Rain,Sensor,5.0,1.0,95.5,16.46
User_15,44,15,4,0,75.0,0.652,Rural,Fog,Text,4.0,3.0,100.0,36.03
User_16,44,16,7,1,70.0,0.695,Urban,Rain,Text,5.0,5.0,25.67,28.52
User_17,44,17,7,3,31.04,0.159,Highway,Fog,Video,1.0,6.0,100.0,25.32
User_18,44,18,7,1,45.83,0.125,Highway,Rain,Text,1.0,5.0,25.67,15.25
User_19,44,19,0,0,61.96,0.876,Rural,Clear,Emergency,4.0,1.0,95.5,24.0
User_20,44,20,7,1,108.65,0.444,Highway,Rain,Video,4.0,5.0,25.67,21.92
User_21,44,21,1,1,30.68,0.813,Rural,Clear,Video,5.0,1.0,95.5,27.12
User_22,44,22,3,1,51.05,0.741,Urban,Rain,Text,5.0,4.0,100.0,38.65
User_23,44,23,2,0,123.01,0.855,Highway,Rain,Sensor,4.0,1.0,95.5,33.52
User_24,44,24,3,1,32.93,0.578,Rural,Clear,Sensor,3.0,1.0,95.5,28.66
User_25,44,25,0,2,25.85,0.754,Urban,Clear,Video,3.0,2.0,69.5,23.09
User_26,44,26,1,3,68.26,0.809,Urban,Clear,Sensor,3.0,2.0,69.5,30.18
User_27,44,27,5,3,108.56,0.615,Urban,Rain,Video,1.0,6.0,100.0,33.48
User_28,44,28,4,0,57.64,0.179,Highway,Rain,Emergency,1.0,6.0,100.0,26.41
User_29,44,29,3,3,25.02,0.251,Highway,Fog,Emergency,4.0,4.0,100.0,26.52
User_30,44,30,1,1,62.26,0.239,Highway,Clear,Emergency,3.0,1.0,95.5,17.45
User_31,44,31,4,0,22.76,0.703,Urban,Clear,Emergency,5.0,3.0,100.0,27.23
User_32,44,32,0,2,140.0,0.74,Rural,Rain,Emergency,5.0,2.0,69.5,29.3
User_33,44,33,1,1,126.43,0.208,Highway,Clear,Video,4.0,1.0,95.5,18.91
User_34,44,34,4,0,44.89,0.249,Highway,Fog,Emergency,3.0,3.0,100.0,27.08
User_35,44,35,5,1,59.59,0.659,Urban,Clear,Text,4.0,3.0,100.0,27.67
User_36,44,36,6,0,66.84,0.229,Urban,Fog,Video,4.0,3.0,100.0,26.44
User_37,44,37,3,3,28.87,0.607,Rural,Rain,Emergency,5.0,4.0,100.0,28.97
User_38,44,38,0,2,48.47,0.884,Urban,Rain,Emergency,5.0,2.0,69.5,30.71
User_39,44,39,3,1,46.09,0.139,Rural,Rain,Sensor,2.0,1.0,95.5,27.47
User_40,44,40,3,1,68.6,0.588,Rural,Clear,Sensor,5.0,4.0,100.0,29.88
User_41,44,41,2,2,57.05,0.503,Rural,Clear,Text,5.0,4.0,100.0,23.26
User_42,44,42,7,3,75.42,0.555,Urban,Rain,Video,3.0,6.0,100.0,31.59
User_43,44,43,4,0,74.4,0.481,Highway,Rain,Video,3.0,3.0,100.0,26.45
User_44,44,44,5,3,109.22,0.505,Highway,Fog,Emergency,4.0,6.0,100.0,32.85
User_45,44,45,3,3,33.74,0.308,Rural,Rain,Emergency,2.0,2.0,69.5,29.63
User_46,44,46,6,2,61.02,0.356,Rural,Rain,Video,5.0,6.0,100.0,21.17
User_47,44,47,1,1,15.19,0.223,Urban,Clear,Emergency,4.0,1.0,95.5,19.8
User_48,44,48,7,1,71.47,0.427,Highway,Rain,Sensor,1.0,5.0,25.67,20.55
User_49,44,49,0,0,79.85,0.629,Rural,Clear,Text,4.0,1.0,95.5,20.83
User_50,44,50,5,3,51.69,0.327,Highway,Clear,Sensor,5.0,6.0,100.0,18.46
User_51,44,51,4,2,60.88,0.825,Rural,Rain,Emergency,5.0,6.0,100.0,33.2
User_52,44,52,6,2,39.63,0.206,Rural,Fog,Text,1.0,6.0,100.0,23.28
User_53,44,53,0,2,69.79,0.196,Urban,Fog,Video,4.0,2.0,69.5,26.03
User_54,44,54,7,1,64.99,0.911,Urban,Clear,Text,2.0,5.0,25.67,26.61
User_55,44,55,7,1,51.32,0.763,Highway,Clear,Emergency,1.0,5.0,25.67,19.98
User_56,44,56,5,1,64.52,0.363,Urban,Clear,Emergency,3.0,3.0,100.0,23.38
User_57,44,57,7,1,31.74,0.384,Highway,Fog,Sensor,2.0,5.0,25.67,23.71
User_58,44,58,0,2,140.0,0.628,Urban,Fog,Video,3.0,2.0,69.5,34.62
User_59,44,59,1,1,33.99,0.425,Highway,Clear,Emergency,2.0,1.0,95.5,19.39
User_60,44,60,3,1,17.38,0.044,Highway,Clear,Sensor,4.0,4.0,100.0,18.18
User_61,44,61,4,2,40.82,0.495,Rural,Rain,Video,2.0,6.0,100.0,27.65
User_62,44,62,4,2,65.5,0.162,Highway,Clear,Sensor,4.0,6.0,100.0,16.39
User_63,44,63,1,3,105.98,0.682,Rural,Clear,Emergency,1.0,2.0,69.5,27.41
User_64,44,64,4,0,21.17,0.92,Highway,Clear,Video,5.0,3.0,100.0,26.44
User_65,44,65,3,3,50.01,0.685,Rural,Rain,Emergency,4.0,4.0,100.0,30.78
User_66,44,66,3,3,136.61,0.664,Rural,Rain,Sensor,3.0,2.0,69.5,38.06
User_67,44,67,3,3,52.99,0.357,Highway,Clear,Text,1.0,2.0,69.5,23.94
User_68,44,68,5,3,23.01,0.513,Highway,Fog,Text,3.0,6.0,100.0,30.39
User_69,44,69,5,3,66.11,0.477,Urban,Fog,Sensor,4.0,6.0,100.0,35.14
User_70,44,70,7,1,115.47,0.865,Urban,Rain,Text,5.0,5.0,25.67,32.44
User_71,44,71,7,3,62.24,0.383,Urban,Fog,Sensor,5.0,6.0,100.0,33.61
User_72,44,72,5,3,19.4,0.609,Highway,Clear,Sensor,2.0,6.0,100.0,21.72
User_73,44,73,6,2,62.24,0.717,Highway,Fog,Text,5.0,6.0,100.0,29.62
User_74,44,74,0,0,104.16,0.012,Rural,Fog,Emergency,4.0,1.0,95.5,22.3
User_75,44,75,7,1,49.72,0.868,Urban,Fog,Sensor,2.0,5.0,25.67,35.51
User_76,44,76,1,1,74.63,0.211,Highway,Clear,Emergency,3.0,1.0,95.5,17.4
User_77,44,77,3,1,29.0,0.526,Urban,Rain,Video,2.0,1.0,95.5,34.76
User_78,44,78,7,3,45.74,0.11,Urban,Fog,Emergency,3.0,6.0,100.0,29.02
User_79,44,79,6,0,36.94,0.299,Highway,Fog,Text,4.0,3.0,100.0,22.59
User_80,44,80,1,3,99.36,0.286,Urban,Rain,Text,5.0,4.0,100.0,23.27
User_81,44,81,3,1,48.24,0.126,Urban,Clear,Emergency,3.0,1.0,95.5,24.34
User_82,44,82,7,1,48.26,0.696,Highway,Fog,Sensor,4.0,5.0,25.67,28.89
User_83,44,83,7,1,54.61,0.318,Highway,Clear,Sensor,3.0,5.0,25.67,13.41
User_84,44,84,5,1,52.28,0.136,Rural,Fog,Text,3.0,6.0,100.0,27.61
User_85,44,85,6,0,28.7,0.548,Highway,Clear,Emergency,1.0,5.0,25.67,21.08
User_86,44,86,6,0,12.41,0.941,Highway,Clear,Emergency,1.0,5.0,25.67,26.49
User_87,44,87,0,2,45.0,0.715,Rural,Fog,Text,1.0,2.0,69.5,31.08
User_88,44,88,3,1,75.49,0.578,Highway,Fog,Text,1.0,1.0,95.5,37.93
User_89,44,89,6,2,40.52,0.545,Highway,Rain,Sensor,1.0,6.0,100.0,21.39
User_90,44,90,4,0,67.21,0.237,Rural,Rain,Emergency,4.0,3.0,100.0,24.57
User_91,44,91,5,1,56.28,0.415,Highway,Clear,Video,5.0,3.0,100.0,19.91
User_92,44,92,4,2,88.84,0.809,Highway,Rain,Emergency,1.0,6.0,100.0,31.8
User_93,44,93,1,3,93.03,0.21,Highway,Fog,Text,4.0,4.0,100.0,22.94
User_94,44,94,0,2,64.44,0.774,Highway,Fog,Sensor,5.0,2.0,69.5,30.54
User_95,44,95,5,3,27.92,0.12,Highway,Fog,Emergency,5.0,6.0,100.0,24.64
User_96,44,96,6,2,28.55,0.405,Urban,Rain,Text,5.0,6.0,100.0,22.93
User_97,44,97,7,1,56.03,0.415,Urban,Rain,Video,5.0,5.0,25.67,23.91
User_98,44,98,5,1,42.1,0.503,Rural,Clear,Video,3.0,6.0,100.0,22.81
User_99,44,99,0,0,31.34,0.633,Rural,Clear,Sensor,5.0,1.0,95.5,19.44
User_100,44,100,0,2,63.4,0.926,Highway,Clear,Video,3.0,2.0,69.5,22.79
User_101,44,101,4,0,54.2,0.85,Urban,Clear,Sensor,4.0,3.0,100.0,30.38
User_102,44,102,1,1,19.14,0.378,Highway,Clear,Video,3.0,1.0,95.5,18.24
User_103,44,103,3,1,69.93,0.6,Urban,Fog,Text,4.0,4.0,100.0,42.1
User_104,44,104,2,0,57.03,0.259,Highway,Fog,Video,4.0,1.0,95.5,27.6
User_105,44,105,4,0,31.72,0.762,Highway,Fog,Emergency,5.0,3.0,100.0,34.38
User_106,44,106,1,3,50.27,0.453,Urban,Clear,Sensor,2.0,2.0,69.5,24.3
User_107,44,107,3,3,73.73,0.338,Highway,Clear,Emergency,1.0,2.0,69.5,24.28
User_108,44,108,2,2,45.4,0.802,Urban,Fog,Video,5.0,4.0,100.0,39.39
User_109,44,109,0,0,54.94,0.875,Rural,Clear,Emergency,4.0,1.0,95.5,23.77
User_110,44,110,7,3,86.05,0.402,Highway,Rain,Sensor,5.0,6.0,100.0,25.61
User_111,44,111,5,1,43.99,0.862,Highway,Fog,Text,3.0,6.0,100.0,36.25
User_112,44,112,3,3,65.07,0.697,Urban,Rain,Text,5.0,4.0,100.0,33.41
User_113,44,113,6,2,51.91,0.609,Highway,Rain,Sensor,4.0,6.0,100.0,22.69
User_114,44,114,3,1,55.09,0.486,Urban,Fog,Text,3.0,1.0,95.5,39.94
User_115,44,115,1,3,19.84,0.332,Highway,Clear,Video,4.0,4.0,100.0,12.58
User_116,44,116,4,2,74.66,0.42,Highway,Clear,Emergency,4.0,6.0,100.0,20.54
User_117,44,117,6,2,41.84,0.246,Highway,Fog,Emergency,2.0,6.0,100.0,21.95
User_118,44,118,3,3,77.6,0.448,Urban,Clear,Sensor,5.0,4.0,100.0,25.05
User_119,44,119,5,3,49.34,0.623,Urban,Clear,Emergency,4.0,6.0,100.0,26.83
User_120,44,120,1,1,108.23,0.693,Urban,Rain,Sensor,2.0,1.0,95.5,34.64
User_121,44,121,4,0,49.54,0.651,Highway,Rain,Emergency,1.0,6.0,100.0,33.25
User_122,44,122,2,2,62.3,0.558,Rural,Rain,Emergency,2.0,2.0,69.5,29.24
User_123,44,123,6,2,47.43,0.468,Highway,Fog,Emergency,1.0,5.0,25.67,30.44
User_124,44,124,0,2,87.97,0.583,Rural,Fog,Video,4.0,2.0,69.5,30.38
User_125,44,125,3,1,35.19,0.692,Highway,Fog,Emergency,5.0,4.0,100.0,38.44
User_126,44,126,4,0,45.26,0.292,Highway,Fog,Text,5.0,3.0,100.0,27.74
User_127,44,127,2,0,123.18,0.644,Urban,Fog,Video,4.0,1.0,95.5,39.36
User_128,44,128,2,0,56.79,0.237,Rural,Rain,Sensor,3.0,1.0,95.5,24.26
User_129,44,129,4,2,77.3,0.265,Rural,Fog,Video,4.0,6.0,100.0,30.29
User_130,44,130,4,0,58.24,0.912,Urban,Rain,Emergency,1.0,5.0,25.67,41.43
User_131,44,131,7,3,31.28,0.86,Rural,Rain,Sensor,4.0,6.0,100.0,32.84
User_132,44,132,7,1,52.6,0.283,Urban,Clear,Text,2.0,5.0,25.67,16.82
User_133,44,133,7,1,75.25,0.17,Rural,Fog,Text,4.0,5.0,25.67,23.81
User_134,44,134,7,1,79.48,0.886,Rural,Fog,Emergency,5.0,5.0,25.67,34.67
User_135,44,135,5,1,67.97,0.515,Urban,Rain,Video,3.0,6.0,100.0,30.76
User_136,44,136,1,1,49.83,0.172,Highway,Rain,Emergency,3.0,1.0,95.5,21.07
User_137,44,137,6,0,101.02,0.543,Urban,Fog,Emergency,4.0,3.0,100.0,32.18
User_138,44,138,2,2,28.64,0.68,Highway,Rain,Emergency,5.0,4.0,100.0,28.06
User_139,44,139,6,0,100.44,0.591,Urban,Fog,Video,1.0,5.0,25.67,37.88
User_140,44,140,5,3,87.72,0.483,Highway,Fog,Text,4.0,6.0,100.0,31.88
User_141,44,141,2,0,42.28,0.609,Urban,Clear,Sensor,1.0,1.0,95.5,26.4
User_142,44,142,3,3,73.87,0.663,Urban,Fog,Emergency,1.0,2.0,69.5,43.16
User_143,44,143,2,2,66.12,0.953,Urban,Clear,Video,4.0,4.0,100.0,32.28
User_144,44,144,1,3,134.95,0.611,Rural,Clear,Emergency,5.0,4.0,100.0,22.21
User_145,44,145,6,0,38.11,0.811,Urban,Rain,Emergency,5.0,3.0,100.0,29.31
User_146,44,146,2,2,98.56,0.3,Urban,Clear,Text,4.0,2.0,69.5,23.46
User_147,44,147,6,2,49.37,0.311,Highway,Rain,Sensor,5.0,6.0,100.0,18.15
User_148,44,148,2,2,63.85,0.869,Urban,Rain,Video,3.0,2.0,69.5,35.95
User_149,44,149,6,0,127.56,0.655,Highway,Rain,Sensor,5.0,3.0,100.0,25.65
User_150,44,150,0,0,140.0,0.367,Rural,Clear,Video,2.0,1.0,95.5,18.7
User_151,44,151,1,3,78.45,0.682,Rural,Rain,Emergency,1.0,2.0,69.5,31.58
User_152,44,152,7,1,83.66,0.353,Rural,Clear,Emergency,1.0,5.0,25.67,16.8
User_153,44,153,0,2,67.47,0.396,Rural,Fog,Emergency,5.0,2.0,69.5,26.96
User_154,44,154,7,3,46.38,0.066,Urban,Rain,Sensor,4.0,6.0,100.0,23.38
User_155,44,155,6,2,109.28,0.302,Urban,Rain,Sensor,5.0,6.0,100.0,23.81
User_156,44,156,5,3,46.21,0.289,Highway,Clear,Emergency,1.0,5.0,25.67,22.72
User_157,44,157,4,2,43.83,0.078,Urban,Clear,Text,2.0,6.0,100.0,18.48
User_158,44,158,7,1,48.99,0.538,Urban,Clear,Text,5.0,5.0,25.67,20.54
User_159,44,159,1,3,79.31,0.695,Highway,Rain,Video,4.0,2.0,69.5,29.8
User_160,44,160,5,1,93.88,0.336,Urban,Rain,Sensor,1.0,6.0,100.0,28.86
User_161,44,161,2,2,46.66,0.455,Rural,Rain,Emergency,3.0,2.0,69.5,27.22
User_162,44,162,4,2,123.87,0.804,Urban,Rain,Video,4.0,6.0,100.0,36.78
User_163,44,163,3,1,24.45,0.07,Highway,Fog,Text,4.0,1.0,95.5,28.78
User_164,44,164,5,3,22.87,0.665,Highway,Fog,Text,3.0,6.0,100.0,32.66
User_165,44,165,4,0,84.27,0.682,Rural,Rain,Text,1.0,5.0,25.67,36.76
User_166,44,166,6,2,64.8,0.727,Urban,Rain,Video,3.0,6.0,100.0,28.85
User_167,44,167,4,0,70.6,0.466,Highway,Rain,Video,3.0,6.0,100.0,31.11
User_168,44,168,1,1,61.26,0.736,Highway,Rain,Emergency,5.0,1.0,95.5,29.88
User_169,44,169,1,3,13.65,0.432,Rural,Clear,Video,1.0,2.0,69.5,20.89
User_170,44,170,6,0,32.37,0.404,Rural,Fog,Video,1.0,5.0,25.67,31.03
User_171,44,171,4,2,35.0,0.714,Rural,Rain,Emergency,2.0,6.0,100.0,30.76
User_172,44,172,3,3,80.27,0.445,Highway,Fog,Video,4.0,2.0,69.5,36.08
User_173,44,173,5,1,27.89,0.622,Urban,Fog,Video,2.0,6.0,100.0,36.17
User_174,44,174,5,1,55.85,0.034,Highway,Fog,Text,5.0,3.0,100.0,24.19
User_175,44,175,1,3,20.34,0.737,Rural,Fog,Video,2.0,2.0,69.5,35.67
User_176,44,176,4,2,69.05,0.759,Rural,Fog,Text,1.0,5.0,25.67,42.46
User_177,44,177,5,1,46.51,0.633,Urban,Clear,Sensor,2.0,3.0,100.0,26.89
User_178,44,178,1,1,37.73,0.456,Highway,Rain,Video,2.0,1.0,95.5,24.97
User_179,44,179,4,0,94.34,0.573,Highway,Rain,Video,5.0,3.0,100.0,28.43
User_180,44,180,1,3,92.4,0.697,Rural,Clear,Text,1.0,2.0,69.5,27.23
User_181,44,181,4,0,75.8,0.321,Rural,Fog,Text,2.0,6.0,100.0,36.09
User_182,44,182,5,3,44.65,0.565,Rural,Fog,Emergency,4.0,6.0,100.0,33.81
User_183,44,183,4,0,52.1,0.654,Highway,Clear,Emergency,2.0,6.0,100.0,28.37
User_184,44,184,1,3,58.97,0.297,Rural,Fog,Text,4.0,2.0,69.5,30.22
User_185,44,185,7,3,30.49,0.591,Rural,Clear,Video,2.0,6.0,100.0,23.78
User_186,44,186,5,1,21.07,0.322,Highway,Fog,Sensor,5.0,3.0,100.0,27.46
User_187,44,187,1,3,28.55,0.482,Highway,Rain,Video,1.0,2.0,69.5,25.09
User_188,44,188,4,2,39.94,0.797,Rural,Fog,Sensor,1.0,5.0,25.67,42.15
User_189,44,189,3,3,24.82,0.072,Highway,Clear,Sensor,1.0,2.0,69.5,18.82
User_190,44,190,3,3,56.08,0.798,Rural,Fog,Text,1.0,2.0,69.5,42.65
User_191,44,191,4,0,34.65,0.335,Rural,Fog,Sensor,1.0,5.0,25.67,35.06
User_192,44,192,3,3,42.05,0.472,Rural,Clear,Emergency,5.0,4.0,100.0,22.34
User_193,44,193,3,1,140.0,0.674,Urban,Clear,Text,4.0,1.0,95.5,35.31
User_194,44,194,7,1,82.91,0.868,Highway,Clear,Video,3.0,5.0,25.67,22.51
User_195,44,195,7,3,93.83,0.436,Highway,Clear,Sensor,3.0,6.0,100.0,21.35
User_196,44,196,0,2,77.21,0.63,Rural,Clear,Text,3.0,2.0,69.5,20.77
User_197,44,197,2,2,46.81,0.463,Rural,Clear,Video,3.0,2.0,69.5,22.35
User_198,44,198,4,2,44.05,0.894,Urban,Rain,Video,2.0,6.0,100.0,35.73
User_199,44,199,4,2,76.37,0.385,Rural,Fog,Sensor,3.0,6.0,100.0,32.07
User_200,44,200,1,1,33.48,0.825,Rural,Clear,Emergency,2.0,1.0,95.5,27.38
User_201,44,201,4,0,47.9,0.309,Urban,Fog,Text,4.0,3.0,100.0,32.07
User_202,44,202,7,1,28.73,0.574,Rural,Fog,Video,1.0,5.0,25.67,28.47
User_203,44,203,0,0,50.3,0.455,Urban,Clear,Video,3.0,1.0,95.5,19.33
User_204,44,204,1,3,49.21,0.287,Highway,Clear,Text,1.0,2.0,69.5,17.78
User_205,44,205,6,0,17.43,0.942,Highway,Rain,Text,5.0,3.0,100.0,26.65
User_206,44,206,6,2,63.02,0.44,Urban,Fog,Sensor,2.0,6.0,100.0,29.49
User_7,45,7,2,0,79.49,0.528,Urban,Rain,Emergency,3.0,1.0,95.5,31.3
User_8,45,8,5,3,69.55,0.416,Rural,Clear,Emergency,3.0,6.0,100.0,22.33
User_9,45,9,6,2,50.68,0.364,Rural,Fog,Sensor,5.0,6.0,100.0,25.98
User_10,45,10,6,2,34.78,0.818,Highway,Rain,Sensor,3.0,6.0,100.0,25.31
User_11,45,11,7,3,27.75,0.342,Highway,Fog,Sensor,5.0,6.0,100.0,27.96
User_12,45,12,4,0,63.73,0.264,Highway,Clear,Emergency,5.0,3.0,100.0,17.87
User_13,45,13,6,0,87.76,0.333,Rural,Clear,Video,4.0,3.0,100.0,16.63
User_14,45,14,0,0,49.69,0.198,Highway,Rain,Sensor,5.0,1.0,95.5,16.46
User_15,45,15,4,0,75.0,0.652,Rural,Fog,Text,4.0,3.0,100.0,36.03
User_16,45,16,7,1,70.0,0.695,Urban,Rain,Text,5.0,5.0,25.67,28.52
User_17,45,17,7,3,31.04,0.159,Highway,Fog,Video,1.0,6.0,100.0,25.32
User_18,45,18,7,1,45.83,0.125,Highway,Rain,Text,1.0,5.0,25.67,15.25
User_19,45,19,0,0,61.96,0.876,Rural,Clear,Emergency,4.0,1.0,95.5,24.0
User_20,45,20,7,1,108.65,0.444,Highway,Rain,Video,4.0,5.0,25.67,21.92
User_21,45,21,1,1,30.68,0.813,Rural,Clear,Video,5.0,1.0,95.5,27.12
User_22,45,22,3,1,51.05,0.741,Urban,Rain,Text,5.0,4.0,100.0,38.65
User_23,45,23,2,0,123.01,0.855,Highway,Rain,Sensor,4.0,1.0,95.5,33.52
User_24,45,24,3,1,32.93,0.578,Rural,Clear,Sensor,3.0,1.0,95.5,28.66
User_25,45,25,0,2,25.85,0.754,Urban,Clear,Video,3.0,2.0,69.5,23.09
User_26,45,26,1,3,68.26,0.809,Urban,Clear,Sensor,3.0,2.0,69.5,30.18
User_27,45,27,5,3,108.56,0.615,Urban,Rain,Video,1.0,6.0,100.0,33.48
User_28,45,28,4,0,57.64,0.179,Highway,Rain,Emergency,1.0,6.0,100.0,26.41
User_29,45,29,3,3,25.02,0.251,Highway,Fog,Emergency,4.0,4.0,100.0,26.52
User_30,45,30,1,1,62.26,0.239,Highway,Clear,Emergency,3.0,1.0,95.5,17.45
User_31,45,31,4,0,22.76,0.703,Urban,Clear,Emergency,5.0,3.0,100.0,27.23
User_32,45,32,0,2,140.0,0.74,Rural,Rain,Emergency,5.0,2.0,69.5,29.3
User_33,45,33,1,1,126.43,0.208,Highway,Clear,Video,4.0,1.0,95.5,18.91
User_34,45,34,4,0,44.89,0.249,Highway,Fog,Emergency,3.0,3.0,100.0,27.08
User_35,45,35,5,1,59.59,0.659,Urban,Clear,Text,4.0,3.0,100.0,27.67
User_36,45,36,6,0,66.84,0.229,Urban,Fog,Video,4.0,3.0,100.0,26.44
User_37,45,37,3,3,28.87,0.607,Rural,Rain,Emergency,5.0,4.0,100.0,28.97
User_38,45,38,0,2,48.47,0.884,Urban,Rain,Emergency,5.0,2.0,69.5,30.71
User_39,45,39,3,1,46.09,0.139,Rural,Rain,Sensor,2.0,1.0,95.5,27.47
User_40,45,40,3,1,68.6,0.588,Rural,Clear,Sensor,5.0,4.0,100.0,29.88
User_41,45,41,2,2,57.05,0.503,Rural,Clear,Text,5.0,4.0,100.0,23.26
User_42,45,42,7,3,75.42,0.555,Urban,Rain,Video,3.0,6.0,100.0,31.59
User_43,45,43,4,0,74.4,0.481,Highway,Rain,Video,3.0,3.0,100.0,26.45
User_44,45,44,5,3,109.22,0.505,Highway,Fog,Emergency,4.0,6.0,100.0,32.85
User_45,45,45,3,3,33.74,0.308,Rural,Rain,Emergency,2.0,2.0,69.5,29.63
User_46,45,46,6,2,61.02,0.356,Rural,Rain,Video,5.0,6.0,100.0,21.17
User_47,45,47,1,1,15.19,0.223,Urban,Clear,Emergency,4.0,1.0,95.5,19.8
User_48,45,48,7,1,71.47,0.427,Highway,Rain,Sensor,1.0,5.0,25.67,20.55
User_49,45,49,0,0,79.85,0.629,Rural,Clear,Text,4.0,1.0,95.5,20.83
User_50,45,50,5,3,51.69,0.327,Highway,Clear,Sensor,5.0,6.0,100.0,18.46
User_51,45,51,4,2,60.88,0.825,Rural,Rain,Emergency,5.0,6.0,100.0,33.2
User_52,45,52,6,2,39.63,0.206,Rural,Fog,Text,1.0,6.0,100.0,23.28
User_53,45,53,0,2,69.79,0.196,Urban,Fog,Video,4.0,2.0,69.5,26.03
User_54,45,54,7,1,64.99,0.911,Urban,Clear,Text,2.0,5.0,25.67,26.61
User_55,45,55,7,1,51.32,0.763,Highway,Clear,Emergency,1.0,5.0,25.67,19.98
User_56,45,56,5,1,64.52,0.363,Urban,Clear,Emergency,3.0,3.0,100.0,23.38
User_57,45,57,7,1,31.74,0.384,Highway,Fog,Sensor,2.0,5.0,25.67,23.71
User_58,45,58,0,2,140.0,0.628,Urban,Fog,Video,3.0,2.0,69.5,34.62
User_59,45,59,1,1,33.99,0.425,Highway,Clear,Emergency,2.0,1.0,95.5,19.39
User_60,45,60,3,1,17.38,0.044,Highway,Clear,Sensor,4.0,4.0,100.0,18.18
User_61,45,61,4,2,40.82,0.495,Rural,Rain,Video,2.0,6.0,100.0,27.65
User_62,45,62,4,2,65.5,0.162,Highway,Clear,Sensor,4.0,6.0,100.0,16.39
User_63,45,63,1,3,105.98,0.682,Rural,Clear,Emergency,1.0,2.0,69.5,27.41
User_64,45,64,4,0,21.17,0.92,Highway,Clear,Video,5.0,3.0,100.0,26.44
User_65,45,65,3,3,50.01,0.685,Rural,Rain,Emergency,4.0,4.0,100.0,30.78
User_66,45,66,3,3,136.61,0.664,Rural,Rain,Sensor,3.0,2.0,69.5,38.06
User_67,45,67,3,3,52.99,0.357,Highway,Clear,Text,1.0,2.0,69.5,23.94
User_68,45,68,5,3,23.01,0.513,Highway,Fog,Text,3.0,6.0,100.0,30.39
User_69,45,69,5,3,66.11,0.477,Urban,Fog,Sensor,4.0,6.0,100.0,35.14
User_70,45,70,7,1,115.47,0.865,Urban,Rain,Text,5.0,5.0,25.67,32.44
User_71,45,71,7,3,62.24,0.383,Urban,Fog,Sensor,5.0,6.0,100.0,33.61
User_72,45,72,5,3,19.4,0.609,Highway,Clear,Sensor,2.0,6.0,100.0,21.72
User_73,45,73,6,2,62.24,0.717,Highway,Fog,Text,5.0,6.0,100.0,29.62
User_74,45,74,0,0,104.16,0.012,Rural,Fog,Emergency,4.0,1.0,95.5,22.3
User_75,45,75,7,1,49.72,0.868,Urban,Fog,Sensor,2.0,5.0,25.67,35.51
User_76,45,76,1,1,74.63,0.211,Highway,Clear,Emergency,3.0,1.0,95.5,17.4
User_77,45,77,3,1,29.0,0.526,Urban,Rain,Video,2.0,1.0,95.5,34.76
User_78,45,78,7,3,45.74,0.11,Urban,Fog,Emergency,3.0,6.0,100.0,29.02
User_79,45,79,6,0,36.94,0.299,Highway,Fog,Text,4.0,3.0,100.0,22.59
User_80,45,80,1,3,99.36,0.286,Urban,Rain,Text,5.0,4.0,100.0,23.27
User_81,45,81,3,1,48.24,0.126,Urban,Clear,Emergency,3.0,1.0,95.5,24.34
User_82,45,82,7,1,48.26,0.696,Highway,Fog,Sensor,4.0,5.0,25.67,28.89
User_83,45,83,7,1,54.61,0.318,Highway,Clear,Sensor,3.0,5.0,25.67,13.41
User_84,45,84,5,1,52.28,0.136,Rural,Fog,Text,3.0,6.0,100.0,27.61
User_85,45,85,6,0,28.7,0.548,Highway,Clear,Emergency,1.0,5.0,25.67,21.08
User_86,45,86,6,0,12.41,0.941,Highway,Clear,Emergency,1.0,5.0,25.67,26.49
User_87,45,87,0,2,45.0,0.715,Rural,Fog,Text,1.0,2.0,69.5,31.08
User_88,45,88,3,1,75.49,0.578,Highway,Fog,Text,1.0,1.0,95.5,37.93
User_89,45,89,6,2,40.52,0.545,Highway,Rain,Sensor,1.0,6.0,100.0,21.39
User_90,45,90,4,0,67.21,0.237,Rural,Rain,Emergency,4.0,3.0,100.0,24.57
User_91,45,91,5,1,56.28,0.415,Highway,Clear,Video,5.0,3.0,100.0,19.91
User_92,45,92,4,2,88.84,0.809,Highway,Rain,Emergency,1.0,6.0,100.0,31.8
User_93,45,93,1,3,93.03,0.21,Highway,Fog,Text,4.0,4.0,100.0,22.94
User_94,45,94,0,2,64.44,0.774,Highway,Fog,Sensor,5.0,2.0,69.5,30.54
User_95,45,95,5,3,27.92,0.12,Highway,Fog,Emergency,5.0,6.0,100.0,24.64
User_96,45,96,6,2,28.55,0.405,Urban,Rain,Text,5.0,6.0,100.0,22.93
User_97,45,97,7,1,56.03,0.415,Urban,Rain,Video,5.0,5.0,25.67,23.91
User_98,45,98,5,1,42.1,0.503,Rural,Clear,Video,3.0,6.0,100.0,22.81
User_99,45,99,0,0,31.34,0.633,Rural,Clear,Sensor,5.0,1.0,95.5,19.44
User_100,45,100,0,2,63.4,0.926,Highway,Clear,Video,3.0,2.0,69.5,22.79
User_101,45,101,4,0,54.2,0.85,Urban,Clear,Sensor,4.0,3.0,100.0,30.38
User_102,45,102,1,1,19.14,0.378,Highway,Clear,Video,3.0,1.0,95.5,18.24
User_103,45,103,3,1,69.93,0.6,Urban,Fog,Text,4.0,4.0,100.0,42.1
User_104,45,104,2,0,57.03,0.259,Highway,Fog,Video,4.0,1.0,95.5,27.6
User_105,45,105,4,0,31.72,0.762,Highway,Fog,Emergency,5.0,3.0,100.0,34.38
User_106,45,106,1,3,50.27,0.453,Urban,Clear,Sensor,2.0,2.0,69.5,24.3
User_107,45,107,3,3,73.73,0.338,Highway,Clear,Emergency,1.0,2.0,69.5,24.28
User_108,45,108,2,2,45.4,0.802,Urban,Fog,Video,5.0,4.0,100.0,39.39
User_109,45,109,0,0,54.94,0.875,Rural,Clear,Emergency,4.0,1.0,95.5,23.77
User_110,45,110,7,3,86.05,0.402,Highway,Rain,Sensor,5.0,6.0,100.0,25.61
User_111,45,111,5,1,43.99,0.862,Highway,Fog,Text,3.0,6.0,100.0,36.25
User_112,45,112,3,3,65.07,0.697,Urban,Rain,Text,5.0,4.0,100.0,33.41
User_113,45,113,6,2,51.91,0.609,Highway,Rain,Sensor,4.0,6.0,100.0,22.69
User_114,45,114,3,1,55.09,0.486,Urban,Fog,Text,3.0,1.0,95.5,39.94
User_115,45,115,1,3,19.84,0.332,Highway,Clear,Video,4.0,4.0,100.0,12.58
User_116,45,116,4,2,74.66,0.42,Highway,Clear,Emergency,4.0,6.0,100.0,20.54
User_117,45,117,6,2,41.84,0.246,Highway,Fog,Emergency,2.0,6.0,100.0,21.95
User_118,45,118,3,3,77.6,0.448,Urban,Clear,Sensor,5.0,4.0,100.0,25.05
User_119,45,119,5,3,49.34,0.623,Urban,Clear,Emergency,4.0,6.0,100.0,26.83
User_120,45,120,1,1,108.23,0.693,Urban,Rain,Sensor,2.0,1.0,95.5,34.64
User_121,45,121,4,0,49.54,0.651,Highway,Rain,Emergency,1.0,6.0,100.0,33.25
User_122,45,122,2,2,62.3,0.558,Rural,Rain,Emergency,2.0,2.0,69.5,29.24
User_123,45,123,6,2,47.43,0.468,Highway,Fog,Emergency,1.0,5.0,25.67,30.44
User_124,45,124,0,2,87.97,0.583,Rural,Fog,Video,4.0,2.0,69.5,30.38
User_125,45,125,3,1,35.19,0.692,Highway,Fog,Emergency,5.0,4.0,100.0,38.44
User_126,45,126,4,0,45.26,0.292,Highway,Fog,Text,5.0,3.0,100.0,27.74
User_127,45,127,2,0,123.18,0.644,Urban,Fog,Video,4.0,1.0,95.5,39.36
User_128,45,128,2,0,56.79,0.237,Rural,Rain,Sensor,3.0,1.0,95.5,24.26
User_129,45,129,4,2,77.3,0.265,Rural,Fog,Video,4.0,6.0,100.0,30.29
User_130,45,130,4,0,58.24,0.912,Urban,Rain,Emergency,1.0,5.0,25.67,41.43
User_131,45,131,7,3,31.28,0.86,Rural,Rain,Sensor,4.0,6.0,100.0,32.84
User_132,45,132,7,1,52.6,0.283,Urban,Clear,Text,2.0,5.0,25.67,16.82
User_133,45,133,7,1,75.25,0.17,Rural,Fog,Text,4.0,5.0,25.67,23.81
User_134,45,134,7,1,79.48,0.886,Rural,Fog,Emergency,5.0,5.0,25.67,34.67
User_135,45,135,5,1,67.97,0.515,Urban,Rain,Video,3.0,6.0,100.0,30.76
User_136,45,136,1,1,49.83,0.172,Highway,Rain,Emergency,3.0,1.0,95.5,21.07
User_137,45,137,6,0,101.02,0.543,Urban,Fog,Emergency,4.0,3.0,100.0,32.18
User_138,45,138,2,2,28.64,0.68,Highway,Rain,Emergency,5.0,4.0,100.0,28.06
User_139,45,139,6,0,100.44,0.591,Urban,Fog,Video,1.0,5.0,25.67,37.88
User_140,45,140,5,3,87.72,0.483,Highway,Fog,Text,4.0,6.0,100.0,31.88
User_141,45,141,2,0,42.28,0.609,Urban,Clear,Sensor,1.0,1.0,95.5,26.4
User_142,45,142,3,3,73.87,0.663,Urban,Fog,Emergency,1.0,2.0,69.5,43.16
User_143,45,143,2,2,66.12,0.953,Urban,Clear,Video,4.0,4.0,100.0,32.28
User_144,45,144,1,3,134.95,0.611,Rural,Clear,Emergency,5.0,4.0,100.0,22.21
User_145,45,145,6,0,38.11,0.811,Urban,Rain,Emergency,5.0,3.0,100.0,29.31
User_146,45,146,2,2,98.56,0.3,Urban,Clear,Text,4.0,2.0,69.5,23.46
User_147,45,147,6,2,49.37,0.311,Highway,Rain,Sensor,5.0,6.0,100.0,18.15
User_148,45,148,2,2,63.85,0.869,Urban,Rain,Video,3.0,2.0,69.5,35.95
User_149,45,149,6,0,127.56,0.655,Highway,Rain,Sensor,5.0,3.0,100.0,25.65
User_150,45,150,0,0,140.0,0.367,Rural,Clear,Video,2.0,1.0,95.5,18.7
User_151,45,151,1,3,78.45,0.682,Rural,Rain,Emergency,1.0,2.0,69.5,31.58
User_152,45,152,7,1,83.66,0.353,Rural,Clear,Emergency,1.0,5.0,25.67,16.8
User_153,45,153,0,2,67.47,0.396,Rural,Fog,Emergency,5.0,2.0,69.5,26.96
User_154,45,154,7,3,46.38,0.066,Urban,Rain,Sensor,4.0,6.0,100.0,23.38
User_155,45,155,6,2,109.28,0.302,Urban,Rain,Sensor,5.0,6.0,100.0,23.81
User_156,45,156,5,3,46.21,0.289,Highway,Clear,Emergency,1.0,5.0,25.67,22.72
User_157,45,157,4,2,43.83,0.078,Urban,Clear,Text,2.0,6.0,100.0,18.48
User_158,45,158,7,1,48.99,0.538,Urban,Clear,Text,5.0,5.0,25.67,20.54
User_159,45,159,1,3,79.31,0.695,Highway,Rain,Video,4.0,2.0,69.5,29.8
User_160,45,160,5,1,93.88,0.336,Urban,Rain,Sensor,1.0,6.0,100.0,28.86
User_161,45,161,2,2,46.66,0.455,Rural,Rain,Emergency,3.0,2.0,69.5,27.22
User_162,45,162,4,2,123.87,0.804,Urban,Rain,Video,4.0,6.0,100.0,36.78
User_163,45,163,3,1,24.45,0.07,Highway,Fog,Text,4.0,1.0,95.5,28.78
User_164,45,164,5,3,22.87,0.665,Highway,Fog,Text,3.0,6.0,100.0,32.66
User_165,45,165,4,0,84.27,0.682,Rural,Rain,Text,1.0,5.0,25.67,36.76
User_166,45,166,6,2,64.8,0.727,Urban,Rain,Video,3.0,6.0,100.0,28.85
User_167,45,167,4,0,70.6,0.466,Highway,Rain,Video,3.0,6.0,100.0,31.11
User_168,45,168,1,1,61.26,0.736,Highway,Rain,Emergency,5.0,1.0,95.5,29.88
User_169,45,169,1,3,13.65,0.432,Rural,Clear,Video,1.0,2.0,69.5,20.89
User_170,45,170,6,0,32.37,0.404,Rural,Fog,Video,1.0,5.0,25.67,31.03
User_171,45,171,4,2,35.0,0.714,Rural,Rain,Emergency,2.0,6.0,100.0,30.76
User_172,45,172,3,3,80.27,0.445,Highway,Fog,Video,4.0,2.0,69.5,36.08
User_173,45,173,5,1,27.89,0.622,Urban,Fog,Video,2.0,6.0,100.0,36.17
User_174,45,174,5,1,55.85,0.034,Highway,Fog,Text,5.0,3.0,100.0,24.19
User_175,45,175,1,3,20.34,0.737,Rural,Fog,Video,2.0,2.0,69.5,35.67
User_176,45,176,4,2,69.05,0.759,Rural,Fog,Text,1.0,5.0,25.67,42.46
User_177,45,177,5,1,46.51,0.633,Urban,Clear,Sensor,2.0,3.0,100.0,26.89
User_178,45,178,1,1,37.73,0.456,Highway,Rain,Video,2.0,1.0,95.5,24.97
User_179,45,179,4,0,94.34,0.573,Highway,Rain,Video,5.0,3.0,100.0,28.43
User_180,45,180,1,3,92.4,0.697,Rural,Clear,Text,1.0,2.0,69.5,27.23
User_181,45,181,4,0,75.8,0.321,Rural,Fog,Text,2.0,6.0,100.0,36.09
User_182,45,182,5,3,44.65,0.565,Rural,Fog,Emergency,4.0,6.0,100.0,33.81
User_183,45,183,4,0,52.1,0.654,Highway,Clear,Emergency,2.0,6.0,100.0,28.37
User_184,45,184,1,3,58.97,0.297,Rural,Fog,Text,4.0,2.0,69.5,30.22
User_185,45,185,7,3,30.49,0.591,Rural,Clear,Video,2.0,6.0,100.0,23.78
User_186,45,186,5,1,21.07,0.322,Highway,Fog,Sensor,5.0,3.0,100.0,27.46
User_187,45,187,1,3,28.55,0.482,Highway,Rain,Video,1.0,2.0,69.5,25.09
User_188,45,188,4,2,39.94,0.797,Rural,Fog,Sensor,1.0,5.0,25.67,42.15
User_189,45,189,3,3,24.82,0.072,Highway,Clear,Sensor,1.0,2.0,69.5,18.82
User_190,45,190,3,3,56.08,0.798,Rural,Fog,Text,1.0,2.0,69.5,42.65
User_191,45,191,4,0,34.65,0.335,Rural,Fog,Sensor,1.0,5.0,25.67,35.06
User_192,45,192,3,3,42.05,0.472,Rural,Clear,Emergency,5.0,4.0,100.0,22.34
User_193,45,193,3,1,140.0,0.674,Urban,Clear,Text,4.0,1.0,95.5,35.31
User_194,45,194,7,1,82.91,0.868,Highway,Clear,Video,3.0,5.0,25.67,22.51
User_195,45,195,7,3,93.83,0.436,Highway,Clear,Sensor,3.0,6.0,100.0,21.35
User_196,45,196,0,2,77.21,0.63,Rural,Clear,Text,3.0,2.0,69.5,20.77
User_197,45,197,2,2,46.81,0.463,Rural,Clear,Video,3.0,2.0,69.5,22.35
User_198,45,198,4,2,44.05,0.894,Urban,Rain,Video,2.0,6.0,100.0,35.73
User_199,45,199,4,2,76.37,0.385,Rural,Fog,Sensor,3.0,6.0,100.0,32.07
User_200,45,200,1,1,33.48,0.825,Rural,Clear,Emergency,2.0,1.0,95.5,27.38
User_201,45,201,4,0,47.9,0.309,Urban,Fog,Text,4.0,3.0,100.0,32.07
User_202,45,202,7,1,28.73,0.574,Rural,Fog,Video,1.0,5.0,25.67,28.47
User_203,45,203,0,0,50.3,0.455,Urban,Clear,Video,3.0,1.0,95.5,19.33
User_204,45,204,1,3,49.21,0.287,Highway,Clear,Text,1.0,2.0,69.5,17.78
User_205,45,205,6,0,17.43,0.942,Highway,Rain,Text,5.0,3.0,100.0,26.65
User_206,45,206,6,2,63.02,0.44,Urban,Fog,Sensor,2.0,6.0,100.0,29.49
User_7,46,7,2,0,79.49,0.528,Urban,Rain,Emergency,3.0,1.0,95.5,31.3
User_8,46,8,5,3,69.55,0.416,Rural,Clear,Emergency,3.0,6.0,100.0,22.33
User_9,46,9,6,2,50.68,0.364,Rural,Fog,Sensor,5.0,6.0,100.0,25.98
User_10,46,10,6,2,34.78,0.818,Highway,Rain,Sensor,3.0,6.0,100.0,25.31
User_11,46,11,7,3,27.75,0.342,Highway,Fog,Sensor,5.0,6.0,100.0,27.96
User_12,46,12,4,0,63.73,0.264,Highway,Clear,Emergency,5.0,3.0,100.0,17.87
User_13,46,13,6,0,87.76,0.333,Rural,Clear,Video,4.0,3.0,100.0,16.63
User_14,46,14,0,0,49.69,0.198,Highway,Rain,Sensor,5.0,1.0,95.5,16.46
User_15,46,15,4,0,75.0,0.652,Rural,Fog,Text,4.0,3.0,100.0,36.03
User_16,46,16,7,1,70.0,0.695,Urban,Rain,Text,5.0,5.0,25.67,28.52
User_17,46,17,7,3,31.04,0.159,Highway,Fog,Video,1.0,6.0,100.0,25.32
User_18,46,18,7,1,45.83,0.125,Highway,Rain,Text,1.0,5.0,25.67,15.25
User_19,46,19,0,0,61.96,0.876,Rural,Clear,Emergency,4.0,1.0,95.5,24.0
User_20,46,20,7,1,108.65,0.444,Highway,Rain,Video,4.0,5.0,25.67,21.92
User_21,46,21,1,1,30.68,0.813,Rural,Clear,Video,5.0,1.0,95.5,27.12
User_22,46,22,3,1,51.05,0.741,Urban,Rain,Text,5.0,4.0,100.0,38.65
User_23,46,23,2,0,123.01,0.855,Highway,Rain,Sensor,4.0,1.0,95.5,33.52
User_24,46,24,3,1,32.93,0.578,Rural,Clear,Sensor,3.0,1.0,95.5,28.66
User_25,46,25,0,2,25.85,0.754,Urban,Clear,Video,3.0,2.0,69.5,23.09
User_26,46,26,1,3,68.26,0.809,Urban,Clear,Sensor,3.0,2.0,69.5,30.18
User_27,46,27,5,3,108.56,0.615,Urban,Rain,Video,1.0,6.0,100.0,33.48
User_28,46,28,4,0,57.64,0.179,Highway,Rain,Emergency,1.0,6.0,100.0,26.41
User_29,46,29,3,3,25.02,0.251,Highway,Fog,Emergency,4.0,4.0,100.0,26.52
User_30,46,30,1,1,62.26,0.239,Highway,Clear,Emergency,3.0,1.0,95.5,17.45
User_31,46,31,4,0,22.76,0.703,Urban,Clear,Emergency,5.0,3.0,100.0,27.23
User_32,46,32,0,2,140.0,0.74,Rural,Rain,Emergency,5.0,2.0,69.5,29.3
User_33,46,33,1,1,126.43,0.208,Highway,Clear,Video,4.0,1.0,95.5,18.91
User_34,46,34,4,0,44.89,0.249,Highway,Fog,Emergency,3.0,3.0,100.0,27.08
User_35,46,35,5,1,59.59,0.659,Urban,Clear,Text,4.0,3.0,100.0,27.67
User_36,46,36,6,0,66.84,0.229,Urban,Fog,Video,4.0,3.0,100.0,26.44
User_37,46,37,3,3,28.87,0.607,Rural,Rain,Emergency,5.0,4.0,100.0,28.97
User_38,46,38,0,2,48.47,0.884,Urban,Rain,Emergency,5.0,2.0,69.5,30.71
User_39,46,39,3,1,46.09,0.139,Rural,Rain,Sensor,2.0,1.0,95.5,27.47
User_40,46,40,3,1,68.6,0.588,Rural,Clear,Sensor,5.0,4.0,100.0,29.88
User_41,46,41,2,2,57.05,0.503,Rural,Clear,Text,5.0,4.0,100.0,23.26
User_42,46,42,7,3,75.42,0.555,Urban,Rain,Video,3.0,6.0,100.0,31.59
User_43,46,43,4,0,74.4,0.481,Highway,Rain,Video,3.0,3.0,100.0,26.45
User_44,46,44,5,3,109.22,0.505,Highway,Fog,Emergency,4.0,6.0,100.0,32.85
User_45,46,45,3,3,33.74,0.308,Rural,Rain,Emergency,2.0,2.0,69.5,29.63
User_46,46,46,6,2,61.02,0.356,Rural,Rain,Video,5.0,6.0,100.0,21.17
User_47,46,47,1,1,15.19,0.223,Urban,Clear,Emergency,4.0,1.0,95.5,19.8
User_48,46,48,7,1,71.47,0.427,Highway,Rain,Sensor,1.0,5.0,25.67,20.55
User_49,46,49,0,0,79.85,0.629,Rural,Clear,Text,4.0,1.0,95.5,20.83
User_50,46,50,5,3,51.69,0.327,Highway,Clear,Sensor,5.0,6.0,100.0,18.46
User_51,46,51,4,2,60.88,0.825,Rural,Rain,Emergency,5.0,6.0,100.0,33.2
User_52,46,52,6,2,39.63,0.206,Rural,Fog,Text,1.0,6.0,100.0,23.28
User_53,46,53,0,2,69.79,0.196,Urban,Fog,Video,4.0,2.0,69.5,26.03
User_54,46,54,7,1,64.99,0.911,Urban,Clear,Text,2.0,5.0,25.67,26.61
User_55,46,55,7,1,51.32,0.763,Highway,Clear,Emergency,1.0,5.0,25.67,19.98
User_56,46,56,5,1,64.52,0.363,Urban,Clear,Emergency,3.0,3.0,100.0,23.38
User_57,46,57,7,1,31.74,0.384,Highway,Fog,Sensor,2.0,5.0,25.67,23.71
User_58,46,58,0,2,140.0,0.628,Urban,Fog,Video,3.0,2.0,69.5,34.62
User_59,46,59,1,1,33.99,0.425,Highway,Clear,Emergency,2.0,1.0,95.5,19.39
User_60,46,60,3,1,17.38,0.044,Highway,Clear,Sensor,4.0,4.0,100.0,18.18
User_61,46,61,4,2,40.82,0.495,Rural,Rain,Video,2.0,6.0,100.0,27.65
User_62,46,62,4,2,65.5,0.162,Highway,Clear,Sensor,4.0,6.0,100.0,16.39
User_63,46,63,1,3,105.98,0.682,Rural,Clear,Emergency,1.0,2.0,69.5,27.41
User_64,46,64,4,0,21.17,0.92,Highway,Clear,Video,5.0,3.0,100.0,26.44
User_65,46,65,3,3,50.01,0.685,Rural,Rain,Emergency,4.0,4.0,100.0,30.78
User_66,46,66,3,3,136.61,0.664,Rural,Rain,Sensor,3.0,2.0,69.5,38.06
User_67,46,67,3,3,52.99,0.357,Highway,Clear,Text,1.0,2.0,69.5,23.94
User_68,46,68,5,3,23.01,0.513,Highway,Fog,Text,3.0,6.0,100.0,30.39
User_69,46,69,5,3,66.11,0.477,Urban,Fog,Sensor,4.0,6.0,100.0,35.14
User_70,46,70,7,1,115.47,0.865,Urban,Rain,Text,5.0,5.0,25.67,32.44
User_71,46,71,7,3,62.24,0.383,Urban,Fog,Sensor,5.0,6.0,100.0,33.61
User_72,46,72,5,3,19.4,0.609,Highway,Clear,Sensor,2.0,6.0,100.0,21.72
User_73,46,73,6,2,62.24,0.717,Highway,Fog,Text,5.0,6.0,100.0,29.62
User_74,46,74,0,0,104.16,0.012,Rural,Fog,Emergency,4.0,1.0,95.5,22.3
User_75,46,75,7,1,49.72,0.868,Urban,Fog,Sensor,2.0,5.0,25.67,35.51
User_76,46,76,1,1,74.63,0.211,Highway,Clear,Emergency,3.0,1.0,95.5,17.4
User_77,46,77,3,1,29.0,0.526,Urban,Rain,Video,2.0,1.0,95.5,34.76
User_78,46,78,7,3,45.74,0.11,Urban,Fog,Emergency,3.0,6.0,100.0,29.02
User_79,46,79,6,0,36.94,0.299,Highway,Fog,Text,4.0,3.0,100.0,22.59
User_80,46,80,1,3,99.36,0.286,Urban,Rain,Text,5.0,4.0,100.0,23.27
User_81,46,81,3,1,48.24,0.126,Urban,Clear,Emergency,3.0,1.0,95.5,24.34
User_82,46,82,7,1,48.26,0.696,Highway,Fog,Sensor,4.0,5.0,25.67,28.89
User_83,46,83,7,1,54.61,0.318,Highway,Clear,Sensor,3.0,5.0,25.67,13.41
User_84,46,84,5,1,52.28,0.136,Rural,Fog,Text,3.0,6.0,100.0,27.61
User_85,46,85,6,0,28.7,0.548,Highway,Clear,Emergency,1.0,5.0,25.67,21.08
User_86,46,86,6,0,12.41,0.941,Highway,Clear,Emergency,1.0,5.0,25.67,26.49
User_87,46,87,0,2,45.0,0.715,Rural,Fog,Text,1.0,2.0,69.5,31.08
User_88,46,88,3,1,75.49,0.578,Highway,Fog,Text,1.0,1.0,95.5,37.93
User_89,46,89,6,2,40.52,0.545,Highway,Rain,Sensor,1.0,6.0,100.0,21.39
User_90,46,90,4,0,67.21,0.237,Rural,Rain,Emergency,4.0,3.0,100.0,24.57
User_91,46,91,5,1,56.28,0.415,Highway,Clear,Video,5.0,3.0,100.0,19.91
User_92,46,92,4,2,88.84,0.809,Highway,Rain,Emergency,1.0,6.0,100.0,31.8
User_93,46,93,1,3,93.03,0.21,Highway,Fog,Text,4.0,4.0,100.0,22.94
User_94,46,94,0,2,64.44,0.774,Highway,Fog,Sensor,5.0,2.0,69.5,30.54
User_95,46,95,5,3,27.92,0.12,Highway,Fog,Emergency,5.0,6.0,100.0,24.64
User_96,46,96,6,2,28.55,0.405,Urban,Rain,Text,5.0,6.0,100.0,22.93
User_97,46,97,7,1,56.03,0.415,Urban,Rain,Video,5.0,5.0,25.67,23.91
User_98,46,98,5,1,42.1,0.503,Rural,Clear,Video,3.0,6.0,100.0,22.81
User_99,46,99,0,0,31.34,0.633,Rural,Clear,Sensor,5.0,1.0,95.5,19.44
User_100,46,100,0,2,63.4,0.926,Highway,Clear,Video,3.0,2.0,69.5,22.79
User_101,46,101,4,0,54.2,0.85,Urban,Clear,Sensor,4.0,3.0,100.0,30.38
User_102,46,102,1,1,19.14,0.378,Highway,Clear,Video,3.0,1.0,95.5,18.24
User_103,46,103,3,1,69.93,0.6,Urban,Fog,Text,4.0,4.0,100.0,42.1
User_104,46,104,2,0,57.03,0.259,Highway,Fog,Video,4.0,1.0,95.5,27.6
User_105,46,105,4,0,31.72,0.762,Highway,Fog,Emergency,5.0,3.0,100.0,34.38
User_106,46,106,1,3,50.27,0.453,Urban,Clear,Sensor,2.0,2.0,69.5,24.3
User_107,46,107,3,3,73.73,0.338,Highway,Clear,Emergency,1.0,2.0,69.5,24.28
User_108,46,108,2,2,45.4,0.802,Urban,Fog,Video,5.0,4.0,100.0,39.39
User_109,46,109,0,0,54.94,0.875,Rural,Clear,Emergency,4.0,1.0,95.5,23.77
User_110,46,110,7,3,86.05,0.402,Highway,Rain,Sensor,5.0,6.0,100.0,25.61
User_111,46,111,5,1,43.99,0.862,Highway,Fog,Text,3.0,6.0,100.0,36.25
User_112,46,112,3,3,65.07,0.697,Urban,Rain,Text,5.0,4.0,100.0,33.41
User_113,46,113,6,2,51.91,0.609,Highway,Rain,Sensor,4.0,6.0,100.0,22.69
User_114,46,114,3,1,55.09,0.486,Urban,Fog,Text,3.0,1.0,95.5,39.94
User_115,46,115,1,3,19.84,0.332,Highway,Clear,Video,4.0,4.0,100.0,12.58
User_116,46,116,4,2,74.66,0.42,Highway,Clear,Emergency,4.0,6.0,100.0,20.54
User_117,46,117,6,2,41.84,0.246,Highway,Fog,Emergency,2.0,6.0,100.0,21.95
User_118,46,118,3,3,77.6,0.448,Urban,Clear,Sensor,5.0,4.0,100.0,25.05
User_119,46,119,5,3,49.34,0.623,Urban,Clear,Emergency,4.0,6.0,100.0,26.83
User_120,46,120,1,1,108.23,0.693,Urban,Rain,Sensor,2.0,1.0,95.5,34.64
User_121,46,121,4,0,49.54,0.651,Highway,Rain,Emergency,1.0,6.0,100.0,33.25
User_122,46,122,2,2,62.3,0.558,Rural,Rain,Emergency,2.0,2.0,69.5,29.24
User_123,46,123,6,2,47.43,0.468,Highway,Fog,Emergency,1.0,5.0,25.67,30.44
User_124,46,124,0,2,87.97,0.583,Rural,Fog,Video,4.0,2.0,69.5,30.38
User_125,46,125,3,1,35.19,0.692,Highway,Fog,Emergency,5.0,4.0,100.0,38.44
User_126,46,126,4,0,45.26,0.292,Highway,Fog,Text,5.0,3.0,100.0,27.74
User_127,46,127,2,0,123.18,0.644,Urban,Fog,Video,4.0,1.0,95.5,39.36
User_128,46,128,2,0,56.79,0.237,Rural,Rain,Sensor,3.0,1.0,95.5,24.26
User_129,46,129,4,2,77.3,0.265,Rural,Fog,Video,4.0,6.0,100.0,30.29
User_130,46,130,4,0,58.24,0.912,Urban,Rain,Emergency,1.0,5.0,25.67,41.43
User_131,46,131,7,3,31.28,0.86,Rural,Rain,Sensor,4.0,6.0,100.0,32.84
User_132,46,132,7,1,52.6,0.283,Urban,Clear,Text,2.0,5.0,25.67,16.82
User_133,46,133,7,1,75.25,0.17,Rural,Fog,Text,4.0,5.0,25.67,23.81
User_134,46,134,7,1,79.48,0.886,Rural,Fog,Emergency,5.0,5.0,25.67,34.67
User_135,46,135,5,1,67.97,0.515,Urban,Rain,Video,3.0,6.0,100.0,30.76
User_136,46,136,1,1,49.83,0.172,Highway,Rain,Emergency,3.0,1.0,95.5,21.07
User_137,46,137,6,0,101.02,0.543,Urban,Fog,Emergency,4.0,3.0,100.0,32.18
User_138,46,138,2,2,28.64,0.68,Highway,Rain,Emergency,5.0,4.0,100.0,28.06
User_139,46,139,6,0,100.44,0.591,Urban,Fog,Video,1.0,5.0,25.67,37.88
User_140,46,140,5,3,87.72,0.483,Highway,Fog,Text,4.0,6.0,100.0,31.88
User_141,46,141,2,0,42.28,0.609,Urban,Clear,Sensor,1.0,1.0,95.5,26.4
User_142,46,142,3,3,73.87,0.663,Urban,Fog,Emergency,1.0,2.0,69.5,43.16
User_143,46,143,2,2,66.12,0.953,Urban,Clear,Video,4.0,4.0,100.0,32.28
User_144,46,144,1,3,134.95,0.611,Rural,Clear,Emergency,5.0,4.0,100.0,22.21
User_145,46,145,6,0,38.11,0.811,Urban,Rain,Emergency,5.0,3.0,100.0,29.31
User_146,46,146,2,2,98.56,0.3,Urban,Clear,Text,4.0,2.0,69.5,23.46
User_147,46,147,6,2,49.37,0.311,Highway,Rain,Sensor,5.0,6.0,100.0,18.15
User_148,46,148,2,2,63.85,0.869,Urban,Rain,Video,3.0,2.0,69.5,35.95
User_149,46,149,6,0,127.56,0.655,Highway,Rain,Sensor,5.0,3.0,100.0,25.65
User_150,46,150,0,0,140.0,0.367,Rural,Clear,Video,2.0,1.0,95.5,18.7
User_151,46,151,1,3,78.45,0.682,Rural,Rain,Emergency,1.0,2.0,69.5,31.58
User_152,46,152,7,1,83.66,0.353,Rural,Clear,Emergency,1.0,5.0,25.67,16.8
User_153,46,153,0,2,67.47,0.396,Rural,Fog,Emergency,5.0,2.0,69.5,26.96
User_154,46,154,7,3,46.38,0.066,Urban,Rain,Sensor,4.0,6.0,100.0,23.38
User_155,46,155,6,2,109.28,0.302,Urban,Rain,Sensor,5.0,6.0,100.0,23.81
User_156,46,156,5,3,46.21,0.289,Highway,Clear,Emergency,1.0,5.0,25.67,22.72
User_157,46,157,4,2,43.83,0.078,Urban,Clear,Text,2.0,6.0,100.0,18.48
User_158,46,158,7,1,48.99,0.538,Urban,Clear,Text,5.0,5.0,25.67,20.54
User_159,46,159,1,3,79.31,0.695,Highway,Rain,Video,4.0,2.0,69.5,29.8
User_160,46,160,5,1,93.88,0.336,Urban,Rain,Sensor,1.0,6.0,100.0,28.86
User_161,46,161,2,2,46.66,0.455,Rural,Rain,Emergency,3.0,2.0,69.5,27.22
User_162,46,162,4,2,123.87,0.804,Urban,Rain,Video,4.0,6.0,100.0,36.78
User_163,46,163,3,1,24.45,0.07,Highway,Fog,Text,4.0,1.0,95.5,28.78
User_164,46,164,5,3,22.87,0.665,Highway,Fog,Text,3.0,6.0,100.0,32.66
User_165,46,165,4,0,84.27,0.682,Rural,Rain,Text,1.0,5.0,25.67,36.76
User_166,46,166,6,2,64.8,0.727,Urban,Rain,Video,3.0,6.0,100.0,28.85
User_167,46,167,4,0,70.6,0.466,Highway,Rain,Video,3.0,6.0,100.0,31.11
User_168,46,168,1,1,61.26,0.736,Highway,Rain,Emergency,5.0,1.0,95.5,29.88
User_169,46,169,1,3,13.65,0.432,Rural,Clear,Video,1.0,2.0,69.5,20.89
User_170,46,170,6,0,32.37,0.404,Rural,Fog,Video,1.0,5.0,25.67,31.03
User_171,46,171,4,2,35.0,0.714,Rural,Rain,Emergency,2.0,6.0,100.0,30.76
User_172,46,172,3,3,80.27,0.445,Highway,Fog,Video,4.0,2.0,69.5,36.08
User_173,46,173,5,1,27.89,0.622,Urban,Fog,Video,2.0,6.0,100.0,36.17
User_174,46,174,5,1,55.85,0.034,Highway,Fog,Text,5.0,3.0,100.0,24.19
User_175,46,175,1,3,20.34,0.737,Rural,Fog,Video,2.0,2.0,69.5,35.67
User_176,46,176,4,2,69.05,0.759,Rural,Fog,Text,1.0,5.0,25.67,42.46
User_177,46,177,5,1,46.51,0.633,Urban,Clear,Sensor,2.0,3.0,100.0,26.89
User_178,46,178,1,1,37.73,0.456,Highway,Rain,Video,2.0,1.0,95.5,24.97
User_179,46,179,4,0,94.34,0.573,Highway,Rain,Video,5.0,3.0,100.0,28.43
User_180,46,180,1,3,92.4,0.697,Rural,Clear,Text,1.0,2.0,69.5,27.23
User_181,46,181,4,0,75.8,0.321,Rural,Fog,Text,2.0,6.0,100.0,36.09
User_182,46,182,5,3,44.65,0.565,Rural,Fog,Emergency,4.0,6.0,100.0,33.81
User_183,46,183,4,0,52.1,0.654,Highway,Clear,Emergency,2.0,6.0,100.0,28.37
User_184,46,184,1,3,58.97,0.297,Rural,Fog,Text,4.0,2.0,69.5,30.22
User_185,46,185,7,3,30.49,0.591,Rural,Clear,Video,2.0,6.0,100.0,23.78
User_186,46,186,5,1,21.07,0.322,Highway,Fog,Sensor,5.0,3.0,100.0,27.46
User_187,46,187,1,3,28.55,0.482,Highway,Rain,Video,1.0,2.0,69.5,25.09
User_188,46,188,4,2,39.94,0.797,Rural,Fog,Sensor,1.0,5.0,25.67,42.15
User_189,46,189,3,3,24.82,0.072,Highway,Clear,Sensor,1.0,2.0,69.5,18.82
User_190,46,190,3,3,56.08,0.798,Rural,Fog,Text,1.0,2.0,69.5,42.65
User_191,46,191,4,0,34.65,0.335,Rural,Fog,Sensor,1.0,5.0,25.67,35.06
User_192,46,192,3,3,42.05,0.472,Rural,Clear,Emergency,5.0,4.0,100.0,22.34
User_193,46,193,3,1,140.0,0.674,Urban,Clear,Text,4.0,1.0,95.5,35.31
User_194,46,194,7,1,82.91,0.868,Highway,Clear,Video,3.0,5.0,25.67,22.51
User_195,46,195,7,3,93.83,0.436,Highway,Clear,Sensor,3.0,6.0,100.0,21.35
User_196,46,196,0,2,77.21,0.63,Rural,Clear,Text,3.0,2.0,69.5,20.77
User_197,46,197,2,2,46.81,0.463,Rural,Clear,Video,3.0,2.0,69.5,22.35
User_198,46,198,4,2,44.05,0.894,Urban,Rain,Video,2.0,6.0,100.0,35.73
User_199,46,199,4,2,76.37,0.385,Rural,Fog,Sensor,3.0,6.0,100.0,32.07
User_200,46,200,1,1,33.48,0.825,Rural,Clear,Emergency,2.0,1.0,95.5,27.38
User_201,46,201,4,0,47.9,0.309,Urban,Fog,Text,4.0,3.0,100.0,32.07
User_202,46,202,7,1,28.73,0.574,Rural,Fog,Video,1.0,5.0,25.67,28.47
User_203,46,203,0,0,50.3,0.455,Urban,Clear,Video,3.0,1.0,95.5,19.33
User_204,46,204,1,3,49.21,0.287,Highway,Clear,Text,1.0,2.0,69.5,17.78
User_205,46,205,6,0,17.43,0.942,Highway,Rain,Text,5.0,3.0,100.0,26.65
User_206,46,206,6,2,63.02,0.44,Urban,Fog,Sensor,2.0,6.0,100.0,29.49
User_7,47,7,2,0,79.49,0.528,Urban,Rain,Emergency,3.0,1.0,95.5,31.3
User_8,47,8,5,3,69.55,0.416,Rural,Clear,Emergency,3.0,6.0,100.0,22.33
User_9,47,9,6,2,50.68,0.364,Rural,Fog,Sensor,5.0,6.0,100.0,25.98
User_10,47,10,6,2,34.78,0.818,Highway,Rain,Sensor,3.0,6.0,100.0,25.31
User_11,47,11,7,3,27.75,0.342,Highway,Fog,Sensor,5.0,6.0,100.0,27.96
User_12,47,12,4,0,63.73,0.264,Highway,Clear,Emergency,5.0,3.0,100.0,17.87
User_13,47,13,6,0,87.76,0.333,Rural,Clear,Video,4.0,3.0,100.0,16.63
User_14,47,14,0,0,49.69,0.198,Highway,Rain,Sensor,5.0,1.0,95.5,16.46
User_15,47,15,4,0,75.0,0.652,Rural,Fog,Text,4.0,3.0,100.0,36.03
User_16,47,16,7,1,70.0,0.695,Urban,Rain,Text,5.0,5.0,25.67,28.52
User_17,47,17,7,3,31.04,0.159,Highway,Fog,Video,1.0,6.0,100.0,25.32
User_18,47,18,7,1,45.83,0.125,Highway,Rain,Text,1.0,5.0,25.67,15.25
User_19,47,19,0,0,61.96,0.876,Rural,Clear,Emergency,4.0,1.0,95.5,24.0
User_20,47,20,7,1,108.65,0.444,Highway,Rain,Video,4.0,5.0,25.67,21.92
User_21,47,21,1,1,30.68,0.813,Rural,Clear,Video,5.0,1.0,95.5,27.12
User_22,47,22,3,1,51.05,0.741,Urban,Rain,Text,5.0,4.0,100.0,38.65
User_23,47,23,2,0,123.01,0.855,Highway,Rain,Sensor,4.0,1.0,95.5,33.52
User_24,47,24,3,1,32.93,0.578,Rural,Clear,Sensor,3.0,1.0,95.5,28.66
User_25,47,25,0,2,25.85,0.754,Urban,Clear,Video,3.0,2.0,69.5,23.09
User_26,47,26,1,3,68.26,0.809,Urban,Clear,Sensor,3.0,2.0,69.5,30.18
User_27,47,27,5,3,108.56,0.615,Urban,Rain,Video,1.0,6.0,100.0,33.48
User_28,47,28,4,0,57.64,0.179,Highway,Rain,Emergency,1.0,6.0,100.0,26.41
User_29,47,29,3,3,25.02,0.251,Highway,Fog,Emergency,4.0,4.0,100.0,26.52
User_30,47,30,1,1,62.26,0.239,Highway,Clear,Emergency,3.0,1.0,95.5,17.45
User_31,47,31,4,0,22.76,0.703,Urban,Clear,Emergency,5.0,3.0,100.0,27.23
User_32,47,32,0,2,140.0,0.74,Rural,Rain,Emergency,5.0,2.0,69.5,29.3
User_33,47,33,1,1,126.43,0.208,Highway,Clear,Video,4.0,1.0,95.5,18.91
User_34,47,34,4,0,44.89,0.249,Highway,Fog,Emergency,3.0,3.0,100.0,27.08
User_35,47,35,5,1,59.59,0.659,Urban,Clear,Text,4.0,3.0,100.0,27.67
User_36,47,36,6,0,66.84,0.229,Urban,Fog,Video,4.0,3.0,100.0,26.44
User_37,47,37,3,3,28.87,0.607,Rural,Rain,Emergency,5.0,4.0,100.0,28.97
User_38,47,38,0,2,48.47,0.884,Urban,Rain,Emergency,5.0,2.0,69.5,30.71
User_39,47,39,3,1,46.09,0.139,Rural,Rain,Sensor,2.0,1.0,95.5,27.47
User_40,47,40,3,1,68.6,0.588,Rural,Clear,Sensor,5.0,4.0,100.0,29.88
User_41,47,41,2,2,57.05,0.503,Rural,Clear,Text,5.0,4.0,100.0,23.26
User_42,47,42,7,3,75.42,0.555,Urban,Rain,Video,3.0,6.0,100.0,31.59
User_43,47,43,4,0,74.4,0.481,Highway,Rain,Video,3.0,3.0,100.0,26.45
User_44,47,44,5,3,109.22,0.505,Highway,Fog,Emergency,4.0,6.0,100.0,32.85
User_45,47,45,3,3,33.74,0.308,Rural,Rain,Emergency,2.0,2.0,69.5,29.63
User_46,47,46,6,2,61.02,0.356,Rural,Rain,Video,5.0,6.0,100.0,21.17
User_47,47,47,1,1,15.19,0.223,Urban,Clear,Emergency,4.0,1.0,95.5,19.8
User_48,47,48,7,1,71.47,0.427,Highway,Rain,Sensor,1.0,5.0,25.67,20.55
User_49,47,49,0,0,79.85,0.629,Rural,Clear,Text,4.0,1.0,95.5,20.83
User_50,47,50,5,3,51.69,0.327,Highway,Clear,Sensor,5.0,6.0,100.0,18.46
User_51,47,51,4,2,60.88,0.825,Rural,Rain,Emergency,5.0,6.0,100.0,33.2
User_52,47,52,6,2,39.63,0.206,Rural,Fog,Text,1.0,6.0,100.0,23.28
User_53,47,53,0,2,69.79,0.196,Urban,Fog,Video,4.0,2.0,69.5,26.03
User_54,47,54,7,1,64.99,0.911,Urban,Clear,Text,2.0,5.0,25.67,26.61
User_55,47,55,7,1,51.32,0.763,Highway,Clear,Emergency,1.0,5.0,25.67,19.98
User_56,47,56,5,1,64.52,0.363,Urban,Clear,Emergency,3.0,3.0,100.0,23.38
User_57,47,57,7,1,31.74,0.384,Highway,Fog,Sensor,2.0,5.0,25.67,23.71
User_58,47,58,0,2,140.0,0.628,Urban,Fog,Video,3.0,2.0,69.5,34.62
User_59,47,59,1,1,33.99,0.425,Highway,Clear,Emergency,2.0,1.0,95.5,19.39
User_60,47,60,3,1,17.38,0.044,Highway,Clear,Sensor,4.0,4.0,100.0,18.18
User_61,47,61,4,2,40.82,0.495,Rural,Rain,Video,2.0,6.0,100.0,27.65
User_62,47,62,4,2,65.5,0.162,Highway,Clear,Sensor,4.0,6.0,100.0,16.39
User_63,47,63,1,3,105.98,0.682,Rural,Clear,Emergency,1.0,2.0,69.5,27.41
User_64,47,64,4,0,21.17,0.92,Highway,Clear,Video,5.0,3.0,100.0,26.44
User_65,47,65,3,3,50.01,0.685,Rural,Rain,Emergency,4.0,4.0,100.0,30.78
User_66,47,66,3,3,136.61,0.664,Rural,Rain,Sensor,3.0,2.0,69.5,38.06
User_67,47,67,3,3,52.99,0.357,Highway,Clear,Text,1.0,2.0,69.5,23.94
User_68,47,68,5,3,23.01,0.513,Highway,Fog,Text,3.0,6.0,100.0,30.39
User_69,47,69,5,3,66.11,0.477,Urban,Fog,Sensor,4.0,6.0,100.0,35.14
User_70,47,70,7,1,115.47,0.865,Urban,Rain,Text,5.0,5.0,25.67,32.44
User_71,47,71,7,3,62.24,0.383,Urban,Fog,Sensor,5.0,6.0,100.0,33.61
User_72,47,72,5,3,19.4,0.609,Highway,Clear,Sensor,2.0,6.0,100.0,21.72
User_73,47,73,6,2,62.24,0.717,Highway,Fog,Text,5.0,6.0,100.0,29.62
User_74,47,74,0,0,104.16,0.012,Rural,Fog,Emergency,4.0,1.0,95.5,22.3
User_75,47,75,7,1,49.72,0.868,Urban,Fog,Sensor,2.0,5.0,25.67,35.51
User_76,47,76,1,1,74.63,0.211,Highway,Clear,Emergency,3.0,1.0,95.5,17.4
User_77,47,77,3,1,29.0,0.526,Urban,Rain,Video,2.0,1.0,95.5,34.76
User_78,47,78,7,3,45.74,0.11,Urban,Fog,Emergency,3.0,6.0,100.0,29.02
User_79,47,79,6,0,36.94,0.299,Highway,Fog,Text,4.0,3.0,100.0,22.59
User_80,47,80,1,3,99.36,0.286,Urban,Rain,Text,5.0,4.0,100.0,23.27
User_81,47,81,3,1,48.24,0.126,Urban,Clear,Emergency,3.0,1.0,95.5,24.34
User_82,47,82,7,1,48.26,0.696,Highway,Fog,Sensor,4.0,5.0,25.67,28.89
User_83,47,83,7,1,54.61,0.318,Highway,Clear,Sensor,3.0,5.0,25.67,13.41
User_84,47,84,5,1,52.28,0.136,Rural,Fog,Text,3.0,6.0,100.0,27.61
User_85,47,85,6,0,28.7,0.548,Highway,Clear,Emergency,1.0,5.0,25.67,21.08
User_86,47,86,6,0,12.41,0.941,Highway,Clear,Emergency,1.0,5.0,25.67,26.49
User_87,47,87,0,2,45.0,0.715,Rural,Fog,Text,1.0,2.0,69.5,31.08
User_88,47,88,3,1,75.49,0.578,Highway,Fog,Text,1.0,1.0,95.5,37.93
User_89,47,89,6,2,40.52,0.545,Highway,Rain,Sensor,1.0,6.0,100.0,21.39
User_90,47,90,4,0,67.21,0.237,Rural,Rain,Emergency,4.0,3.0,100.0,24.57
User_91,47,91,5,1,56.28,0.415,Highway,Clear,Video,5.0,3.0,100.0,19.91
User_92,47,92,4,2,88.84,0.809,Highway,Rain,Emergency,1.0,6.0,100.0,31.8
User_93,47,93,1,3,93.03,0.21,Highway,Fog,Text,4.0,4.0,100.0,22.94
User_94,47,94,0,2,64.44,0.774,Highway,Fog,Sensor,5.0,2.0,69.5,30.54
User_95,47,95,5,3,27.92,0.12,Highway,Fog,Emergency,5.0,6.0,100.0,24.64
User_96,47,96,6,2,28.55,0.405,Urban,Rain,Text,5.0,6.0,100.0,22.93
User_97,47,97,7,1,56.03,0.415,Urban,Rain,Video,5.0,5.0,25.67,23.91
User_98,47,98,5,1,42.1,0.503,Rural,Clear,Video,3.0,6.0,100.0,22.81
User_99,47,99,0,0,31.34,0.633,Rural,Clear,Sensor,5.0,1.0,95.5,19.44
User_100,47,100,0,2,63.4,0.926,Highway,Clear,Video,3.0,2.0,69.5,22.79
User_101,47,101,4,0,54.2,0.85,Urban,Clear,Sensor,4.0,3.0,100.0,30.38
User_102,47,102,1,1,19.14,0.378,Highway,Clear,Video,3.0,1.0,95.5,18.24
User_103,47,103,3,1,69.93,0.6,Urban,Fog,Text,4.0,4.0,100.0,42.1
User_104,47,104,2,0,57.03,0.259,Highway,Fog,Video,4.0,1.0,95.5,27.6
User_105,47,105,4,0,31.72,0.762,Highway,Fog,Emergency,5.0,3.0,100.0,34.38
User_106,47,106,1,3,50.27,0.453,Urban,Clear,Sensor,2.0,2.0,69.5,24.3
User_107,47,107,3,3,73.73,0.338,Highway,Clear,Emergency,1.0,2.0,69.5,24.28
User_108,47,108,2,2,45.4,0.802,Urban,Fog,Video,5.0,4.0,100.0,39.39
User_109,47,109,0,0,54.94,0.875,Rural,Clear,Emergency,4.0,1.0,95.5,23.77
User_110,47,110,7,3,86.05,0.402,Highway,Rain,Sensor,5.0,6.0,100.0,25.61
User_111,47,111,5,1,43.99,0.862,Highway,Fog,Text,3.0,6.0,100.0,36.25
User_112,47,112,3,3,65.07,0.697,Urban,Rain,Text,5.0,4.0,100.0,33.41
User_113,47,113,6,2,51.91,0.609,Highway,Rain,Sensor,4.0,6.0,100.0,22.69
User_114,47,114,3,1,55.09,0.486,Urban,Fog,Text,3.0,1.0,95.5,39.94
User_115,47,115,1,3,19.84,0.332,Highway,Clear,Video,4.0,4.0,100.0,12.58
User_116,47,116,4,2,74.66,0.42,Highway,Clear,Emergency,4.0,6.0,100.0,20.54
User_117,47,117,6,2,41.84,0.246,Highway,Fog,Emergency,2.0,6.0,100.0,21.95
User_118,47,118,3,3,77.6,0.448,Urban,Clear,Sensor,5.0,4.0,100.0,25.05
User_119,47,119,5,3,49.34,0.623,Urban,Clear,Emergency,4.0,6.0,100.0,26.83
User_120,47,120,1,1,108.23,0.693,Urban,Rain,Sensor,2.0,1.0,95.5,34.64
User_121,47,121,4,0,49.54,0.651,Highway,Rain,Emergency,1.0,6.0,100.0,33.25
User_122,47,122,2,2,62.3,0.558,Rural,Rain,Emergency,2.0,2.0,69.5,29.24
User_123,47,123,6,2,47.43,0.468,Highway,Fog,Emergency,1.0,5.0,25.67,30.44
User_124,47,124,0,2,87.97,0.583,Rural,Fog,Video,4.0,2.0,69.5,30.38
User_125,47,125,3,1,35.19,0.692,Highway,Fog,Emergency,5.0,4.0,100.0,38.44
User_126,47,126,4,0,45.26,0.292,Highway,Fog,Text,5.0,3.0,100.0,27.74
User_127,47,127,2,0,123.18,0.644,Urban,Fog,Video,4.0,1.0,95.5,39.36
User_128,47,128,2,0,56.79,0.237,Rural,Rain,Sensor,3.0,1.0,95.5,24.26
User_129,47,129,4,2,77.3,0.265,Rural,Fog,Video,4.0,6.0,100.0,30.29
User_130,47,130,4,0,58.24,0.912,Urban,Rain,Emergency,1.0,5.0,25.67,41.43
User_131,47,131,7,3,31.28,0.86,Rural,Rain,Sensor,4.0,6.0,100.0,32.84
User_132,47,132,7,1,52.6,0.283,Urban,Clear,Text,2.0,5.0,25.67,16.82
User_133,47,133,7,1,75.25,0.17,Rural,Fog,Text,4.0,5.0,25.67,23.81
User_134,47,134,7,1,79.48,0.886,Rural,Fog,Emergency,5.0,5.0,25.67,34.67
User_135,47,135,5,1,67.97,0.515,Urban,Rain,Video,3.0,6.0,100.0,30.76
User_136,47,136,1,1,49.83,0.172,Highway,Rain,Emergency,3.0,1.0,95.5,21.07
User_137,47,137,6,0,101.02,0.543,Urban,Fog,Emergency,4.0,3.0,100.0,32.18
User_138,47,138,2,2,28.64,0.68,Highway,Rain,Emergency,5.0,4.0,100.0,28.06
User_139,47,139,6,0,100.44,0.591,Urban,Fog,Video,1.0,5.0,25.67,37.88
User_140,47,140,5,3,87.72,0.483,Highway,Fog,Text,4.0,6.0,100.0,31.88
User_141,47,141,2,0,42.28,0.609,Urban,Clear,Sensor,1.0,1.0,95.5,26.4
User_142,47,142,3,3,73.87,0.663,Urban,Fog,Emergency,1.0,2.0,69.5,43.16
User_143,47,143,2,2,66.12,0.953,Urban,Clear,Video,4.0,4.0,100.0,32.28
User_144,47,144,1,3,134.95,0.611,Rural,Clear,Emergency,5.0,4.0,100.0,22.21
User_145,47,145,6,0,38.11,0.811,Urban,Rain,Emergency,5.0,3.0,100.0,29.31
User_146,47,146,2,2,98.56,0.3,Urban,Clear,Text,4.0,2.0,69.5,23.46
User_147,47,147,6,2,49.37,0.311,Highway,Rain,Sensor,5.0,6.0,100.0,18.15
User_148,47,148,2,2,63.85,0.869,Urban,Rain,Video,3.0,2.0,69.5,35.95
User_149,47,149,6,0,127.56,0.655,Highway,Rain,Sensor,5.0,3.0,100.0,25.65
User_150,47,150,0,0,140.0,0.367,Rural,Clear,Video,2.0,1.0,95.5,18.7
User_151,47,151,1,3,78.45,0.682,Rural,Rain,Emergency,1.0,2.0,69.5,31.58
User_152,47,152,7,1,83.66,0.353,Rural,Clear,Emergency,1.0,5.0,25.67,16.8
User_153,47,153,0,2,67.47,0.396,Rural,Fog,Emergency,5.0,2.0,69.5,26.96
User_154,47,154,7,3,46.38,0.066,Urban,Rain,Sensor,4.0,6.0,100.0,23.38
User_155,47,155,6,2,109.28,0.302,Urban,Rain,Sensor,5.0,6.0,100.0,23.81
User_156,47,156,5,3,46.21,0.289,Highway,Clear,Emergency,1.0,5.0,25.67,22.72
User_157,47,157,4,2,43.83,0.078,Urban,Clear,Text,2.0,6.0,100.0,18.48
User_158,47,158,7,1,48.99,0.538,Urban,Clear,Text,5.0,5.0,25.67,20.54
User_159,47,159,1,3,79.31,0.695,Highway,Rain,Video,4.0,2.0,69.5,29.8
User_160,47,160,5,1,93.88,0.336,Urban,Rain,Sensor,1.0,6.0,100.0,28.86
User_161,47,161,2,2,46.66,0.455,Rural,Rain,Emergency,3.0,2.0,69.5,27.22
User_162,47,162,4,2,123.87,0.804,Urban,Rain,Video,4.0,6.0,100.0,36.78
User_163,47,163,3,1,24.45,0.07,Highway,Fog,Text,4.0,1.0,95.5,28.78
User_164,47,164,5,3,22.87,0.665,Highway,Fog,Text,3.0,6.0,100.0,32.66
User_165,47,165,4,0,84.27,0.682,Rural,Rain,Text,1.0,5.0,25.67,36.76
User_166,47,166,6,2,64.8,0.727,Urban,Rain,Video,3.0,6.0,100.0,28.85
User_167,47,167,4,0,70.6,0.466,Highway,Rain,Video,3.0,6.0,100.0,31.11
User_168,47,168,1,1,61.26,0.736,Highway,Rain,Emergency,5.0,1.0,95.5,29.88
User_169,47,169,1,3,13.65,0.432,Rural,Clear,Video,1.0,2.0,69.5,20.89
User_170,47,170,6,0,32.37,0.404,Rural,Fog,Video,1.0,5.0,25.67,31.03
User_171,47,171,4,2,35.0,0.714,Rural,Rain,Emergency,2.0,6.0,100.0,30.76
User_172,47,172,3,3,80.27,0.445,Highway,Fog,Video,4.0,2.0,69.5,36.08
User_173,47,173,5,1,27.89,0.622,Urban,Fog,Video,2.0,6.0,100.0,36.17
User_174,47,174,5,1,55.85,0.034,Highway,Fog,Text,5.0,3.0,100.0,24.19
User_175,47,175,1,3,20.34,0.737,Rural,Fog,Video,2.0,2.0,69.5,35.67
User_176,47,176,4,2,69.05,0.759,Rural,Fog,Text,1.0,5.0,25.67,42.46
User_177,47,177,5,1,46.51,0.633,Urban,Clear,Sensor,2.0,3.0,100.0,26.89
User_178,47,178,1,1,37.73,0.456,Highway,Rain,Video,2.0,1.0,95.5,24.97
User_179,47,179,4,0,94.34,0.573,Highway,Rain,Video,5.0,3.0,100.0,28.43
User_180,47,180,1,3,92.4,0.697,Rural,Clear,Text,1.0,2.0,69.5,27.23
User_181,47,181,4,0,75.8,0.321,Rural,Fog,Text,2.0,6.0,100.0,36.09
User_182,47,182,5,3,44.65,0.565,Rural,Fog,Emergency,4.0,6.0,100.0,33.81
User_183,47,183,4,0,52.1,0.654,Highway,Clear,Emergency,2.0,6.0,100.0,28.37
User_184,47,184,1,3,58.97,0.297,Rural,Fog,Text,4.0,2.0,69.5,30.22
User_185,47,185,7,3,30.49,0.591,Rural,Clear,Video,2.0,6.0,100.0,23.78
User_186,47,186,5,1,21.07,0.322,Highway,Fog,Sensor,5.0,3.0,100.0,27.46
User_187,47,187,1,3,28.55,0.482,Highway,Rain,Video,1.0,2.0,69.5,25.09
User_188,47,188,4,2,39.94,0.797,Rural,Fog,Sensor,1.0,5.0,25.67,42.15
User_189,47,189,3,3,24.82,0.072,Highway,Clear,Sensor,1.0,2.0,69.5,18.82
User_190,47,190,3,3,56.08,0.798,Rural,Fog,Text,1.0,2.0,69.5,42.65
User_191,47,191,4,0,34.65,0.335,Rural,Fog,Sensor,1.0,5.0,25.67,35.06
User_192,47,192,3,3,42.05,0.472,Rural,Clear,Emergency,5.0,4.0,100.0,22.34
User_193,47,193,3,1,140.0,0.674,Urban,Clear,Text,4.0,1.0,95.5,35.31
User_194,47,194,7,1,82.91,0.868,Highway,Clear,Video,3.0,5.0,25.67,22.51
User_195,47,195,7,3,93.83,0.436,Highway,Clear,Sensor,3.0,6.0,100.0,21.35
User_196,47,196,0,2,77.21,0.63,Rural,Clear,Text,3.0,2.0,69.5,20.77
User_197,47,197,2,2,46.81,0.463,Rural,Clear,Video,3.0,2.0,69.5,22.35
User_198,47,198,4,2,44.05,0.894,Urban,Rain,Video,2.0,6.0,100.0,35.73
User_199,47,199,4,2,76.37,0.385,Rural,Fog,Sensor,3.0,6.0,100.0,32.07
User_200,47,200,1,1,33.48,0.825,Rural,Clear,Emergency,2.0,1.0,95.5,27.38
User_201,47,201,4,0,47.9,0.309,Urban,Fog,Text,4.0,3.0,100.0,32.07
User_202,47,202,7,1,28.73,0.574,Rural,Fog,Video,1.0,5.0,25.67,28.47
User_203,47,203,0,0,50.3,0.455,Urban,Clear,Video,3.0,1.0,95.5,19.33
User_204,47,204,1,3,49.21,0.287,Highway,Clear,Text,1.0,2.0,69.5,17.78
User_205,47,205,6,0,17.43,0.942,Highway,Rain,Text,5.0,3.0,100.0,26.65
User_206,47,206,6,2,63.02,0.44,Urban,Fog,Sensor,2.0,6.0,100.0,29.49
User_7,48,7,2,0,79.49,0.528,Urban,Rain,Emergency,3.0,1.0,95.5,31.3
User_8,48,8,5,3,69.55,0.416,Rural,Clear,Emergency,3.0,6.0,100.0,22.33
User_9,48,9,6,2,50.68,0.364,Rural,Fog,Sensor,5.0,6.0,100.0,25.98
User_10,48,10,6,2,34.78,0.818,Highway,Rain,Sensor,3.0,6.0,100.0,25.31
User_11,48,11,7,3,27.75,0.342,Highway,Fog,Sensor,5.0,6.0,100.0,27.96
User_12,48,12,4,0,63.73,0.264,Highway,Clear,Emergency,5.0,3.0,100.0,17.87
User_13,48,13,6,0,87.76,0.333,Rural,Clear,Video,4.0,3.0,100.0,16.63
User_14,48,14,0,0,49.69,0.198,Highway,Rain,Sensor,5.0,1.0,95.5,16.46
User_15,48,15,4,0,75.0,0.652,Rural,Fog,Text,4.0,3.0,100.0,36.03
User_16,48,16,7,1,70.0,0.695,Urban,Rain,Text,5.0,5.0,25.67,28.52
User_17,48,17,7,3,31.04,0.159,Highway,Fog,Video,1.0,6.0,100.0,25.32
User_18,48,18,7,1,45.83,0.125,Highway,Rain,Text,1.0,5.0,25.67,15.25
User_19,48,19,0,0,61.96,0.876,Rural,Clear,Emergency,4.0,1.0,95.5,24.0
User_20,48,20,7,1,108.65,0.444,Highway,Rain,Video,4.0,5.0,25.67,21.92
User_21,48,21,1,1,30.68,0.813,Rural,Clear,Video,5.0,1.0,95.5,27.12
User_22,48,22,3,1,51.05,0.741,Urban,Rain,Text,5.0,4.0,100.0,38.65
User_23,48,23,2,0,123.01,0.855,Highway,Rain,Sensor,4.0,1.0,95.5,33.52
User_24,48,24,3,1,32.93,0.578,Rural,Clear,Sensor,3.0,1.0,95.5,28.66
User_25,48,25,0,2,25.85,0.754,Urban,Clear,Video,3.0,2.0,69.5,23.09
User_26,48,26,1,3,68.26,0.809,Urban,Clear,Sensor,3.0,2.0,69.5,30.18
User_27,48,27,5,3,108.56,0.615,Urban,Rain,Video,1.0,6.0,100.0,33.48
User_28,48,28,4,0,57.64,0.179,Highway,Rain,Emergency,1.0,6.0,100.0,26.41
User_29,48,29,3,3,25.02,0.251,Highway,Fog,Emergency,4.0,4.0,100.0,26.52
User_30,48,30,1,1,62.26,0.239,Highway,Clear,Emergency,3.0,1.0,95.5,17.45
User_31,48,31,4,0,22.76,0.703,Urban,Clear,Emergency,5.0,3.0,100.0,27.23
User_32,48,32,0,2,140.0,0.74,Rural,Rain,Emergency,5.0,2.0,69.5,29.3
User_33,48,33,1,1,126.43,0.208,Highway,Clear,Video,4.0,1.0,95.5,18.91
User_34,48,34,4,0,44.89,0.249,Highway,Fog,Emergency,3.0,3.0,100.0,27.08
User_35,48,35,5,1,59.59,0.659,Urban,Clear,Text,4.0,3.0,100.0,27.67
User_36,48,36,6,0,66.84,0.229,Urban,Fog,Video,4.0,3.0,100.0,26.44
User_37,48,37,3,3,28.87,0.607,Rural,Rain,Emergency,5.0,4.0,100.0,28.97
User_38,48,38,0,2,48.47,0.884,Urban,Rain,Emergency,5.0,2.0,69.5,30.71
User_39,48,39,3,1,46.09,0.139,Rural,Rain,Sensor,2.0,1.0,95.5,27.47
User_40,48,40,3,1,68.6,0.588,Rural,Clear,Sensor,5.0,4.0,100.0,29.88
User_41,48,41,2,2,57.05,0.503,Rural,Clear,Text,5.0,4.0,100.0,23.26
User_42,48,42,7,3,75.42,0.555,Urban,Rain,Video,3.0,6.0,100.0,31.59
User_43,48,43,4,0,74.4,0.481,Highway,Rain,Video,3.0,3.0,100.0,26.45
User_44,48,44,5,3,109.22,0.505,Highway,Fog,Emergency,4.0,6.0,100.0,32.85
User_45,48,45,3,3,33.74,0.308,Rural,Rain,Emergency,2.0,2.0,69.5,29.63
User_46,48,46,6,2,61.02,0.356,Rural,Rain,Video,5.0,6.0,100.0,21.17
User_47,48,47,1,1,15.19,0.223,Urban,Clear,Emergency,4.0,1.0,95.5,19.8
User_48,48,48,7,1,71.47,0.427,Highway,Rain,Sensor,1.0,5.0,25.67,20.55
User_49,48,49,0,0,79.85,0.629,Rural,Clear,Text,4.0,1.0,95.5,20.83
User_50,48,50,5,3,51.69,0.327,Highway,Clear,Sensor,5.0,6.0,100.0,18.46
User_51,48,51,4,2,60.88,0.825,Rural,Rain,Emergency,5.0,6.0,100.0,33.2
User_52,48,52,6,2,39.63,0.206,Rural,Fog,Text,1.0,6.0,100.0,23.28
User_53,48,53,0,2,69.79,0.196,Urban,Fog,Video,4.0,2.0,69.5,26.03
User_54,48,54,7,1,64.99,0.911,Urban,Clear,Text,2.0,5.0,25.67,26.61
User_55,48,55,7,1,51.32,0.763,Highway,Clear,Emergency,1.0,5.0,25.67,19.98
User_56,48,56,5,1,64.52,0.363,Urban,Clear,Emergency,3.0,3.0,100.0,23.38
User_57,48,57,7,1,31.74,0.384,Highway,Fog,Sensor,2.0,5.0,25.67,23.71
User_58,48,58,0,2,140.0,0.628,Urban,Fog,Video,3.0,2.0,69.5,34.62
User_59,48,59,1,1,33.99,0.425,Highway,Clear,Emergency,2.0,1.0,95.5,19.39
User_60,48,60,3,1,17.38,0.044,Highway,Clear,Sensor,4.0,4.0,100.0,18.18
User_61,48,61,4,2,40.82,0.495,Rural,Rain,Video,2.0,6.0,100.0,27.65
User_62,48,62,4,2,65.5,0.162,Highway,Clear,Sensor,4.0,6.0,100.0,16.39
User_63,48,63,1,3,105.98,0.682,Rural,Clear,Emergency,1.0,2.0,69.5,27.41
User_64,48,64,4,0,21.17,0.92,Highway,Clear,Video,5.0,3.0,100.0,26.44
User_65,48,65,3,3,50.01,0.685,Rural,Rain,Emergency,4.0,4.0,100.0,30.78
User_66,48,66,3,3,136.61,0.664,Rural,Rain,Sensor,3.0,2.0,69.5,38.06
User_67,48,67,3,3,52.99,0.357,Highway,Clear,Text,1.0,2.0,69.5,23.94
User_68,48,68,5,3,23.01,0.513,Highway,Fog,Text,3.0,6.0,100.0,30.39
User_69,48,69,5,3,66.11,0.477,Urban,Fog,Sensor,4.0,6.0,100.0,35.14
User_70,48,70,7,1,115.47,0.865,Urban,Rain,Text,5.0,5.0,25.67,32.44
User_71,48,71,7,3,62.24,0.383,Urban,Fog,Sensor,5.0,6.0,100.0,33.61
User_72,48,72,5,3,19.4,0.609,Highway,Clear,Sensor,2.0,6.0,100.0,21.72
User_73,48,73,6,2,62.24,0.717,Highway,Fog,Text,5.0,6.0,100.0,29.62
User_74,48,74,0,0,104.16,0.012,Rural,Fog,Emergency,4.0,1.0,95.5,22.3
User_75,48,75,7,1,49.72,0.868,Urban,Fog,Sensor,2.0,5.0,25.67,35.51
User_76,48,76,1,1,74.63,0.211,Highway,Clear,Emergency,3.0,1.0,95.5,17.4
User_77,48,77,3,1,29.0,0.526,Urban,Rain,Video,2.0,1.0,95.5,34.76
User_78,48,78,7,3,45.74,0.11,Urban,Fog,Emergency,3.0,6.0,100.0,29.02
User_79,48,79,6,0,36.94,0.299,Highway,Fog,Text,4.0,3.0,100.0,22.59
User_80,48,80,1,3,99.36,0.286,Urban,Rain,Text,5.0,4.0,100.0,23.27
User_81,48,81,3,1,48.24,0.126,Urban,Clear,Emergency,3.0,1.0,95.5,24.34
User_82,48,82,7,1,48.26,0.696,Highway,Fog,Sensor,4.0,5.0,25.67,28.89
User_83,48,83,7,1,54.61,0.318,Highway,Clear,Sensor,3.0,5.0,25.67,13.41
User_84,48,84,5,1,52.28,0.136,Rural,Fog,Text,3.0,6.0,100.0,27.61
User_85,48,85,6,0,28.7,0.548,Highway,Clear,Emergency,1.0,5.0,25.67,21.08
User_86,48,86,6,0,12.41,0.941,Highway,Clear,Emergency,1.0,5.0,25.67,26.49
User_87,48,87,0,2,45.0,0.715,Rural,Fog,Text,1.0,2.0,69.5,31.08
User_88,48,88,3,1,75.49,0.578,Highway,Fog,Text,1.0,1.0,95.5,37.93
User_89,48,89,6,2,40.52,0.545,Highway,Rain,Sensor,1.0,6.0,100.0,21.39
User_90,48,90,4,0,67.21,0.237,Rural,Rain,Emergency,4.0,3.0,100.0,24.57
User_91,48,91,5,1,56.28,0.415,Highway,Clear,Video,5.0,3.0,100.0,19.91
User_92,48,92,4,2,88.84,0.809,Highway,Rain,Emergency,1.0,6.0,100.0,31.8
User_93,48,93,1,3,93.03,0.21,Highway,Fog,Text,4.0,4.0,100.0,22.94
User_94,48,94,0,2,64.44,0.774,Highway,Fog,Sensor,5.0,2.0,69.5,30.54
User_95,48,95,5,3,27.92,0.12,Highway,Fog,Emergency,5.0,6.0,100.0,24.64
User_96,48,96,6,2,28.55,0.405,Urban,Rain,Text,5.0,6.0,100.0,22.93
User_97,48,97,7,1,56.03,0.415,Urban,Rain,Video,5.0,5.0,25.67,23.91
User_98,48,98,5,1,42.1,0.503,Rural,Clear,Video,3.0,6.0,100.0,22.81
User_99,48,99,0,0,31.34,0.633,Rural,Clear,Sensor,5.0,1.0,95.5,19.44
User_100,48,100,0,2,63.4,0.926,Highway,Clear,Video,3.0,2.0,69.5,22.79
User_101,48,101,4,0,54.2,0.85,Urban,Clear,Sensor,4.0,3.0,100.0,30.38
User_102,48,102,1,1,19.14,0.378,Highway,Clear,Video,3.0,1.0,95.5,18.24
User_103,48,103,3,1,69.93,0.6,Urban,Fog,Text,4.0,4.0,100.0,42.1
User_104,48,104,2,0,57.03,0.259,Highway,Fog,Video,4.0,1.0,95.5,27.6
User_105,48,105,4,0,31.72,0.762,Highway,Fog,Emergency,5.0,3.0,100.0,34.38
User_106,48,106,1,3,50.27,0.453,Urban,Clear,Sensor,2.0,2.0,69.5,24.3
User_107,48,107,3,3,73.73,0.338,Highway,Clear,Emergency,1.0,2.0,69.5,24.28
User_108,48,108,2,2,45.4,0.802,Urban,Fog,Video,5.0,4.0,100.0,39.39
User_109,48,109,0,0,54.94,0.875,Rural,Clear,Emergency,4.0,1.0,95.5,23.77
User_110,48,110,7,3,86.05,0.402,Highway,Rain,Sensor,5.0,6.0,100.0,25.61
User_111,48,111,5,1,43.99,0.862,Highway,Fog,Text,3.0,6.0,100.0,36.25
User_112,48,112,3,3,65.07,0.697,Urban,Rain,Text,5.0,4.0,100.0,33.41
User_113,48,113,6,2,51.91,0.609,Highway,Rain,Sensor,4.0,6.0,100.0,22.69
User_114,48,114,3,1,55.09,0.486,Urban,Fog,Text,3.0,1.0,95.5,39.94
User_115,48,115,1,3,19.84,0.332,Highway,Clear,Video,4.0,4.0,100.0,12.58
User_116,48,116,4,2,74.66,0.42,Highway,Clear,Emergency,4.0,6.0,100.0,20.54
User_117,48,117,6,2,41.84,0.246,Highway,Fog,Emergency,2.0,6.0,100.0,21.95
User_118,48,118,3,3,77.6,0.448,Urban,Clear,Sensor,5.0,4.0,100.0,25.05
User_119,48,119,5,3,49.34,0.623,Urban,Clear,Emergency,4.0,6.0,100.0,26.83
User_120,48,120,1,1,108.23,0.693,Urban,Rain,Sensor,2.0,1.0,95.5,34.64
User_121,48,121,4,0,49.54,0.651,Highway,Rain,Emergency,1.0,6.0,100.0,33.25
User_122,48,122,2,2,62.3,0.558,Rural,Rain,Emergency,2.0,2.0,69.5,29.24
User_123,48,123,6,2,47.43,0.468,Highway,Fog,Emergency,1.0,5.0,25.67,30.44
User_124,48,124,0,2,87.97,0.583,Rural,Fog,Video,4.0,2.0,69.5,30.38
User_125,48,125,3,1,35.19,0.692,Highway,Fog,Emergency,5.0,4.0,100.0,38.44
User_126,48,126,4,0,45.26,0.292,Highway,Fog,Text,5.0,3.0,100.0,27.74
User_127,48,127,2,0,123.18,0.644,Urban,Fog,Video,4.0,1.0,95.5,39.36
User_128,48,128,2,0,56.79,0.237,Rural,Rain,Sensor,3.0,1.0,95.5,24.26
User_129,48,129,4,2,77.3,0.265,Rural,Fog,Video,4.0,6.0,100.0,30.29
User_130,48,130,4,0,58.24,0.912,Urban,Rain,Emergency,1.0,5.0,25.67,41.43
User_131,48,131,7,3,31.28,0.86,Rural,Rain,Sensor,4.0,6.0,100.0,32.84
User_132,48,132,7,1,52.6,0.283,Urban,Clear,Text,2.0,5.0,25.67,16.82
User_133,48,133,7,1,75.25,0.17,Rural,Fog,Text,4.0,5.0,25.67,23.81
User_134,48,134,7,1,79.48,0.886,Rural,Fog,Emergency,5.0,5.0,25.67,34.67
User_135,48,135,5,1,67.97,0.515,Urban,Rain,Video,3.0,6.0,100.0,30.76
User_136,48,136,1,1,49.83,0.172,Highway,Rain,Emergency,3.0,1.0,95.5,21.07
User_137,48,137,6,0,101.02,0.543,Urban,Fog,Emergency,4.0,3.0,100.0,32.18
User_138,48,138,2,2,28.64,0.68,Highway,Rain,Emergency,5.0,4.0,100.0,28.06
User_139,48,139,6,0,100.44,0.591,Urban,Fog,Video,1.0,5.0,25.67,37.88
User_140,48,140,5,3,87.72,0.483,Highway,Fog,Text,4.0,6.0,100.0,31.88
User_141,48,141,2,0,42.28,0.609,Urban,Clear,Sensor,1.0,1.0,95.5,26.4
User_142,48,142,3,3,73.87,0.663,Urban,Fog,Emergency,1.0,2.0,69.5,43.16
User_143,48,143,2,2,66.12,0.953,Urban,Clear,Video,4.0,4.0,100.0,32.28
User_144,48,144,1,3,134.95,0.611,Rural,Clear,Emergency,5.0,4.0,100.0,22.21
User_145,48,145,6,0,38.11,0.811,Urban,Rain,Emergency,5.0,3.0,100.0,29.31
User_146,48,146,2,2,98.56,0.3,Urban,Clear,Text,4.0,2.0,69.5,23.46
User_147,48,147,6,2,49.37,0.311,Highway,Rain,Sensor,5.0,6.0,100.0,18.15
User_148,48,148,2,2,63.85,0.869,Urban,Rain,Video,3.0,2.0,69.5,35.95
User_149,48,149,6,0,127.56,0.655,Highway,Rain,Sensor,5.0,3.0,100.0,25.65
User_150,48,150,0,0,140.0,0.367,Rural,Clear,Video,2.0,1.0,95.5,18.7
User_151,48,151,1,3,78.45,0.682,Rural,Rain,Emergency,1.0,2.0,69.5,31.58
User_152,48,152,7,1,83.66,0.353,Rural,Clear,Emergency,1.0,5.0,25.67,16.8
User_153,48,153,0,2,67.47,0.396,Rural,Fog,Emergency,5.0,2.0,69.5,26.96
User_154,48,154,7,3,46.38,0.066,Urban,Rain,Sensor,4.0,6.0,100.0,23.38
User_155,48,155,6,2,109.28,0.302,Urban,Rain,Sensor,5.0,6.0,100.0,23.81
User_156,48,156,5,3,46.21,0.289,Highway,Clear,Emergency,1.0,5.0,25.67,22.72
User_157,48,157,4,2,43.83,0.078,Urban,Clear,Text,2.0,6.0,100.0,18.48
User_158,48,158,7,1,48.99,0.538,Urban,Clear,Text,5.0,5.0,25.67,20.54
User_159,48,159,1,3,79.31,0.695,Highway,Rain,Video,4.0,2.0,69.5,29.8
User_160,48,160,5,1,93.88,0.336,Urban,Rain,Sensor,1.0,6.0,100.0,28.86
User_161,48,161,2,2,46.66,0.455,Rural,Rain,Emergency,3.0,2.0,69.5,27.22
User_162,48,162,4,2,123.87,0.804,Urban,Rain,Video,4.0,6.0,100.0,36.78
User_163,48,163,3,1,24.45,0.07,Highway,Fog,Text,4.0,1.0,95.5,28.78
User_164,48,164,5,3,22.87,0.665,Highway,Fog,Text,3.0,6.0,100.0,32.66
User_165,48,165,4,0,84.27,0.682,Rural,Rain,Text,1.0,5.0,25.67,36.76
User_166,48,166,6,2,64.8,0.727,Urban,Rain,Video,3.0,6.0,100.0,28.85
User_167,48,167,4,0,70.6,0.466,Highway,Rain,Video,3.0,6.0,100.0,31.11
User_168,48,168,1,1,61.26,0.736,Highway,Rain,Emergency,5.0,1.0,95.5,29.88
User_169,48,169,1,3,13.65,0.432,Rural,Clear,Video,1.0,2.0,69.5,20.89
User_170,48,170,6,0,32.37,0.404,Rural,Fog,Video,1.0,5.0,25.67,31.03
User_171,48,171,4,2,35.0,0.714,Rural,Rain,Emergency,2.0,6.0,100.0,30.76
User_172,48,172,3,3,80.27,0.445,Highway,Fog,Video,4.0,2.0,69.5,36.08
User_173,48,173,5,1,27.89,0.622,Urban,Fog,Video,2.0,6.0,100.0,36.17
User_174,48,174,5,1,55.85,0.034,Highway,Fog,Text,5.0,3.0,100.0,24.19
User_175,48,175,1,3,20.34,0.737,Rural,Fog,Video,2.0,2.0,69.5,35.67
User_176,48,176,4,2,69.05,0.759,Rural,Fog,Text,1.0,5.0,25.67,42.46
User_177,48,177,5,1,46.51,0.633,Urban,Clear,Sensor,2.0,3.0,100.0,26.89
User_178,48,178,1,1,37.73,0.456,Highway,Rain,Video,2.0,1.0,95.5,24.97
User_179,48,179,4,0,94.34,0.573,Highway,Rain,Video,5.0,3.0,100.0,28.43
User_180,48,180,1,3,92.4,0.697,Rural,Clear,Text,1.0,2.0,69.5,27.23
User_181,48,181,4,0,75.8,0.321,Rural,Fog,Text,2.0,6.0,100.0,36.09
User_182,48,182,5,3,44.65,0.565,Rural,Fog,Emergency,4.0,6.0,100.0,33.81
User_183,48,183,4,0,52.1,0.654,Highway,Clear,Emergency,2.0,6.0,100.0,28.37
User_184,48,184,1,3,58.97,0.297,Rural,Fog,Text,4.0,2.0,69.5,30.22
User_185,48,185,7,3,30.49,0.591,Rural,Clear,Video,2.0,6.0,100.0,23.78
User_186,48,186,5,1,21.07,0.322,Highway,Fog,Sensor,5.0,3.0,100.0,27.46
User_187,48,187,1,3,28.55,0.482,Highway,Rain,Video,1.0,2.0,69.5,25.09
User_188,48,188,4,2,39.94,0.797,Rural,Fog,Sensor,1.0,5.0,25.67,42.15
User_189,48,189,3,3,24.82,0.072,Highway,Clear,Sensor,1.0,2.0,69.5,18.82
User_190,48,190,3,3,56.08,0.798,Rural,Fog,Text,1.0,2.0,69.5,42.65
User_191,48,191,4,0,34.65,0.335,Rural,Fog,Sensor,1.0,5.0,25.67,35.06
User_192,48,192,3,3,42.05,0.472,Rural,Clear,Emergency,5.0,4.0,100.0,22.34
User_193,48,193,3,1,140.0,0.674,Urban,Clear,Text,4.0,1.0,95.5,35.31
User_194,48,194,7,1,82.91,0.868,Highway,Clear,Video,3.0,5.0,25.67,22.51
User_195,48,195,7,3,93.83,0.436,Highway,Clear,Sensor,3.0,6.0,100.0,21.35
User_196,48,196,0,2,77.21,0.63,Rural,Clear,Text,3.0,2.0,69.5,20.77
User_197,48,197,2,2,46.81,0.463,Rural,Clear,Video,3.0,2.0,69.5,22.35
User_198,48,198,4,2,44.05,0.894,Urban,Rain,Video,2.0,6.0,100.0,35.73
User_199,48,199,4,2,76.37,0.385,Rural,Fog,Sensor,3.0,6.0,100.0,32.07
User_200,48,200,1,1,33.48,0.825,Rural,Clear,Emergency,2.0,1.0,95.5,27.38
User_201,48,201,4,0,47.9,0.309,Urban,Fog,Text,4.0,3.0,100.0,32.07
User_202,48,202,7,1,28.73,0.574,Rural,Fog,Video,1.0,5.0,25.67,28.47
User_203,48,203,0,0,50.3,0.455,Urban,Clear,Video,3.0,1.0,95.5,19.33
User_204,48,204,1,3,49.21,0.287,Highway,Clear,Text,1.0,2.0,69.5,17.78
User_205,48,205,6,0,17.43,0.942,Highway,Rain,Text,5.0,3.0,100.0,26.65
User_206,48,206,6,2,63.02,0.44,Urban,Fog,Sensor,2.0,6.0,100.0,29.49
User_7,49,7,2,0,79.49,0.528,Urban,Rain,Emergency,3.0,1.0,95.5,31.3
User_8,49,8,5,3,69.55,0.416,Rural,Clear,Emergency,3.0,6.0,100.0,22.33
User_9,49,9,6,2,50.68,0.364,Rural,Fog,Sensor,5.0,6.0,100.0,25.98
User_10,49,10,6,2,34.78,0.818,Highway,Rain,Sensor,3.0,6.0,100.0,25.31
User_11,49,11,7,3,27.75,0.342,Highway,Fog,Sensor,5.0,6.0,100.0,27.96
User_12,49,12,4,0,63.73,0.264,Highway,Clear,Emergency,5.0,3.0,100.0,17.87
User_13,49,13,6,0,87.76,0.333,Rural,Clear,Video,4.0,3.0,100.0,16.63
User_14,49,14,0,0,49.69,0.198,Highway,Rain,Sensor,5.0,1.0,95.5,16.46
User_15,49,15,4,0,75.0,0.652,Rural,Fog,Text,4.0,3.0,100.0,36.03
User_16,49,16,7,1,70.0,0.695,Urban,Rain,Text,5.0,5.0,25.67,28.52
User_17,49,17,7,3,31.04,0.159,Highway,Fog,Video,1.0,6.0,100.0,25.32
User_18,49,18,7,1,45.83,0.125,Highway,Rain,Text,1.0,5.0,25.67,15.25
User_19,49,19,0,0,61.96,0.876,Rural,Clear,Emergency,4.0,1.0,95.5,24.0
User_20,49,20,7,1,108.65,0.444,Highway,Rain,Video,4.0,5.0,25.67,21.92
User_21,49,21,1,1,30.68,0.813,Rural,Clear,Video,5.0,1.0,95.5,27.12
User_22,49,22,3,1,51.05,0.741,Urban,Rain,Text,5.0,4.0,100.0,38.65
User_23,49,23,2,0,123.01,0.855,Highway,Rain,Sensor,4.0,1.0,95.5,33.52
User_24,49,24,3,1,32.93,0.578,Rural,Clear,Sensor,3.0,1.0,95.5,28.66
User_25,49,25,0,2,25.85,0.754,Urban,Clear,Video,3.0,2.0,69.5,23.09
User_26,49,26,1,3,68.26,0.809,Urban,Clear,Sensor,3.0,2.0,69.5,30.18
User_27,49,27,5,3,108.56,0.615,Urban,Rain,Video,1.0,6.0,100.0,33.48
User_28,49,28,4,0,57.64,0.179,Highway,Rain,Emergency,1.0,6.0,100.0,26.41
User_29,49,29,3,3,25.02,0.251,Highway,Fog,Emergency,4.0,4.0,100.0,26.52
User_30,49,30,1,1,62.26,0.239,Highway,Clear,Emergency,3.0,1.0,95.5,17.45
User_31,49,31,4,0,22.76,0.703,Urban,Clear,Emergency,5.0,3.0,100.0,27.23
User_32,49,32,0,2,140.0,0.74,Rural,Rain,Emergency,5.0,2.0,69.5,29.3
User_33,49,33,1,1,126.43,0.208,Highway,Clear,Video,4.0,1.0,95.5,18.91
User_34,49,34,4,0,44.89,0.249,Highway,Fog,Emergency,3.0,3.0,100.0,27.08
User_35,49,35,5,1,59.59,0.659,Urban,Clear,Text,4.0,3.0,100.0,27.67
User_36,49,36,6,0,66.84,0.229,Urban,Fog,Video,4.0,3.0,100.0,26.44
User_37,49,37,3,3,28.87,0.607,Rural,Rain,Emergency,5.0,4.0,100.0,28.97
User_38,49,38,0,2,48.47,0.884,Urban,Rain,Emergency,5.0,2.0,69.5,30.71
User_39,49,39,3,1,46.09,0.139,Rural,Rain,Sensor,2.0,1.0,95.5,27.47
User_40,49,40,3,1,68.6,0.588,Rural,Clear,Sensor,5.0,4.0,100.0,29.88
User_41,49,41,2,2,57.05,0.503,Rural,Clear,Text,5.0,4.0,100.0,23.26
User_42,49,42,7,3,75.42,0.555,Urban,Rain,Video,3.0,6.0,100.0,31.59
User_43,49,43,4,0,74.4,0.481,Highway,Rain,Video,3.0,3.0,100.0,26.45
User_44,49,44,5,3,109.22,0.505,Highway,Fog,Emergency,4.0,6.0,100.0,32.85
User_45,49,45,3,3,33.74,0.308,Rural,Rain,Emergency,2.0,2.0,69.5,29.63
User_46,49,46,6,2,61.02,0.356,Rural,Rain,Video,5.0,6.0,100.0,21.17
User_47,49,47,1,1,15.19,0.223,Urban,Clear,Emergency,4.0,1.0,95.5,19.8
User_48,49,48,7,1,71.47,0.427,Highway,Rain,Sensor,1.0,5.0,25.67,20.55
User_49,49,49,0,0,79.85,0.629,Rural,Clear,Text,4.0,1.0,95.5,20.83
User_50,49,50,5,3,51.69,0.327,Highway,Clear,Sensor,5.0,6.0,100.0,18.46
User_51,49,51,4,2,60.88,0.825,Rural,Rain,Emergency,5.0,6.0,100.0,33.2
User_52,49,52,6,2,39.63,0.206,Rural,Fog,Text,1.0,6.0,100.0,23.28
User_53,49,53,0,2,69.79,0.196,Urban,Fog,Video,4.0,2.0,69.5,26.03
User_54,49,54,7,1,64.99,0.911,Urban,Clear,Text,2.0,5.0,25.67,26.61
User_55,49,55,7,1,51.32,0.763,Highway,Clear,Emergency,1.0,5.0,25.67,19.98
User_56,49,56,5,1,64.52,0.363,Urban,Clear,Emergency,3.0,3.0,100.0,23.38
User_57,49,57,7,1,31.74,0.384,Highway,Fog,Sensor,2.0,5.0,25.67,23.71
User_58,49,58,0,2,140.0,0.628,Urban,Fog,Video,3.0,2.0,69.5,34.62
User_59,49,59,1,1,33.99,0.425,Highway,Clear,Emergency,2.0,1.0,95.5,19.39
User_60,49,60,3,1,17.38,0.044,Highway,Clear,Sensor,4.0,4.0,100.0,18.18
User_61,49,61,4,2,40.82,0.495,Rural,Rain,Video,2.0,6.0,100.0,27.65
User_62,49,62,4,2,65.5,0.162,Highway,Clear,Sensor,4.0,6.0,100.0,16.39
User_63,49,63,1,3,105.98,0.682,Rural,Clear,Emergency,1.0,2.0,69.5,27.41
User_64,49,64,4,0,21.17,0.92,Highway,Clear,Video,5.0,3.0,100.0,26.44
User_65,49,65,3,3,50.01,0.685,Rural,Rain,Emergency,4.0,4.0,100.0,30.78
User_66,49,66,3,3,136.61,0.664,Rural,Rain,Sensor,3.0,2.0,69.5,38.06
User_67,49,67,3,3,52.99,0.357,Highway,Clear,Text,1.0,2.0,69.5,23.94
User_68,49,68,5,3,23.01,0.513,Highway,Fog,Text,3.0,6.0,100.0,30.39
User_69,49,69,5,3,66.11,0.477,Urban,Fog,Sensor,4.0,6.0,100.0,35.14
User_70,49,70,7,1,115.47,0.865,Urban,Rain,Text,5.0,5.0,25.67,32.44
User_71,49,71,7,3,62.24,0.383,Urban,Fog,Sensor,5.0,6.0,100.0,33.61
User_72,49,72,5,3,19.4,0.609,Highway,Clear,Sensor,2.0,6.0,100.0,21.72
User_73,49,73,6,2,62.24,0.717,Highway,Fog,Text,5.0,6.0,100.0,29.62
User_74,49,74,0,0,104.16,0.012,Rural,Fog,Emergency,4.0,1.0,95.5,22.3
User_75,49,75,7,1,49.72,0.868,Urban,Fog,Sensor,2.0,5.0,25.67,35.51
User_76,49,76,1,1,74.63,0.211,Highway,Clear,Emergency,3.0,1.0,95.5,17.4
User_77,49,77,3,1,29.0,0.526,Urban,Rain,Video,2.0,1.0,95.5,34.76
User_78,49,78,7,3,45.74,0.11,Urban,Fog,Emergency,3.0,6.0,100.0,29.02
User_79,49,79,6,0,36.94,0.299,Highway,Fog,Text,4.0,3.0,100.0,22.59
User_80,49,80,1,3,99.36,0.286,Urban,Rain,Text,5.0,4.0,100.0,23.27
User_81,49,81,3,1,48.24,0.126,Urban,Clear,Emergency,3.0,1.0,95.5,24.34
User_82,49,82,7,1,48.26,0.696,Highway,Fog,Sensor,4.0,5.0,25.67,28.89
User_83,49,83,7,1,54.61,0.318,Highway,Clear,Sensor,3.0,5.0,25.67,13.41
User_84,49,84,5,1,52.28,0.136,Rural,Fog,Text,3.0,6.0,100.0,27.61
User_85,49,85,6,0,28.7,0.548,Highway,Clear,Emergency,1.0,5.0,25.67,21.08
User_86,49,86,6,0,12.41,0.941,Highway,Clear,Emergency,1.0,5.0,25.67,26.49
User_87,49,87,0,2,45.0,0.715,Rural,Fog,Text,1.0,2.0,69.5,31.08
User_88,49,88,3,1,75.49,0.578,Highway,Fog,Text,1.0,1.0,95.5,37.93
User_89,49,89,6,2,40.52,0.545,Highway,Rain,Sensor,1.0,6.0,100.0,21.39
User_90,49,90,4,0,67.21,0.237,Rural,Rain,Emergency,4.0,3.0,100.0,24.57
User_91,49,91,5,1,56.28,0.415,Highway,Clear,Video,5.0,3.0,100.0,19.91
User_92,49,92,4,2,88.84,0.809,Highway,Rain,Emergency,1.0,6.0,100.0,31.8
User_93,49,93,1,3,93.03,0.21,Highway,Fog,Text,4.0,4.0,100.0,22.94
User_94,49,94,0,2,64.44,0.774,Highway,Fog,Sensor,5.0,2.0,69.5,30.54
User_95,49,95,5,3,27.92,0.12,Highway,Fog,Emergency,5.0,6.0,100.0,24.64
User_96,49,96,6,2,28.55,0.405,Urban,Rain,Text,5.0,6.0,100.0,22.93
User_97,49,97,7,1,56.03,0.415,Urban,Rain,Video,5.0,5.0,25.67,23.91
User_98,49,98,5,1,42.1,0.503,Rural,Clear,Video,3.0,6.0,100.0,22.81
User_99,49,99,0,0,31.34,0.633,Rural,Clear,Sensor,5.0,1.0,95.5,19.44
User_100,49,100,0,2,63.4,0.926,Highway,Clear,Video,3.0,2.0,69.5,22.79
User_101,49,101,4,0,54.2,0.85,Urban,Clear,Sensor,4.0,3.0,100.0,30.38
User_102,49,102,1,1,19.14,0.378,Highway,Clear,Video,3.0,1.0,95.5,18.24
User_103,49,103,3,1,69.93,0.6,Urban,Fog,Text,4.0,4.0,100.0,42.1
User_104,49,104,2,0,57.03,0.259,Highway,Fog,Video,4.0,1.0,95.5,27.6
User_105,49,105,4,0,31.72,0.762,Highway,Fog,Emergency,5.0,3.0,100.0,34.38
User_106,49,106,1,3,50.27,0.453,Urban,Clear,Sensor,2.0,2.0,69.5,24.3
User_107,49,107,3,3,73.73,0.338,Highway,Clear,Emergency,1.0,2.0,69.5,24.28
User_108,49,108,2,2,45.4,0.802,Urban,Fog,Video,5.0,4.0,100.0,39.39
User_109,49,109,0,0,54.94,0.875,Rural,Clear,Emergency,4.0,1.0,95.5,23.77
User_110,49,110,7,3,86.05,0.402,Highway,Rain,Sensor,5.0,6.0,100.0,25.61
User_111,49,111,5,1,43.99,0.862,Highway,Fog,Text,3.0,6.0,100.0,36.25
User_112,49,112,3,3,65.07,0.697,Urban,Rain,Text,5.0,4.0,100.0,33.41
User_113,49,113,6,2,51.91,0.609,Highway,Rain,Sensor,4.0,6.0,100.0,22.69
User_114,49,114,3,1,55.09,0.486,Urban,Fog,Text,3.0,1.0,95.5,39.94
User_115,49,115,1,3,19.84,0.332,Highway,Clear,Video,4.0,4.0,100.0,12.58
User_116,49,116,4,2,74.66,0.42,Highway,Clear,Emergency,4.0,6.0,100.0,20.54
User_117,49,117,6,2,41.84,0.246,Highway,Fog,Emergency,2.0,6.0,100.0,21.95
User_118,49,118,3,3,77.6,0.448,Urban,Clear,Sensor,5.0,4.0,100.0,25.05
User_119,49,119,5,3,49.34,0.623,Urban,Clear,Emergency,4.0,6.0,100.0,26.83
User_120,49,120,1,1,108.23,0.693,Urban,Rain,Sensor,2.0,1.0,95.5,34.64
User_121,49,121,4,0,49.54,0.651,Highway,Rain,Emergency,1.0,6.0,100.0,33.25
User_122,49,122,2,2,62.3,0.558,Rural,Rain,Emergency,2.0,2.0,69.5,29.24
User_123,49,123,6,2,47.43,0.468,Highway,Fog,Emergency,1.0,5.0,25.67,30.44
User_124,49,124,0,2,87.97,0.583,Rural,Fog,Video,4.0,2.0,69.5,30.38
User_125,49,125,3,1,35.19,0.692,Highway,Fog,Emergency,5.0,4.0,100.0,38.44
User_126,49,126,4,0,45.26,0.292,Highway,Fog,Text,5.0,3.0,100.0,27.74
User_127,49,127,2,0,123.18,0.644,Urban,Fog,Video,4.0,1.0,95.5,39.36
User_128,49,128,2,0,56.79,0.237,Rural,Rain,Sensor,3.0,1.0,95.5,24.26
User_129,49,129,4,2,77.3,0.265,Rural,Fog,Video,4.0,6.0,100.0,30.29
User_130,49,130,4,0,58.24,0.912,Urban,Rain,Emergency,1.0,5.0,25.67,41.43
User_131,49,131,7,3,31.28,0.86,Rural,Rain,Sensor,4.0,6.0,100.0,32.84
User_132,49,132,7,1,52.6,0.283,Urban,Clear,Text,2.0,5.0,25.67,16.82
User_133,49,133,7,1,75.25,0.17,Rural,Fog,Text,4.0,5.0,25.67,23.81
User_134,49,134,7,1,79.48,0.886,Rural,Fog,Emergency,5.0,5.0,25.67,34.67
User_135,49,135,5,1,67.97,0.515,Urban,Rain,Video,3.0,6.0,100.0,30.76
User_136,49,136,1,1,49.83,0.172,Highway,Rain,Emergency,3.0,1.0,95.5,21.07
User_137,49,137,6,0,101.02,0.543,Urban,Fog,Emergency,4.0,3.0,100.0,32.18
User_138,49,138,2,2,28.64,0.68,Highway,Rain,Emergency,5.0,4.0,100.0,28.06
User_139,49,139,6,0,100.44,0.591,Urban,Fog,Video,1.0,5.0,25.67,37.88
User_140,49,140,5,3,87.72,0.483,Highway,Fog,Text,4.0,6.0,100.0,31.88
User_141,49,141,2,0,42.28,0.609,Urban,Clear,Sensor,1.0,1.0,95.5,26.4
User_142,49,142,3,3,73.87,0.663,Urban,Fog,Emergency,1.0,2.0,69.5,43.16
User_143,49,143,2,2,66.12,0.953,Urban,Clear,Video,4.0,4.0,100.0,32.28
User_144,49,144,1,3,134.95,0.611,Rural,Clear,Emergency,5.0,4.0,100.0,22.21
User_145,49,145,6,0,38.11,0.811,Urban,Rain,Emergency,5.0,3.0,100.0,29.31
User_146,49,146,2,2,98.56,0.3,Urban,Clear,Text,4.0,2.0,69.5,23.46
User_147,49,147,6,2,49.37,0.311,Highway,Rain,Sensor,5.0,6.0,100.0,18.15
User_148,49,148,2,2,63.85,0.869,Urban,Rain,Video,3.0,2.0,69.5,35.95
User_149,49,149,6,0,127.56,0.655,Highway,Rain,Sensor,5.0,3.0,100.0,25.65
User_150,49,150,0,0,140.0,0.367,Rural,Clear,Video,2.0,1.0,95.5,18.7
User_151,49,151,1,3,78.45,0.682,Rural,Rain,Emergency,1.0,2.0,69.5,31.58
User_152,49,152,7,1,83.66,0.353,Rural,Clear,Emergency,1.0,5.0,25.67,16.8
User_153,49,153,0,2,67.47,0.396,Rural,Fog,Emergency,5.0,2.0,69.5,26.96
User_154,49,154,7,3,46.38,0.066,Urban,Rain,Sensor,4.0,6.0,100.0,23.38
User_155,49,155,6,2,109.28,0.302,Urban,Rain,Sensor,5.0,6.0,100.0,23.81
User_156,49,156,5,3,46.21,0.289,Highway,Clear,Emergency,1.0,5.0,25.67,22.72
User_157,49,157,4,2,43.83,0.078,Urban,Clear,Text,2.0,6.0,100.0,18.48
User_158,49,158,7,1,48.99,0.538,Urban,Clear,Text,5.0,5.0,25.67,20.54
User_159,49,159,1,3,79.31,0.695,Highway,Rain,Video,4.0,2.0,69.5,29.8
User_160,49,160,5,1,93.88,0.336,Urban,Rain,Sensor,1.0,6.0,100.0,28.86
User_161,49,161,2,2,46.66,0.455,Rural,Rain,Emergency,3.0,2.0,69.5,27.22
User_162,49,162,4,2,123.87,0.804,Urban,Rain,Video,4.0,6.0,100.0,36.78
User_163,49,163,3,1,24.45,0.07,Highway,Fog,Text,4.0,1.0,95.5,28.78
User_164,49,164,5,3,22.87,0.665,Highway,Fog,Text,3.0,6.0,100.0,32.66
User_165,49,165,4,0,84.27,0.682,Rural,Rain,Text,1.0,5.0,25.67,36.76
User_166,49,166,6,2,64.8,0.727,Urban,Rain,Video,3.0,6.0,100.0,28.85
User_167,49,167,4,0,70.6,0.466,Highway,Rain,Video,3.0,6.0,100.0,31.11
User_168,49,168,1,1,61.26,0.736,Highway,Rain,Emergency,5.0,1.0,95.5,29.88
User_169,49,169,1,3,13.65,0.432,Rural,Clear,Video,1.0,2.0,69.5,20.89
User_170,49,170,6,0,32.37,0.404,Rural,Fog,Video,1.0,5.0,25.67,31.03
User_171,49,171,4,2,35.0,0.714,Rural,Rain,Emergency,2.0,6.0,100.0,30.76
User_172,49,172,3,3,80.27,0.445,Highway,Fog,Video,4.0,2.0,69.5,36.08
User_173,49,173,5,1,27.89,0.622,Urban,Fog,Video,2.0,6.0,100.0,36.17
User_174,49,174,5,1,55.85,0.034,Highway,Fog,Text,5.0,3.0,100.0,24.19
User_175,49,175,1,3,20.34,0.737,Rural,Fog,Video,2.0,2.0,69.5,35.67
User_176,49,176,4,2,69.05,0.759,Rural,Fog,Text,1.0,5.0,25.67,42.46
User_177,49,177,5,1,46.51,0.633,Urban,Clear,Sensor,2.0,3.0,100.0,26.89
User_178,49,178,1,1,37.73,0.456,Highway,Rain,Video,2.0,1.0,95.5,24.97
User_179,49,179,4,0,94.34,0.573,Highway,Rain,Video,5.0,3.0,100.0,28.43
User_180,49,180,1,3,92.4,0.697,Rural,Clear,Text,1.0,2.0,69.5,27.23
User_181,49,181,4,0,75.8,0.321,Rural,Fog,Text,2.0,6.0,100.0,36.09
User_182,49,182,5,3,44.65,0.565,Rural,Fog,Emergency,4.0,6.0,100.0,33.81
User_183,49,183,4,0,52.1,0.654,Highway,Clear,Emergency,2.0,6.0,100.0,28.37
User_184,49,184,1,3,58.97,0.297,Rural,Fog,Text,4.0,2.0,69.5,30.22
User_185,49,185,7,3,30.49,0.591,Rural,Clear,Video,2.0,6.0,100.0,23.78
User_186,49,186,5,1,21.07,0.322,Highway,Fog,Sensor,5.0,3.0,100.0,27.46
User_187,49,187,1,3,28.55,0.482,Highway,Rain,Video,1.0,2.0,69.5,25.09
User_188,49,188,4,2,39.94,0.797,Rural,Fog,Sensor,1.0,5.0,25.67,42.15
User_189,49,189,3,3,24.82,0.072,Highway,Clear,Sensor,1.0,2.0,69.5,18.82
User_190,49,190,3,3,56.08,0.798,Rural,Fog,Text,1.0,2.0,69.5,42.65
User_191,49,191,4,0,34.65,0.335,Rural,Fog,Sensor,1.0,5.0,25.67,35.06
User_192,49,192,3,3,42.05,0.472,Rural,Clear,Emergency,5.0,4.0,100.0,22.34
User_193,49,193,3,1,140.0,0.674,Urban,Clear,Text,4.0,1.0,95.5,35.31
User_194,49,194,7,1,82.91,0.868,Highway,Clear,Video,3.0,5.0,25.67,22.51
User_195,49,195,7,3,93.83,0.436,Highway,Clear,Sensor,3.0,6.0,100.0,21.35
User_196,49,196,0,2,77.21,0.63,Rural,Clear,Text,3.0,2.0,69.5,20.77
User_197,49,197,2,2,46.81,0.463,Rural,Clear,Video,3.0,2.0,69.5,22.35
User_198,49,198,4,2,44.05,0.894,Urban,Rain,Video,2.0,6.0,100.0,35.73
User_199,49,199,4,2,76.37,0.385,Rural,Fog,Sensor,3.0,6.0,100.0,32.07
User_200,49,200,1,1,33.48,0.825,Rural,Clear,Emergency,2.0,1.0,95.5,27.38
User_201,49,201,4,0,47.9,0.309,Urban,Fog,Text,4.0,3.0,100.0,32.07
User_202,49,202,7,1,28.73,0.574,Rural,Fog,Video,1.0,5.0,25.67,28.47
User_203,49,203,0,0,50.3,0.455,Urban,Clear,Video,3.0,1.0,95.5,19.33
User_204,49,204,1,3,49.21,0.287,Highway,Clear,Text,1.0,2.0,69.5,17.78
User_205,49,205,6,0,17.43,0.942,Highway,Rain,Text,5.0,3.0,100.0,26.65
User_206,49,206,6,2,63.02,0.44,Urban,Fog,Sensor,2.0,6.0,100.0,29.49
User_7,50,7,2,0,79.49,0.528,Urban,Rain,Emergency,3.0,1.0,95.5,31.3
User_8,50,8,5,3,69.55,0.416,Rural,Clear,Emergency,3.0,6.0,100.0,22.33
User_9,50,9,6,2,50.68,0.364,Rural,Fog,Sensor,5.0,6.0,100.0,25.98
User_10,50,10,6,2,34.78,0.818,Highway,Rain,Sensor,3.0,6.0,100.0,25.31
User_11,50,11,7,3,27.75,0.342,Highway,Fog,Sensor,5.0,6.0,100.0,27.96
User_12,50,12,4,0,63.73,0.264,Highway,Clear,Emergency,5.0,3.0,100.0,17.87
User_13,50,13,6,0,87.76,0.333,Rural,Clear,Video,4.0,3.0,100.0,16.63
User_14,50,14,0,0,49.69,0.198,Highway,Rain,Sensor,5.0,1.0,95.5,16.46
User_15,50,15,4,0,75.0,0.652,Rural,Fog,Text,4.0,3.0,100.0,36.03
User_16,50,16,7,1,70.0,0.695,Urban,Rain,Text,5.0,5.0,25.67,28.52
User_17,50,17,7,3,31.04,0.159,Highway,Fog,Video,1.0,6.0,100.0,25.32
User_18,50,18,7,1,45.83,0.125,Highway,Rain,Text,1.0,5.0,25.67,15.25
User_19,50,19,0,0,61.96,0.876,Rural,Clear,Emergency,4.0,1.0,95.5,24.0
User_20,50,20,7,1,108.65,0.444,Highway,Rain,Video,4.0,5.0,25.67,21.92
User_21,50,21,1,1,30.68,0.813,Rural,Clear,Video,5.0,1.0,95.5,27.12
User_22,50,22,3,1,51.05,0.741,Urban,Rain,Text,5.0,4.0,100.0,38.65
User_23,50,23,2,0,123.01,0.855,Highway,Rain,Sensor,4.0,1.0,95.5,33.52
User_24,50,24,3,1,32.93,0.578,Rural,Clear,Sensor,3.0,1.0,95.5,28.66
User_25,50,25,0,2,25.85,0.754,Urban,Clear,Video,3.0,2.0,69.5,23.09
User_26,50,26,1,3,68.26,0.809,Urban,Clear,Sensor,3.0,2.0,69.5,30.18
User_27,50,27,5,3,108.56,0.615,Urban,Rain,Video,1.0,6.0,100.0,33.48
User_28,50,28,4,0,57.64,0.179,Highway,Rain,Emergency,1.0,6.0,100.0,26.41
User_29,50,29,3,3,25.02,0.251,Highway,Fog,Emergency,4.0,4.0,100.0,26.52
User_30,50,30,1,1,62.26,0.239,Highway,Clear,Emergency,3.0,1.0,95.5,17.45
User_31,50,31,4,0,22.76,0.703,Urban,Clear,Emergency,5.0,3.0,100.0,27.23
User_32,50,32,0,2,140.0,0.74,Rural,Rain,Emergency,5.0,2.0,69.5,29.3
User_33,50,33,1,1,126.43,0.208,Highway,Clear,Video,4.0,1.0,95.5,18.91
User_34,50,34,4,0,44.89,0.249,Highway,Fog,Emergency,3.0,3.0,100.0,27.08
User_35,50,35,5,1,59.59,0.659,Urban,Clear,Text,4.0,3.0,100.0,27.67
User_36,50,36,6,0,66.84,0.229,Urban,Fog,Video,4.0,3.0,100.0,26.44
User_37,50,37,3,3,28.87,0.607,Rural,Rain,Emergency,5.0,4.0,100.0,28.97
User_38,50,38,0,2,48.47,0.884,Urban,Rain,Emergency,5.0,2.0,69.5,30.71
User_39,50,39,3,1,46.09,0.139,Rural,Rain,Sensor,2.0,1.0,95.5,27.47
User_40,50,40,3,1,68.6,0.588,Rural,Clear,Sensor,5.0,4.0,100.0,29.88
User_41,50,41,2,2,57.05,0.503,Rural,Clear,Text,5.0,4.0,100.0,23.26
User_42,50,42,7,3,75.42,0.555,Urban,Rain,Video,3.0,6.0,100.0,31.59
User_43,50,43,4,0,74.4,0.481,Highway,Rain,Video,3.0,3.0,100.0,26.45
User_44,50,44,5,3,109.22,0.505,Highway,Fog,Emergency,4.0,6.0,100.0,32.85
User_45,50,45,3,3,33.74,0.308,Rural,Rain,Emergency,2.0,2.0,69.5,29.63
User_46,50,46,6,2,61.02,0.356,Rural,Rain,Video,5.0,6.0,100.0,21.17
User_47,50,47,1,1,15.19,0.223,Urban,Clear,Emergency,4.0,1.0,95.5,19.8
User_48,50,48,7,1,71.47,0.427,Highway,Rain,Sensor,1.0,5.0,25.67,20.55
User_49,50,49,0,0,79.85,0.629,Rural,Clear,Text,4.0,1.0,95.5,20.83
User_50,50,50,5,3,51.69,0.327,Highway,Clear,Sensor,5.0,6.0,100.0,18.46
User_51,50,51,4,2,60.88,0.825,Rural,Rain,Emergency,5.0,6.0,100.0,33.2
User_52,50,52,6,2,39.63,0.206,Rural,Fog,Text,1.0,6.0,100.0,23.28
User_53,50,53,0,2,69.79,0.196,Urban,Fog,Video,4.0,2.0,69.5,26.03
User_54,50,54,7,1,64.99,0.911,Urban,Clear,Text,2.0,5.0,25.67,26.61
User_55,50,55,7,1,51.32,0.763,Highway,Clear,Emergency,1.0,5.0,25.67,19.98
User_56,50,56,5,1,64.52,0.363,Urban,Clear,Emergency,3.0,3.0,100.0,23.38
User_57,50,57,7,1,31.74,0.384,Highway,Fog,Sensor,2.0,5.0,25.67,23.71
User_58,50,58,0,2,140.0,0.628,Urban,Fog,Video,3.0,2.0,69.5,34.62
User_59,50,59,1,1,33.99,0.425,Highway,Clear,Emergency,2.0,1.0,95.5,19.39
User_60,50,60,3,1,17.38,0.044,Highway,Clear,Sensor,4.0,4.0,100.0,18.18
User_61,50,61,4,2,40.82,0.495,Rural,Rain,Video,2.0,6.0,100.0,27.65
User_62,50,62,4,2,65.5,0.162,Highway,Clear,Sensor,4.0,6.0,100.0,16.39
User_63,50,63,1,3,105.98,0.682,Rural,Clear,Emergency,1.0,2.0,69.5,27.41
User_64,50,64,4,0,21.17,0.92,Highway,Clear,Video,5.0,3.0,100.0,26.44
User_65,50,65,3,3,50.01,0.685,Rural,Rain,Emergency,4.0,4.0,100.0,30.78
User_66,50,66,3,3,136.61,0.664,Rural,Rain,Sensor,3.0,2.0,69.5,38.06
User_67,50,67,3,3,52.99,0.357,Highway,Clear,Text,1.0,2.0,69.5,23.94
User_68,50,68,5,3,23.01,0.513,Highway,Fog,Text,3.0,6.0,100.0,30.39
User_69,50,69,5,3,66.11,0.477,Urban,Fog,Sensor,4.0,6.0,100.0,35.14
User_70,50,70,7,1,115.47,0.865,Urban,Rain,Text,5.0,5.0,25.67,32.44
User_71,50,71,7,3,62.24,0.383,Urban,Fog,Sensor,5.0,6.0,100.0,33.61
User_72,50,72,5,3,19.4,0.609,Highway,Clear,Sensor,2.0,6.0,100.0,21.72
User_73,50,73,6,2,62.24,0.717,Highway,Fog,Text,5.0,6.0,100.0,29.62
User_74,50,74,0,0,104.16,0.012,Rural,Fog,Emergency,4.0,1.0,95.5,22.3
User_75,50,75,7,1,49.72,0.868,Urban,Fog,Sensor,2.0,5.0,25.67,35.51
User_76,50,76,1,1,74.63,0.211,Highway,Clear,Emergency,3.0,1.0,95.5,17.4
User_77,50,77,3,1,29.0,0.526,Urban,Rain,Video,2.0,1.0,95.5,34.76
User_78,50,78,7,3,45.74,0.11,Urban,Fog,Emergency,3.0,6.0,100.0,29.02
User_79,50,79,6,0,36.94,0.299,Highway,Fog,Text,4.0,3.0,100.0,22.59
User_80,50,80,1,3,99.36,0.286,Urban,Rain,Text,5.0,4.0,100.0,23.27
User_81,50,81,3,1,48.24,0.126,Urban,Clear,Emergency,3.0,1.0,95.5,24.34
User_82,50,82,7,1,48.26,0.696,Highway,Fog,Sensor,4.0,5.0,25.67,28.89
User_83,50,83,7,1,54.61,0.318,Highway,Clear,Sensor,3.0,5.0,25.67,13.41
User_84,50,84,5,1,52.28,0.136,Rural,Fog,Text,3.0,6.0,100.0,27.61
User_85,50,85,6,0,28.7,0.548,Highway,Clear,Emergency,1.0,5.0,25.67,21.08
User_86,50,86,6,0,12.41,0.941,Highway,Clear,Emergency,1.0,5.0,25.67,26.49
User_87,50,87,0,2,45.0,0.715,Rural,Fog,Text,1.0,2.0,69.5,31.08
User_88,50,88,3,1,75.49,0.578,Highway,Fog,Text,1.0,1.0,95.5,37.93
User_89,50,89,6,2,40.52,0.545,Highway,Rain,Sensor,1.0,6.0,100.0,21.39
User_90,50,90,4,0,67.21,0.237,Rural,Rain,Emergency,4.0,3.0,100.0,24.57
User_91,50,91,5,1,56.28,0.415,Highway,Clear,Video,5.0,3.0,100.0,19.91
User_92,50,92,4,2,88.84,0.809,Highway,Rain,Emergency,1.0,6.0,100.0,31.8
User_93,50,93,1,3,93.03,0.21,Highway,Fog,Text,4.0,4.0,100.0,22.94
User_94,50,94,0,2,64.44,0.774,Highway,Fog,Sensor,5.0,2.0,69.5,30.54
User_95,50,95,5,3,27.92,0.12,Highway,Fog,Emergency,5.0,6.0,100.0,24.64
User_96,50,96,6,2,28.55,0.405,Urban,Rain,Text,5.0,6.0,100.0,22.93
User_97,50,97,7,1,56.03,0.415,Urban,Rain,Video,5.0,5.0,25.67,23.91
User_98,50,98,5,1,42.1,0.503,Rural,Clear,Video,3.0,6.0,100.0,22.81
User_99,50,99,0,0,31.34,0.633,Rural,Clear,Sensor,5.0,1.0,95.5,19.44
User_100,50,100,0,2,63.4,0.926,Highway,Clear,Video,3.0,2.0,69.5,22.79
User_101,50,101,4,0,54.2,0.85,Urban,Clear,Sensor,4.0,3.0,100.0,30.38
User_102,50,102,1,1,19.14,0.378,Highway,Clear,Video,3.0,1.0,95.5,18.24
User_103,50,103,3,1,69.93,0.6,Urban,Fog,Text,4.0,4.0,100.0,42.1
User_104,50,104,2,0,57.03,0.259,Highway,Fog,Video,4.0,1.0,95.5,27.6
User_105,50,105,4,0,31.72,0.762,Highway,Fog,Emergency,5.0,3.0,100.0,34.38
User_106,50,106,1,3,50.27,0.453,Urban,Clear,Sensor,2.0,2.0,69.5,24.3
User_107,50,107,3,3,73.73,0.338,Highway,Clear,Emergency,1.0,2.0,69.5,24.28
User_108,50,108,2,2,45.4,0.802,Urban,Fog,Video,5.0,4.0,100.0,39.39
User_109,50,109,0,0,54.94,0.875,Rural,Clear,Emergency,4.0,1.0,95.5,23.77
User_110,50,110,7,3,86.05,0.402,Highway,Rain,Sensor,5.0,6.0,100.0,25.61
User_111,50,111,5,1,43.99,0.862,Highway,Fog,Text,3.0,6.0,100.0,36.25
User_112,50,112,3,3,65.07,0.697,Urban,Rain,Text,5.0,4.0,100.0,33.41
User_113,50,113,6,2,51.91,0.609,Highway,Rain,Sensor,4.0,6.0,100.0,22.69
User_114,50,114,3,1,55.09,0.486,Urban,Fog,Text,3.0,1.0,95.5,39.94
User_115,50,115,1,3,19.84,0.332,Highway,Clear,Video,4.0,4.0,100.0,12.58
User_116,50,116,4,2,74.66,0.42,Highway,Clear,Emergency,4.0,6.0,100.0,20.54
User_117,50,117,6,2,41.84,0.246,Highway,Fog,Emergency,2.0,6.0,100.0,21.95
User_118,50,118,3,3,77.6,0.448,Urban,Clear,Sensor,5.0,4.0,100.0,25.05
User_119,50,119,5,3,49.34,0.623,Urban,Clear,Emergency,4.0,6.0,100.0,26.83
User_120,50,120,1,1,108.23,0.693,Urban,Rain,Sensor,2.0,1.0,95.5,34.64
User_121,50,121,4,0,49.54,0.651,Highway,Rain,Emergency,1.0,6.0,100.0,33.25
User_122,50,122,2,2,62.3,0.558,Rural,Rain,Emergency,2.0,2.0,69.5,29.24
User_123,50,123,6,2,47.43,0.468,Highway,Fog,Emergency,1.0,5.0,25.67,30.44
User_124,50,124,0,2,87.97,0.583,Rural,Fog,Video,4.0,2.0,69.5,30.38
User_125,50,125,3,1,35.19,0.692,Highway,Fog,Emergency,5.0,4.0,100.0,38.44
User_126,50,126,4,0,45.26,0.292,Highway,Fog,Text,5.0,3.0,100.0,27.74
User_127,50,127,2,0,123.18,0.644,Urban,Fog,Video,4.0,1.0,95.5,39.36
User_128,50,128,2,0,56.79,0.237,Rural,Rain,Sensor,3.0,1.0,95.5,24.26
User_129,50,129,4,2,77.3,0.265,Rural,Fog,Video,4.0,6.0,100.0,30.29
User_130,50,130,4,0,58.24,0.912,Urban,Rain,Emergency,1.0,5.0,25.67,41.43
User_131,50,131,7,3,31.28,0.86,Rural,Rain,Sensor,4.0,6.0,100.0,32.84
User_132,50,132,7,1,52.6,0.283,Urban,Clear,Text,2.0,5.0,25.67,16.82
User_133,50,133,7,1,75.25,0.17,Rural,Fog,Text,4.0,5.0,25.67,23.81
User_134,50,134,7,1,79.48,0.886,Rural,Fog,Emergency,5.0,5.0,25.67,34.67
User_135,50,135,5,1,67.97,0.515,Urban,Rain,Video,3.0,6.0,100.0,30.76
User_136,50,136,1,1,49.83,0.172,Highway,Rain,Emergency,3.0,1.0,95.5,21.07
User_137,50,137,6,0,101.02,0.543,Urban,Fog,Emergency,4.0,3.0,100.0,32.18
User_138,50,138,2,2,28.64,0.68,Highway,Rain,Emergency,5.0,4.0,100.0,28.06
User_139,50,139,6,0,100.44,0.591,Urban,Fog,Video,1.0,5.0,25.67,37.88
User_140,50,140,5,3,87.72,0.483,Highway,Fog,Text,4.0,6.0,100.0,31.88
User_141,50,141,2,0,42.28,0.609,Urban,Clear,Sensor,1.0,1.0,95.5,26.4
User_142,50,142,3,3,73.87,0.663,Urban,Fog,Emergency,1.0,2.0,69.5,43.16
User_143,50,143,2,2,66.12,0.953,Urban,Clear,Video,4.0,4.0,100.0,32.28
User_144,50,144,1,3,134.95,0.611,Rural,Clear,Emergency,5.0,4.0,100.0,22.21
User_145,50,145,6,0,38.11,0.811,Urban,Rain,Emergency,5.0,3.0,100.0,29.31
User_146,50,146,2,2,98.56,0.3,Urban,Clear,Text,4.0,2.0,69.5,23.46
User_147,50,147,6,2,49.37,0.311,Highway,Rain,Sensor,5.0,6.0,100.0,18.15
User_148,50,148,2,2,63.85,0.869,Urban,Rain,Video,3.0,2.0,69.5,35.95
User_149,50,149,6,0,127.56,0.655,Highway,Rain,Sensor,5.0,3.0,100.0,25.65
User_150,50,150,0,0,140.0,0.367,Rural,Clear,Video,2.0,1.0,95.5,18.7
User_151,50,151,1,3,78.45,0.682,Rural,Rain,Emergency,1.0,2.0,69.5,31.58
User_152,50,152,7,1,83.66,0.353,Rural,Clear,Emergency,1.0,5.0,25.67,16.8
User_153,50,153,0,2,67.47,0.396,Rural,Fog,Emergency,5.0,2.0,69.5,26.96
User_154,50,154,7,3,46.38,0.066,Urban,Rain,Sensor,4.0,6.0,100.0,23.38
User_155,50,155,6,2,109.28,0.302,Urban,Rain,Sensor,5.0,6.0,100.0,23.81
User_156,50,156,5,3,46.21,0.289,Highway,Clear,Emergency,1.0,5.0,25.67,22.72
User_157,50,157,4,2,43.83,0.078,Urban,Clear,Text,2.0,6.0,100.0,18.48
User_158,50,158,7,1,48.99,0.538,Urban,Clear,Text,5.0,5.0,25.67,20.54
User_159,50,159,1,3,79.31,0.695,Highway,Rain,Video,4.0,2.0,69.5,29.8
User_160,50,160,5,1,93.88,0.336,Urban,Rain,Sensor,1.0,6.0,100.0,28.86
User_161,50,161,2,2,46.66,0.455,Rural,Rain,Emergency,3.0,2.0,69.5,27.22
User_162,50,162,4,2,123.87,0.804,Urban,Rain,Video,4.0,6.0,100.0,36.78
User_163,50,163,3,1,24.45,0.07,Highway,Fog,Text,4.0,1.0,95.5,28.78
User_164,50,164,5,3,22.87,0.665,Highway,Fog,Text,3.0,6.0,100.0,32.66
User_165,50,165,4,0,84.27,0.682,Rural,Rain,Text,1.0,5.0,25.67,36.76
User_166,50,166,6,2,64.8,0.727,Urban,Rain,Video,3.0,6.0,100.0,28.85
User_167,50,167,4,0,70.6,0.466,Highway,Rain,Video,3.0,6.0,100.0,31.11
User_168,50,168,1,1,61.26,0.736,Highway,Rain,Emergency,5.0,1.0,95.5,29.88
User_169,50,169,1,3,13.65,0.432,Rural,Clear,Video,1.0,2.0,69.5,20.89
User_170,50,170,6,0,32.37,0.404,Rural,Fog,Video,1.0,5.0,25.67,31.03
User_171,50,171,4,2,35.0,0.714,Rural,Rain,Emergency,2.0,6.0,100.0,30.76
User_172,50,172,3,3,80.27,0.445,Highway,Fog,Video,4.0,2.0,69.5,36.08
User_173,50,173,5,1,27.89,0.622,Urban,Fog,Video,2.0,6.0,100.0,36.17
User_174,50,174,5,1,55.85,0.034,Highway,Fog,Text,5.0,3.0,100.0,24.19
User_175,50,175,1,3,20.34,0.737,Rural,Fog,Video,2.0,2.0,69.5,35.67
User_176,50,176,4,2,69.05,0.759,Rural,Fog,Text,1.0,5.0,25.67,42.46
User_177,50,177,5,1,46.51,0.633,Urban,Clear,Sensor,2.0,3.0,100.0,26.89
User_178,50,178,1,1,37.73,0.456,Highway,Rain,Video,2.0,1.0,95.5,24.97
User_179,50,179,4,0,94.34,0.573,Highway,Rain,Video,5.0,3.0,100.0,28.43
User_180,50,180,1,3,92.4,0.697,Rural,Clear,Text,1.0,2.0,69.5,27.23
User_181,50,181,4,0,75.8,0.321,Rural,Fog,Text,2.0,6.0,100.0,36.09
User_182,50,182,5,3,44.65,0.565,Rural,Fog,Emergency,4.0,6.0,100.0,33.81
User_183,50,183,4,0,52.1,0.654,Highway,Clear,Emergency,2.0,6.0,100.0,28.37
User_184,50,184,1,3,58.97,0.297,Rural,Fog,Text,4.0,2.0,69.5,30.22
User_185,50,185,7,3,30.49,0.591,Rural,Clear,Video,2.0,6.0,100.0,23.78
User_186,50,186,5,1,21.07,0.322,Highway,Fog,Sensor,5.0,3.0,100.0,27.46
User_187,50,187,1,3,28.55,0.482,Highway,Rain,Video,1.0,2.0,69.5,25.09
User_188,50,188,4,2,39.94,0.797,Rural,Fog,Sensor,1.0,5.0,25.67,42.15
User_189,50,189,3,3,24.82,0.072,Highway,Clear,Sensor,1.0,2.0,69.5,18.82
User_190,50,190,3,3,56.08,0.798,Rural,Fog,Text,1.0,2.0,69.5,42.65
User_191,50,191,4,0,34.65,0.335,Rural,Fog,Sensor,1.0,5.0,25.67,35.06
User_192,50,192,3,3,42.05,0.472,Rural,Clear,Emergency,5.0,4.0,100.0,22.34
User_193,50,193,3,1,140.0,0.674,Urban,Clear,Text,4.0,1.0,95.5,35.31
User_194,50,194,7,1,82.91,0.868,Highway,Clear,Video,3.0,5.0,25.67,22.51
User_195,50,195,7,3,93.83,0.436,Highway,Clear,Sensor,3.0,6.0,100.0,21.35
User_196,50,196,0,2,77.21,0.63,Rural,Clear,Text,3.0,2.0,69.5,20.77
User_197,50,197,2,2,46.81,0.463,Rural,Clear,Video,3.0,2.0,69.5,22.35
User_198,50,198,4,2,44.05,0.894,Urban,Rain,Video,2.0,6.0,100.0,35.73
User_199,50,199,4,2,76.37,0.385,Rural,Fog,Sensor,3.0,6.0,100.0,32.07
User_200,50,200,1,1,33.48,0.825,Rural,Clear,Emergency,2.0,1.0,95.5,27.38
User_201,50,201,4,0,47.9,0.309,Urban,Fog,Text,4.0,3.0,100.0,32.07
User_202,50,202,7,1,28.73,0.574,Rural,Fog,Video,1.0,5.0,25.67,28.47
User_203,50,203,0,0,50.3,0.455,Urban,Clear,Video,3.0,1.0,95.5,19.33
User_204,50,204,1,3,49.21,0.287,Highway,Clear,Text,1.0,2.0,69.5,17.78
User_205,50,205,6,0,17.43,0.942,Highway,Rain,Text,5.0,3.0,100.0,26.65
User_206,50,206,6,2,63.02,0.44,Urban,Fog,Sensor,2.0,6.0,100.0,29.49
